<?xml version="1.0" encoding="UTF-8" standalone="yes"?>
<addon id="script.module.ytpsearch" name="YouTube Playlist Search" version="0.0.3" provider-name="MuadDib">
  <requires>
    <import addon="xbmc.python" version="2.1.0"/>
    <import addon="plugin.video.youtube"/>
  </requires>
  <extension point="xbmc.python.module" library="lib" />
  <extension point="xbmc.addon.metadata">
    <language>en</language>
    <summary lang="en">Searches passed playlists on YouTube for matching content</summary>
    <description lang="en"></description>
    <disclaimer lang="en">The author does not own or host any content found within this Addon. The author is not connected to or in any other way affiliated with Kodi, Team Kodi, or the XBMC Foundation.</disclaimer>
    <platform>all</platform>
  </extension>
</addon>