<?xml version="1.0" encoding="UTF-8"?>
<window id="1115" type="dialog">
	<defaultcontrol always="true">90200</defaultcontrol>
	<coordinates>
		<system>1</system>
		<left>199</left>
		<top>210</top>
	</coordinates>
	<zorder>5</zorder>
	<include>DialogOpenCloseAnimation</include>
	<controls>
		<control type="image">
			<description>background image</description>
			<width>1522</width>
			<height>660</height>
			<texture border="40">dialogs/default/bg.png</texture>
		</control>
		<control type="label" id="2">
			<description>header label</description>
			<left>30</left>
			<top>32</top>
			<width>1462</width>
			<height>40</height>
			<font>font15_title</font>
			<label>19181</label>
			<align>center</align>
			<textcolor>dialogheader</textcolor>
		</control>
		<control type="grouplist" id="90200">
			<description>control area</description>
			<left>33</left>
			<top>88</top>
			<width>1452</width>
			<height>540</height>
			<pagecontrol>6</pagecontrol>
			<onup>90200</onup>
			<ondown>90200</ondown>
			<onleft>6</onleft>
			<onright>6</onright>
			<!-- <control type="radiobutton" id="90207">
				<description>Alternate VideoOSD</description>
				<width>1452</width>
				<label>Alternate OSD</label>
				<onclick>Skin.ToggleSetting(AlternateVideoOSD)</onclick>
				<selected>Skin.HasSetting(AlternateVideoOSD)</selected>
			</control> -->
			<control type="radiobutton" id="90207">
				<width>1452</width>
				<label>$LOCALIZE[31394]</label>
				<onclick>Skin.ToggleSetting(Enable.UsePausedOverlay)</onclick>
				<selected>Skin.HasSetting(Enable.UsePausedOverlay)</selected>
				<texturenofocus border="1">separator5.png</texturenofocus>
			</control>
			<control type="radiobutton" id="90201">
				<width>1452</width>
				<label>$LOCALIZE[31351]</label>
				<onclick>Skin.ToggleSetting(Disable.Netflix.Pause)</onclick>
				<selected>!Skin.HasSetting(Disable.Netflix.Pause)</selected>
				<texturenofocus border="1">separator5.png</texturenofocus>
			</control>
			<control type="radiobutton" id="90202">
				<description>Plot/Cast</description>
				<width>1452</width>
				<label>$LOCALIZE[31602]</label>
				<onclick>Skin.ToggleSetting(ShowPlotCast)</onclick>
				<selected>Skin.HasSetting(ShowPlotCast)</selected>
				<visible>!Skin.HasSetting(Enable.UsePausedOverlay)</visible>
			</control>
			<control type="button" id="90203">
				<description>Clearart/clearlogo/poster</description>
				<width>1452</width>
				<label>$LOCALIZE[31223]</label>
				<label2>[COLOR $VAR[ThemeLabelColor]]$VAR[VideoFullscreenImagesLabelVar][/COLOR]</label2>
				<onclick>$VAR[VideoFullscreenImagesOnClickVar]</onclick>
				<visible>!Skin.HasSetting(Enable.UsePausedOverlay)</visible>
			</control>
			<control type="button" id="90204">
				<description>Seekbar time format</description>
				<width>1452</width>
				<label>$LOCALIZE[31224]</label>
				<label2>[COLOR $VAR[ThemeLabelColor]]$VAR[OSDRightLabelOnDownLabelVar][/COLOR]</label2>
				<onclick>$VAR[OSDRightLabelOnDownVar]</onclick>
			</control>
			<control type="button" id="90205">
				<description>Player time remaining label</description>
				<width>1452</width>
				<label>$LOCALIZE[31225]</label>
				<label2>[COLOR $VAR[ThemeLabelColor]]$VAR[PlayerTimeRemainingOnUpLabelVar][/COLOR]</label2>
				<onclick>$VAR[PlayerTimeRemainingOnUpVar]</onclick>
				<visible>!Skin.HasSetting(Enable.UsePausedOverlay)</visible>
			</control>
			<control type="radiobutton" id="90206">
				<description>Hide Player Control Buttons</description>
				<width>1452</width>
				<label>$LOCALIZE[31266]</label>
				<onclick>Skin.ToggleSetting(Disable.PlayerControlButtons)</onclick>
				<selected>Skin.HasSetting(Disable.PlayerControlButtons)</selected>
			</control>
		</control>
		<control type="scrollbar" id="6">
			<left>1480</left>
			<top>88</top>
			<width>8</width>
			<height>540</height>
			<texturesliderbackground />
			<texturesliderbar colordiffuse="55ffffff" border="1">scrollbar/texturesliderbar2.png</texturesliderbar>
			<texturesliderbarfocus border="1">scrollbar/texturesliderbar2.png</texturesliderbarfocus>
			<onleft>90200</onleft>
			<onright>90200</onright>
			<showonepage>false</showonepage>
			<orientation>vertical</orientation>
		</control>
	</controls>
</window>