<?xml version="1.0" encoding="UTF-8" standalone="yes"?>
<addon id="resource.images.weatherfanart.tantrum" name="Tantrum.TV Weather Fanart" version="1.0.0" provider-name="MuadDib">
    <extension point="kodi.resource.images" compile="false" type="weather" />
    <requires>
        <import addon="kodi.resource" version="1.0.0"/>
    </requires>
    <extension point="xbmc.addon.metadata">
        <summary lang="en">Tantrum.TV Weather Image Set</summary>
        <description lang="en">This is an image set to replace the default weather icons/images used in Kodi</description>
        <disclaimer lang="en">The author does not own or host any content found within this Addon. The author is not connected to or in any other way affiliated with Kodi, Team Kodi, or the XBMC Foundation.</disclaimer>
        <platform>all</platform>
    </extension>
</addon>
