<item>
    <title>Arachnophobia</title>
    <meta>
        <imdb>tt0099052</imdb>
        <content>movie</content>
        <title>Arachnophobia</title>
        <year>1990</year>
    </meta>
    <link>
        <sublink>search</sublink>
        <sublink>searchsd</sublink>
    </link>
    <thumbnail>https://image.tmdb.org/t/p/w1280//pz4TWF3r6xqXN41Iqsjbf06rAQs.jpg</thumbnail>
    <fanart>https://image.tmdb.org/t/p/w1280//aTmy0jh3QZwEyD18QFYDac29dl6.jpg</fanart>
</item>
<item>
    <title>Baby Blood</title>
    <meta>
        <imdb>tt0096871</imdb>
        <content>movie</content>
        <title>Baby Blood</title>
        <year>1990</year>
    </meta>
    <link>
        <sublink>search</sublink>
        <sublink>searchsd</sublink>
    </link>
    <thumbnail>https://image.tmdb.org/t/p/w1280//rXmcJgo8dWexbcHO4uKeyz4ARgX.jpg</thumbnail>
    <fanart>https://image.tmdb.org/t/p/w1280//kZD7pm1ktSOLqhJkqpyLMhqOkiY.jpg</fanart>
</item>
<item>
    <title>Bandh Darwaza</title>
    <meta>
        <imdb>tt0259877</imdb>
        <content>movie</content>
        <title>Bandh Darwaza</title>
        <year>1990</year>
    </meta>
    <link>
        <sublink>search</sublink>
        <sublink>searchsd</sublink>
    </link>
    <thumbnail>https://image.tmdb.org/t/p/w1280//oQGQ7ZxZHStRhKyt1yWpMJAN6JT.jpg</thumbnail>
    <fanart>https://image.tmdb.org/t/p/w1280//2fpSl6j3NDQUALOEjdasn3Y1ihP.jpg</fanart>
</item>
<item>
    <title>Basket Case 2</title>
    <meta>
        <imdb>tt0099108</imdb>
        <content>movie</content>
        <title>Basket Case 2</title>
        <year>1990</year>
    </meta>
    <link>
        <sublink>search</sublink>
        <sublink>searchsd</sublink>
    </link>
    <thumbnail>https://image.tmdb.org/t/p/w1280//en6bJ7pYDvvQaVmSoVvZ1ZepkAV.jpg</thumbnail>
    <fanart>https://image.tmdb.org/t/p/w1280//em0i2yVsfxZ0PgHKOFvPCayrvQ0.jpg</fanart>
</item>
<item>
    <title>Begotten</title>
    <meta>
        <imdb>tt0101420</imdb>
        <content>movie</content>
        <title>Begotten</title>
        <year>1990</year>
    </meta>
    <link>
        <sublink>search</sublink>
        <sublink>searchsd</sublink>
    </link>
    <thumbnail>https://image.tmdb.org/t/p/w1280//zMblKkXheWIzwrnKlUIWEX1eq4E.jpg</thumbnail>
    <fanart>https://image.tmdb.org/t/p/w1280//5SfndOeIvT5MARImFmFycXrCWrq.jpg</fanart>
</item>
<item>
    <title>Bloodmoon</title>
    <meta>
        <imdb>tt0096954</imdb>
        <content>movie</content>
        <title>Bloodmoon</title>
        <year>1990</year>
    </meta>
    <link>
        <sublink>search</sublink>
        <sublink>searchsd</sublink>
    </link>
    <thumbnail>https://image.tmdb.org/t/p/w1280//5VNl8wuzFQ8xfpUIpf7TVMqdZhB.jpg</thumbnail>
    <fanart/>
</item>
<item>
    <title>Brain Dead</title>
    <meta>
        <imdb>tt0099173</imdb>
        <content>movie</content>
        <title>Brain Dead</title>
        <year>1990</year>
    </meta>
    <link>
        <sublink>search</sublink>
        <sublink>searchsd</sublink>
    </link>
    <thumbnail>https://image.tmdb.org/t/p/w1280//A5EaTi63r7BDCbUZtjbKHmNpEZp.jpg</thumbnail>
    <fanart>https://image.tmdb.org/t/p/w1280//5cw1EaqRx51KKIiJsL80yUj8ZP9.jpg</fanart>
</item>
<item>
    <title>Bride of Re-Animator</title>
    <meta>
        <imdb>tt0099180</imdb>
        <content>movie</content>
        <title>Bride of Re-Animator</title>
        <year>1989</year>
    </meta>
    <link>
        <sublink>search</sublink>
        <sublink>searchsd</sublink>
    </link>
    <thumbnail>https://image.tmdb.org/t/p/w1280//l3cf2OQdozsvr2dk30QQrVvtPcW.jpg</thumbnail>
    <fanart>https://image.tmdb.org/t/p/w1280//oi39dd5OxWkFADMpklXzKeTo1WA.jpg</fanart>
</item>
<item>
    <title>Buried Alive</title>
    <meta>
        <imdb>tt0099188</imdb>
        <content>movie</content>
        <title>Buried Alive</title>
        <year>1990</year>
    </meta>
    <link>
        <sublink>search</sublink>
        <sublink>searchsd</sublink>
    </link>
    <thumbnail>https://image.tmdb.org/t/p/w1280//zV3VdIYGxXL85rbHfAZl55NbKdN.jpg</thumbnail>
    <fanart>https://image.tmdb.org/t/p/w1280//36OIdiLbw9gmz9GBY29oULU5mvF.jpg</fanart>
</item>
<item>
    <title>Child's Play 2</title>
    <meta>
        <imdb>tt0099253</imdb>
        <content>movie</content>
        <title>Child's Play 2</title>
        <year>1990</year>
    </meta>
    <link>
        <sublink>search</sublink>
        <sublink>searchsd</sublink>
    </link>
    <thumbnail>https://image.tmdb.org/t/p/w1280//xy0qUntbDOVgiTDvSIFlSM3MMzP.jpg</thumbnail>
    <fanart>https://image.tmdb.org/t/p/w1280//o7hjG7ADpNc2HCnv4SjQmxi72N5.jpg</fanart>
</item>
<item>
    <title>The Dark Side of The Moon</title>
    <meta>
        <imdb>tt0099364</imdb>
        <content>movie</content>
        <title>The Dark Side of The Moon</title>
        <year>1990</year>
    </meta>
    <link>
        <sublink>search</sublink>
        <sublink>searchsd</sublink>
    </link>
    <thumbnail>https://image.tmdb.org/t/p/w1280//1QacnwQQHEERUjRuoKE2VTlxK3v.jpg</thumbnail>
    <fanart>https://image.tmdb.org/t/p/w1280//9Ws17bqbvDGUJ7TXWErsvSaV3LT.jpg</fanart>
</item>
<item>
    <title>Darkman</title>
    <meta>
        <imdb>tt0099365</imdb>
        <content>movie</content>
        <title>Darkman</title>
        <year>1990</year>
    </meta>
    <link>
        <sublink>search</sublink>
        <sublink>searchsd</sublink>
    </link>
    <thumbnail>https://image.tmdb.org/t/p/w1280//hHEliLwA6NVJQUBKshzweG7GG1S.jpg</thumbnail>
    <fanart>https://image.tmdb.org/t/p/w1280//4zoodyjlqvu8HaH6GASNuoXhmBv.jpg</fanart>
</item>
<item>
    <title>Daughter of Darkness</title>
    <meta>
        <imdb>tt0099368</imdb>
        <content>movie</content>
        <title>Daughter of Darkness</title>
        <year>1990</year>
    </meta>
    <link>
        <sublink>search</sublink>
        <sublink>searchsd</sublink>
    </link>
    <thumbnail>https://image.tmdb.org/t/p/w1280//itI9vuavkkiVLEpfitgrWaBTCwI.jpg</thumbnail>
    <fanart>https://image.tmdb.org/t/p/w1280//7txuxdmA4nLGgfD4UQjtsv5eDuL.jpg</fanart>
</item>
<item>
    <title>Def by Temptation</title>
    <meta>
        <imdb>tt0099395</imdb>
        <content>movie</content>
        <title>Def by Temptation</title>
        <year>1990</year>
    </meta>
    <link>
        <sublink>search</sublink>
        <sublink>searchsd</sublink>
    </link>
    <thumbnail>https://image.tmdb.org/t/p/w1280//cC96OjOeYXmBF6RuePlxA709tkz.jpg</thumbnail>
    <fanart/>
</item>
<item>
    <title>Two Evil Eyes</title>
    <meta>
        <imdb>tt0100827</imdb>
        <content>movie</content>
        <title>Two Evil Eyes</title>
        <year>1990</year>
    </meta>
    <link>
        <sublink>search</sublink>
        <sublink>searchsd</sublink>
    </link>
    <thumbnail>https://image.tmdb.org/t/p/w1280//m1lm0TpcNIFoNvKxMJDcCVgst2t.jpg</thumbnail>
    <fanart>https://image.tmdb.org/t/p/w1280//l1hg0AQR0U1dlg1vzKjJ1xThwYk.jpg</fanart>
</item>
<item>
    <title>The Exorcist III</title>
    <meta>
        <imdb>tt0099528</imdb>
        <content>movie</content>
        <title>The Exorcist III</title>
        <year>1990</year>
    </meta>
    <link>
        <sublink>search</sublink>
        <sublink>searchsd</sublink>
    </link>
    <thumbnail>https://image.tmdb.org/t/p/w1280//xU1mJq4AihDXAhEmdOmCgPCy1li.jpg</thumbnail>
    <fanart>https://image.tmdb.org/t/p/w1280//be0nR66qvr539GN2n8wVz78SqaC.jpg</fanart>
</item>
<item>
    <title>The First Power</title>
    <meta>
        <imdb>tt0099578</imdb>
        <content>movie</content>
        <title>The First Power</title>
        <year>1990</year>
    </meta>
    <link>
        <sublink>search</sublink>
        <sublink>searchsd</sublink>
    </link>
    <thumbnail>https://image.tmdb.org/t/p/w1280//icnsl44uYXyiArcRiSSMwseKtzx.jpg</thumbnail>
    <fanart>https://image.tmdb.org/t/p/w1280//mB2n4MwxT9GCuJIzlmLJGQnfis8.jpg</fanart>
</item>
<item>
    <title>Flatliners</title>
    <meta>
        <imdb>tt0099582</imdb>
        <content>movie</content>
        <title>Flatliners</title>
        <year>1990</year>
    </meta>
    <link>
        <sublink>search</sublink>
        <sublink>searchsd</sublink>
    </link>
    <thumbnail>https://image.tmdb.org/t/p/w1280//3CoUzgCU8kR2UCXovrvfNAjvWkI.jpg</thumbnail>
    <fanart>https://image.tmdb.org/t/p/w1280//pXzuGjVkfTNfLBEpYJWrS4AluRY.jpg</fanart>
</item>
<item>
    <title>Frankenhooker</title>
    <meta>
        <imdb>tt0099611</imdb>
        <content>movie</content>
        <title>Frankenhooker</title>
        <year>1990</year>
    </meta>
    <link>
        <sublink>search</sublink>
        <sublink>searchsd</sublink>
    </link>
    <thumbnail>https://image.tmdb.org/t/p/w1280//xWgH2ZdAioz3SqmgHNED3jxy0xN.jpg</thumbnail>
    <fanart>https://image.tmdb.org/t/p/w1280//wuOhxF4Y3eHXFTv31tzBl0B0ewu.jpg</fanart>
</item>
<item>
    <title>Graveyard Shift</title>
    <meta>
        <imdb>tt0099697</imdb>
        <content>movie</content>
        <title>Graveyard Shift</title>
        <year>1990</year>
    </meta>
    <link>
        <sublink>search</sublink>
        <sublink>searchsd</sublink>
    </link>
    <thumbnail>https://image.tmdb.org/t/p/w1280//iGeeKNiYQNFSZOXic3Y1euhGY4S.jpg</thumbnail>
    <fanart>https://image.tmdb.org/t/p/w1280//exXsrSUJaCzeShVrFR8FxrJQCb0.jpg</fanart>
</item>
<item>
    <title>Gremlins 2: The New Batch</title>
    <meta>
        <imdb>tt0099700</imdb>
        <content>movie</content>
        <title>Gremlins 2: The New Batch</title>
        <year>1990</year>
    </meta>
    <link>
        <sublink>search</sublink>
        <sublink>searchsd</sublink>
    </link>
    <thumbnail>https://image.tmdb.org/t/p/w1280//mkWD9W27JYmQPbgcryPBdI2cF4r.jpg</thumbnail>
    <fanart>https://image.tmdb.org/t/p/w1280//zJTOsSw65H6hdNZq8gWMcmGm81t.jpg</fanart>
</item>
<item>
    <title>Grim Prairie Tales</title>
    <meta>
        <imdb>tt0099704</imdb>
        <content>movie</content>
        <title>Grim Prairie Tales</title>
        <year>1990</year>
    </meta>
    <link>
        <sublink>search</sublink>
        <sublink>searchsd</sublink>
    </link>
    <thumbnail>https://image.tmdb.org/t/p/w1280//zPZ645TsPB5pLfK4vHsjtFwrfgP.jpg</thumbnail>
    <fanart>https://image.tmdb.org/t/p/w1280//oozhxfNv2RufXX3rbJ7IIUdr803.jpg</fanart>
</item>
<item>
    <title>Hardware</title>
    <meta>
        <imdb>tt0099740</imdb>
        <content>movie</content>
        <title>Hardware</title>
        <year>1990</year>
    </meta>
    <link>
        <sublink>search</sublink>
        <sublink>searchsd</sublink>
    </link>
    <thumbnail>https://image.tmdb.org/t/p/w1280//nsFm5xniViTVr1oVUpKmgvlAOEA.jpg</thumbnail>
    <fanart>https://image.tmdb.org/t/p/w1280//9e5e7dJTMxQeF7zNx0CiJmxXE1I.jpg</fanart>
</item>
<item>
    <title>I Bought a Vampire Motorcycle</title>
    <meta>
        <imdb>tt0097550</imdb>
        <content>movie</content>
        <title>I Bought a Vampire Motorcycle</title>
        <year>1990</year>
    </meta>
    <link>
        <sublink>search</sublink>
        <sublink>searchsd</sublink>
    </link>
    <thumbnail>https://image.tmdb.org/t/p/w1280//sqFR2V4CpZNOw7j2OAUbvBmNrkO.jpg</thumbnail>
    <fanart>https://image.tmdb.org/t/p/w1280//arxfsmqLpdQ2eDMFMCmz60YQwiH.jpg</fanart>
</item>
<item>
    <title>I'm Dangerous Tonight</title>
    <meta>
        <imdb>tt0099822</imdb>
        <content>movie</content>
        <title>I'm Dangerous Tonight</title>
        <year>1990</year>
    </meta>
    <link>
        <sublink>search</sublink>
        <sublink>searchsd</sublink>
    </link>
    <thumbnail>https://image.tmdb.org/t/p/w1280//wN0WP4oyzj5ExVf5i3PNHDuwref.jpg</thumbnail>
    <fanart>https://image.tmdb.org/t/p/w1280//xx7ur64zojKEtyUfKBkZvojCURQ.jpg</fanart>
</item>
<item>
    <title>Initiation: Silent Night, Deadly Night 4</title>
    <meta>
        <imdb>tt0100618</imdb>
        <content>movie</content>
        <title>Initiation: Silent Night, Deadly Night 4</title>
        <year>1990</year>
    </meta>
    <link>
        <sublink>search</sublink>
        <sublink>searchsd</sublink>
    </link>
    <thumbnail>https://image.tmdb.org/t/p/w1280//28TM806gBGAVUnBhwG2wVsm1sId.jpg</thumbnail>
    <fanart>https://image.tmdb.org/t/p/w1280//j4qzbQ8A52kvmAieaCiCzCxnqtP.jpg</fanart>
</item>
<dir>
    <title>It</title>
    <meta>
        <imdb>tt0099864</imdb>
        <content>tvshow</content>
        <tvshowtitle>It</tvshowtitle>
        <year>1990</year>
    </meta>
    <link>tmdb_tv_show(19614, 1990, It)</link>
    <thumbnail>https://image.tmdb.org/t/p/w1280//o3uwaF1zmarUiGYiIDY0OKZ4gdp.jpg</thumbnail>
    <fanart>https://image.tmdb.org/t/p/w1280//1ot3DeWBHaI3cbfQtqZqOI1VoPI.jpg</fanart>
</dir>
<item>
    <title>Jacob's Ladder</title>
    <meta>
        <imdb>tt0099871</imdb>
        <content>movie</content>
        <title>Jacob's Ladder</title>
        <year>1990</year>
    </meta>
    <link>
        <sublink>search</sublink>
        <sublink>searchsd</sublink>
    </link>
    <thumbnail>https://image.tmdb.org/t/p/w1280//2Byg7AV91LF7pfByz4ZMvnkZnH7.jpg</thumbnail>
    <fanart>https://image.tmdb.org/t/p/w1280//xahHn2vJFHgqXUdFcG83rE7crFh.jpg</fanart>
</item>
<item>
    <title>Leatherface: The Texas Chainsaw Massacre III</title>
    <meta>
        <imdb>tt0099994</imdb>
        <content>movie</content>
        <title>Leatherface: The Texas Chainsaw Massacre III</title>
        <year>1990</year>
    </meta>
    <link>
        <sublink>search</sublink>
        <sublink>searchsd</sublink>
    </link>
    <thumbnail>https://image.tmdb.org/t/p/w1280//6NmMY1e7P9bkb0I1srDuV6fjIzt.jpg</thumbnail>
    <fanart>https://image.tmdb.org/t/p/w1280//atO6sOpvD68ooQHKWtMyaXKHYxb.jpg</fanart>
</item>
<item>
    <title>Maniac Cop 2</title>
    <meta>
        <imdb>tt0100107</imdb>
        <content>movie</content>
        <title>Maniac Cop 2</title>
        <year>1990</year>
    </meta>
    <link>
        <sublink>search</sublink>
        <sublink>searchsd</sublink>
    </link>
    <thumbnail>https://image.tmdb.org/t/p/w1280//wsgqF4PnIm64H6c34A070GcwM08.jpg</thumbnail>
    <fanart>https://image.tmdb.org/t/p/w1280//tqO0ZXdch36mMm2AhWngMKJTj9r.jpg</fanart>
</item>
<item>
    <title>Mirror Mirror</title>
    <meta>
        <imdb>tt0100156</imdb>
        <content>movie</content>
        <title>Mirror Mirror</title>
        <year>1990</year>
    </meta>
    <link>
        <sublink>search</sublink>
        <sublink>searchsd</sublink>
    </link>
    <thumbnail>https://image.tmdb.org/t/p/w1280//1lWhG9UZ1kITYnCxPwTFC3pOqSJ.jpg</thumbnail>
    <fanart>https://image.tmdb.org/t/p/w1280//aX2lpGOEehRucI9HhBknrXBf6Rr.jpg</fanart>
</item>
<item>
    <title>Misery</title>
    <meta>
        <imdb>tt0100157</imdb>
        <content>movie</content>
        <title>Misery</title>
        <year>1990</year>
    </meta>
    <link>
        <sublink>search</sublink>
        <sublink>searchsd</sublink>
    </link>
    <thumbnail>https://image.tmdb.org/t/p/w1280//s0Ot5zUmVF1jSN9WpBHRafvUPld.jpg</thumbnail>
    <fanart>https://image.tmdb.org/t/p/w1280//43HsIo5PPMIs42tmtNmqiuJVSNR.jpg</fanart>
</item>
<item>
    <title>The Night Brings Charlie</title>
    <meta>
        <imdb>tt0100248</imdb>
        <content>movie</content>
        <title>The Night Brings Charlie</title>
        <year>1990</year>
    </meta>
    <link>
        <sublink>search</sublink>
        <sublink>searchsd</sublink>
    </link>
    <thumbnail>https://image.tmdb.org/t/p/w1280//A6SWBQUQ2abVqahqWxFS105X9Wq.jpg</thumbnail>
    <fanart/>
</item>
<item>
    <title>Night of the Living Dead</title>
    <meta>
        <imdb>tt0100258</imdb>
        <content>movie</content>
        <title>Night of the Living Dead</title>
        <year>1990</year>
    </meta>
    <link>
        <sublink>search</sublink>
        <sublink>searchsd</sublink>
    </link>
    <thumbnail>https://image.tmdb.org/t/p/w1280//isp4lCv08asTPNvv8Xe8oQK293n.jpg</thumbnail>
    <fanart>https://image.tmdb.org/t/p/w1280//zjPJyC3iP8XeBJmexxVzzOmCm6b.jpg</fanart>
</item>
<item>
    <title>Nightbreed</title>
    <meta>
        <imdb>tt0100260</imdb>
        <content>movie</content>
        <title>Nightbreed</title>
        <year>1990</year>
    </meta>
    <link>
        <sublink>search</sublink>
        <sublink>searchsd</sublink>
    </link>
    <thumbnail>https://image.tmdb.org/t/p/w1280//d9T7jZmyXr5htsDtqipveqmKbAa.jpg</thumbnail>
    <fanart>https://image.tmdb.org/t/p/w1280//ziIeKtCZpjNXoEmgHpdDKY1Zy7C.jpg</fanart>
</item>
<item>
    <title>Pledge Night</title>
    <meta>
        <imdb>tt0095878</imdb>
        <content>movie</content>
        <title>Pledge Night</title>
        <year>1990</year>
    </meta>
    <link>
        <sublink>search</sublink>
        <sublink>searchsd</sublink>
    </link>
    <thumbnail>https://image.tmdb.org/t/p/w1280//v8cXRePxRnLRb4LCt7iNGM0NTvU.jpg</thumbnail>
    <fanart>https://image.tmdb.org/t/p/w1280//radLXb1K8h4beMYVz84YActKwMO.jpg</fanart>
</item>
<item>
    <title>Predator 2</title>
    <meta>
        <imdb>tt0100403</imdb>
        <content>movie</content>
        <title>Predator 2</title>
        <year>1990</year>
    </meta>
    <link>
        <sublink>search</sublink>
        <sublink>searchsd</sublink>
    </link>
    <thumbnail>https://image.tmdb.org/t/p/w1280//4cAQgbIPislEeBJahLO5BsqAUZN.jpg</thumbnail>
    <fanart>https://image.tmdb.org/t/p/w1280//mo2kt9nOMw5CqOmXU1WZcVppKQK.jpg</fanart>
</item>
<item>
    <title>Psycho IV: The Beginning</title>
    <meta>
        <imdb>tt0102724</imdb>
        <content>movie</content>
        <title>Psycho IV: The Beginning</title>
        <year>1990</year>
    </meta>
    <link>
        <sublink>search</sublink>
        <sublink>searchsd</sublink>
    </link>
    <thumbnail>https://image.tmdb.org/t/p/w1280//hT58boMATgki1nzRNrUlKXMONVp.jpg</thumbnail>
    <fanart>https://image.tmdb.org/t/p/w1280//wLshdSSgdAt3GYz5dDZsJl0bcw6.jpg</fanart>
</item>
<item>
    <title>The Reflecting Skin</title>
    <meta>
        <imdb>tt0100469</imdb>
        <content>movie</content>
        <title>The Reflecting Skin</title>
        <year>1990</year>
    </meta>
    <link>
        <sublink>search</sublink>
        <sublink>searchsd</sublink>
    </link>
    <thumbnail>https://image.tmdb.org/t/p/w1280//jw3c8vJY7oMd2iltFEfRy1KjN0L.jpg</thumbnail>
    <fanart>https://image.tmdb.org/t/p/w1280//gEAlPVSnD9tCShnbbLBKBJYx1VL.jpg</fanart>
</item>
<item>
    <title>Slumber Party Massacre III</title>
    <meta>
        <imdb>tt0100639</imdb>
        <content>movie</content>
        <title>Slumber Party Massacre III</title>
        <year>1990</year>
    </meta>
    <link>
        <sublink>search</sublink>
        <sublink>searchsd</sublink>
    </link>
    <thumbnail>https://image.tmdb.org/t/p/w1280//h6Uyoi3Ppb5viyTPVtx3ysO1xnp.jpg</thumbnail>
    <fanart>https://image.tmdb.org/t/p/w1280//81JGJRzKbzrhpTyJZUIoLfFBN85.jpg</fanart>
</item>
<item>
    <title>Sorority House Massacre II</title>
    <meta>
        <imdb>tt0100663</imdb>
        <content>movie</content>
        <title>Sorority House Massacre II</title>
        <year>1990</year>
    </meta>
    <link>
        <sublink>search</sublink>
        <sublink>searchsd</sublink>
    </link>
    <thumbnail>https://image.tmdb.org/t/p/w1280//h6cCCjnU2MsvMYucg3VQwvyUnqE.jpg</thumbnail>
    <fanart>https://image.tmdb.org/t/p/w1280//1xUXtX9WaznIq0tJpUBny1zEEfH.jpg</fanart>
</item>
<item>
    <title>Syngenor</title>
    <meta>
        <imdb>tt0100728</imdb>
        <content>movie</content>
        <title>Syngenor</title>
        <year>1990</year>
    </meta>
    <link>
        <sublink>search</sublink>
        <sublink>searchsd</sublink>
    </link>
    <thumbnail>https://image.tmdb.org/t/p/w1280//3RXDDfkSi440qkJjkauh1u7ZnXz.jpg</thumbnail>
    <fanart>https://image.tmdb.org/t/p/w1280//dC2yBfdENctsqlgO3YrNTIoIQJW.jpg</fanart>
</item>
<item>
    <title>Tales from the Darkside: The Movie</title>
    <meta>
        <imdb>tt0100740</imdb>
        <content>movie</content>
        <title>Tales from the Darkside: The Movie</title>
        <year>1990</year>
    </meta>
    <link>
        <sublink>search</sublink>
        <sublink>searchsd</sublink>
    </link>
    <thumbnail>https://image.tmdb.org/t/p/w1280//7IDTVLpSYGNYqLE2QnixboLOU32.jpg</thumbnail>
    <fanart>https://image.tmdb.org/t/p/w1280//op6AFGbt8a6bpesJKtV0XP8Yywn.jpg</fanart>
</item>
<item>
    <title>Tremors</title>
    <meta>
        <imdb>tt0100814</imdb>
        <content>movie</content>
        <title>Tremors</title>
        <year>1990</year>
    </meta>
    <link>
        <sublink>search</sublink>
        <sublink>searchsd</sublink>
    </link>
    <thumbnail>https://image.tmdb.org/t/p/w1280//cA4ggkZ3r1d5r9hOAUWC8x5ul2i.jpg</thumbnail>
    <fanart>https://image.tmdb.org/t/p/w1280//yUgmWnxcPYoonOQfrax5CfIYvDU.jpg</fanart>
</item>
<item>
    <title>Troll 2</title>
    <meta>
        <imdb>tt0105643</imdb>
        <content>movie</content>
        <title>Troll 2</title>
        <year>1990</year>
    </meta>
    <link>
        <sublink>search</sublink>
        <sublink>searchsd</sublink>
    </link>
    <thumbnail>https://image.tmdb.org/t/p/w1280//h03Huw7ZoyDrgBDc7GteshoJsnx.jpg</thumbnail>
    <fanart>https://image.tmdb.org/t/p/w1280//rtxkcRaD43piUrr9dQpwLiA6byh.jpg</fanart>
</item>
<item>
    <title>Cat in the Brain</title>
    <meta>
        <imdb>tt0099637</imdb>
        <content>movie</content>
        <title>Cat in the Brain</title>
        <year>1990</year>
    </meta>
    <link>
        <sublink>search</sublink>
        <sublink>searchsd</sublink>
    </link>
    <thumbnail>https://image.tmdb.org/t/p/w1280//3HOXC3LkTFlPzgG0rbNrFStSAJn.jpg</thumbnail>
    <fanart>https://image.tmdb.org/t/p/w1280//4xhWolNIPSfWkNIkPdsIx3aOY1W.jpg</fanart>
</item>
<item>
    <title>Watchers II</title>
    <meta>
        <imdb>tt0100904</imdb>
        <content>movie</content>
        <title>Watchers II</title>
        <year>1990</year>
    </meta>
    <link>
        <sublink>search</sublink>
        <sublink>searchsd</sublink>
    </link>
    <thumbnail>https://image.tmdb.org/t/p/w1280//stS5yyINeVns7YCyOuRv3INzRgr.jpg</thumbnail>
    <fanart>https://image.tmdb.org/t/p/w1280//jc9lsFVwXaLTGkcCDjYeFfprPNn.jpg</fanart>
</item>
<item>
    <title>Wheels of Terror</title>
    <meta>
        <imdb>tt0100917</imdb>
        <content>movie</content>
        <title>Wheels of Terror</title>
        <year>1990</year>
    </meta>
    <link>
        <sublink>search</sublink>
        <sublink>searchsd</sublink>
    </link>
    <thumbnail>https://image.tmdb.org/t/p/w1280//xCrJJgPVKIUQFSwyF7rxTJIAmVw.jpg</thumbnail>
    <fanart>https://image.tmdb.org/t/p/w1280//kE0kgAuKMwmW9swZB8qGWAhJzeJ.jpg</fanart>
</item>
<item>
    <title>Witchcraft II: The Temptress</title>
    <meta>
        <imdb>tt0100943</imdb>
        <content>movie</content>
        <title>Witchcraft II: The Temptress</title>
        <year>1990</year>
    </meta>
    <link>
        <sublink>search</sublink>
        <sublink>searchsd</sublink>
    </link>
    <thumbnail>https://image.tmdb.org/t/p/w1280//vWRdRBGbq55omcS4m61ZoXHc7Y3.jpg</thumbnail>
    <fanart/>
</item>
<item>
    <title>The Witches</title>
    <meta>
        <imdb>tt0100944</imdb>
        <content>movie</content>
        <title>The Witches</title>
        <year>1990</year>
    </meta>
    <link>
        <sublink>search</sublink>
        <sublink>searchsd</sublink>
    </link>
    <thumbnail>https://image.tmdb.org/t/p/w1280//kke639pfyxMNy8LekWSBVHbljeO.jpg</thumbnail>
    <fanart>https://image.tmdb.org/t/p/w1280//p9RUiryRT3nGrHZcgEidFRSpQXP.jpg</fanart>
</item>
