<item>
    <title>Amityville: A New Generation</title>
    <meta>
        <imdb>tt0106262</imdb>
        <content>movie</content>
        <title>Amityville: A New Generation</title>
        <year>1993</year>
    </meta>
    <link>
        <sublink>search</sublink>
        <sublink>searchsd</sublink>
    </link>
    <thumbnail>https://image.tmdb.org/t/p/w1280//Ks0GNi0ZSL2So5V9cRlNAm0K1f.jpg</thumbnail>
    <fanart>https://image.tmdb.org/t/p/w1280//nWnuGsopr2TwCt9Pxo5tXYnkqCI.jpg</fanart>
</item>
<item>
    <title>Attack of the 50 Ft. Woman</title>
    <meta>
        <imdb>tt0106317</imdb>
        <content>movie</content>
        <title>Attack of the 50 Ft. Woman</title>
        <year>1993</year>
    </meta>
    <link>
        <sublink>search</sublink>
        <sublink>searchsd</sublink>
    </link>
    <thumbnail>https://image.tmdb.org/t/p/w1280//bY6rPcaPCrSWvUO5C1E16BYsUMi.jpg</thumbnail>
    <fanart>https://image.tmdb.org/t/p/w1280//5IDb3pJH2boHoXSKmfr2MQ73TfQ.jpg</fanart>
</item>
<item>
    <title>Bedevil</title>
    <meta>
        <imdb>tt0106373</imdb>
        <content>movie</content>
        <title>Bedevil</title>
        <year>1993</year>
    </meta>
    <link>
        <sublink>search</sublink>
        <sublink>searchsd</sublink>
    </link>
    <thumbnail>https://image.tmdb.org/t/p/w1280//rGkO4332RYYeIkNGryfWvDaaSrE.jpg</thumbnail>
    <fanart/>
</item>
<item>
    <title>Bloodstone: Subspecies II</title>
    <meta>
        <imdb>tt0106436</imdb>
        <content>movie</content>
        <title>Bloodstone: Subspecies II</title>
        <year>1993</year>
    </meta>
    <link>
        <sublink>search</sublink>
        <sublink>searchsd</sublink>
    </link>
    <thumbnail>https://image.tmdb.org/t/p/w1280//gZb43aUWSALEFOJgx7t0er1P0kv.jpg</thumbnail>
    <fanart>https://image.tmdb.org/t/p/w1280//nk5LhOyN0XEfjihAWiEW7Z89vFY.jpg</fanart>
</item>
<item>
    <title>Body Bags</title>
    <meta>
        <imdb>tt0106449</imdb>
        <content>movie</content>
        <title>Body Bags</title>
        <year>1993</year>
    </meta>
    <link>
        <sublink>search</sublink>
        <sublink>searchsd</sublink>
    </link>
    <thumbnail>https://image.tmdb.org/t/p/w1280//5CNDkWS2u5nBWtxSIPOnNGssLxD.jpg</thumbnail>
    <fanart>https://image.tmdb.org/t/p/w1280//dNaZhBeV76hQ80KF3D1EjBTylTd.jpg</fanart>
</item>
<item>
    <title>Body Melt</title>
    <meta>
        <imdb>tt0106450</imdb>
        <content>movie</content>
        <title>Body Melt</title>
        <year>1994</year>
    </meta>
    <link>
        <sublink>search</sublink>
        <sublink>searchsd</sublink>
    </link>
    <thumbnail>https://image.tmdb.org/t/p/w1280//iLLkK47lb15N28pxR46CvBlDRqQ.jpg</thumbnail>
    <fanart>https://image.tmdb.org/t/p/w1280//m59QXtj9jgeLoXLgD8mIf3YUj9J.jpg</fanart>
</item>
<item>
    <title>Body Snatchers</title>
    <meta>
        <imdb>tt0106452</imdb>
        <content>movie</content>
        <title>Body Snatchers</title>
        <year>1993</year>
    </meta>
    <link>
        <sublink>search</sublink>
        <sublink>searchsd</sublink>
    </link>
    <thumbnail>https://image.tmdb.org/t/p/w1280//4GLnErLrLfban9JDCOsxB9Xeegq.jpg</thumbnail>
    <fanart>https://image.tmdb.org/t/p/w1280//8rjgIzDtLKucvg2u5zzFCyDFAnb.jpg</fanart>
</item>
<item>
    <title>Carnosaur</title>
    <meta>
        <imdb>tt0106521</imdb>
        <content>movie</content>
        <title>Carnosaur</title>
        <year>1993</year>
    </meta>
    <link>
        <sublink>search</sublink>
        <sublink>searchsd</sublink>
    </link>
    <thumbnail>https://image.tmdb.org/t/p/w1280//c5BRRRIbM7ZOhGHITbJGVpDpDi7.jpg</thumbnail>
    <fanart>https://image.tmdb.org/t/p/w1280//f0YLrOzjtUpVO0oMYLbLK4m3fqJ.jpg</fanart>
</item>
<item>
    <title>Children of the Corn II: The Final Sacrifice</title>
    <meta>
        <imdb>tt0106557</imdb>
        <content>movie</content>
        <title>Children of the Corn II: The Final Sacrifice</title>
        <year>1993</year>
    </meta>
    <link>
        <sublink>search</sublink>
        <sublink>searchsd</sublink>
    </link>
    <thumbnail>https://image.tmdb.org/t/p/w1280//9rTfoxrfQTW0ckNWVYrrR38Ztym.jpg</thumbnail>
    <fanart>https://image.tmdb.org/t/p/w1280//o2lvPXjltJBDqYxnYE52fYIEoUX.jpg</fanart>
</item>
<item>
    <title>Cronos</title>
    <meta>
        <imdb>tt0104029</imdb>
        <content>movie</content>
        <title>Cronos</title>
        <year>1993</year>
    </meta>
    <link>
        <sublink>search</sublink>
        <sublink>searchsd</sublink>
    </link>
    <thumbnail>https://image.tmdb.org/t/p/w1280//6ZgqGgguuKU0Ba2aQOjzikbwnNQ.jpg</thumbnail>
    <fanart>https://image.tmdb.org/t/p/w1280//zcMJL31W31a0MHYr7HELl7dza78.jpg</fanart>
</item>
<item>
    <title>The Dark Half</title>
    <meta>
        <imdb>tt0106664</imdb>
        <content>movie</content>
        <title>The Dark Half</title>
        <year>1993</year>
    </meta>
    <link>
        <sublink>search</sublink>
        <sublink>searchsd</sublink>
    </link>
    <thumbnail>https://image.tmdb.org/t/p/w1280//x9ROx7QrJkMK7vet6uhsgrM4Y8Z.jpg</thumbnail>
    <fanart>https://image.tmdb.org/t/p/w1280//xW6U2KXOo7hB1tRAmV01960SIYF.jpg</fanart>
</item>
<item>
    <title>Dark Universe</title>
    <meta>
        <imdb>tt0106666</imdb>
        <content>movie</content>
        <title>Dark Universe</title>
        <year>1993</year>
    </meta>
    <link>
        <sublink>search</sublink>
        <sublink>searchsd</sublink>
    </link>
    <thumbnail>https://image.tmdb.org/t/p/w1280//ql93yUsFEufj8cb63kuG8JPlfs5.jpg</thumbnail>
    <fanart>https://image.tmdb.org/t/p/w1280//3q35VJP2zb9pYBXfy7hQUw5W4ml.jpg</fanart>
</item>
<item>
    <title>Dollman vs. Demonic Toys</title>
    <meta>
        <imdb>tt0106743</imdb>
        <content>movie</content>
        <title>Dollman vs. Demonic Toys</title>
        <year>1993</year>
    </meta>
    <link>
        <sublink>search</sublink>
        <sublink>searchsd</sublink>
    </link>
    <thumbnail>https://image.tmdb.org/t/p/w1280//qzXWJVsWzjZU2M6tAj6lCavWnnC.jpg</thumbnail>
    <fanart>https://image.tmdb.org/t/p/w1280//eVwu0hRiRM1VSCmCXGy13bwWsyW.jpg</fanart>
</item>
<item>
    <title>Ed and His Dead Mother</title>
    <meta>
        <imdb>tt0106792</imdb>
        <content>movie</content>
        <title>Ed and His Dead Mother</title>
        <year>1993</year>
    </meta>
    <link>
        <sublink>search</sublink>
        <sublink>searchsd</sublink>
    </link>
    <thumbnail>https://image.tmdb.org/t/p/w1280//qBwBfyKAEEw0HLZmEjLO2owEDie.jpg</thumbnail>
    <fanart>https://image.tmdb.org/t/p/w1280//ewAHWSmIBlkBiUfp17UwWyQGyI2.jpg</fanart>
</item>
<item>
    <title>Evil Toons</title>
    <meta>
        <imdb>tt0099524</imdb>
        <content>movie</content>
        <title>Evil Toons</title>
        <year>1992</year>
    </meta>
    <link>
        <sublink>search</sublink>
        <sublink>searchsd</sublink>
    </link>
    <thumbnail>https://image.tmdb.org/t/p/w1280//gJffOdZIVP3A9Cr1iYoMJQykcHL.jpg</thumbnail>
    <fanart>https://image.tmdb.org/t/p/w1280//9bvz9FhYl6daVCKrnZ6n7sJn1OF.jpg</fanart>
</item>
<item>
    <title>Fire in the Sky</title>
    <meta>
        <imdb>tt0106912</imdb>
        <content>movie</content>
        <title>Fire in the Sky</title>
        <year>1993</year>
    </meta>
    <link>
        <sublink>search</sublink>
        <sublink>searchsd</sublink>
    </link>
    <thumbnail>https://image.tmdb.org/t/p/w1280//hnkSlNotn3otswZdtq3JlKe8AEW.jpg</thumbnail>
    <fanart>https://image.tmdb.org/t/p/w1280//sAvq9OhnKbSqSN4MgHlRTvq0qjs.jpg</fanart>
</item>
<item>
    <title>Frankenstein</title>
    <meta>
        <imdb>tt0021884</imdb>
        <content>movie</content>
        <title>Frankenstein</title>
        <year>1931</year>
    </meta>
    <link>
        <sublink>search</sublink>
        <sublink>searchsd</sublink>
    </link>
    <thumbnail>https://image.tmdb.org/t/p/w1280//wB58wlBAr6484Wm6VyFDqSD8VOJ.jpg</thumbnail>
    <fanart>https://image.tmdb.org/t/p/w1280//nwmG8pQQ1xFAPZruYNnrnld2KMC.jpg</fanart>
</item>
<item>
    <title>Full Eclipse</title>
    <meta>
        <imdb>tt0106980</imdb>
        <content>movie</content>
        <title>Full Eclipse</title>
        <year>1993</year>
    </meta>
    <link>
        <sublink>search</sublink>
        <sublink>searchsd</sublink>
    </link>
    <thumbnail>https://image.tmdb.org/t/p/w1280//f2uo3pbiiIUYxZyr0FBxx98coU.jpg</thumbnail>
    <fanart>https://image.tmdb.org/t/p/w1280//gtn5nU39lLlkxP3g2i9GwKZWJxM.jpg</fanart>
</item>
<item>
    <title>Ghost in the Machine</title>
    <meta>
        <imdb>tt0107009</imdb>
        <content>movie</content>
        <title>Ghost in the Machine</title>
        <year>1993</year>
    </meta>
    <link>
        <sublink>search</sublink>
        <sublink>searchsd</sublink>
    </link>
    <thumbnail>https://image.tmdb.org/t/p/w1280//7vGIKfVdzCSZnSk6awKDE1bYvjg.jpg</thumbnail>
    <fanart>https://image.tmdb.org/t/p/w1280//ryaKHJRsctZmcy1LuHLQTSLrgKt.jpg</fanart>
</item>
<item>
    <title>The Good Son</title>
    <meta>
        <imdb>tt0107034</imdb>
        <content>movie</content>
        <title>The Good Son</title>
        <year>1993</year>
    </meta>
    <link>
        <sublink>search</sublink>
        <sublink>searchsd</sublink>
    </link>
    <thumbnail>https://image.tmdb.org/t/p/w1280//813ZVK1ox32vr3FexdTlv9PHFD6.jpg</thumbnail>
    <fanart>https://image.tmdb.org/t/p/w1280//kwd056hcmMluIPaQ427Rp4qlxbI.jpg</fanart>
</item>
<item>
    <title>Grey Knight</title>
    <meta>
        <imdb>tt0107319</imdb>
        <content>movie</content>
        <title>Grey Knight</title>
        <year>1993</year>
    </meta>
    <link>
        <sublink>search</sublink>
        <sublink>searchsd</sublink>
    </link>
    <thumbnail>https://image.tmdb.org/t/p/w1280//6jwppgjxgZAqAwm5NiRXWnN46oJ.jpg</thumbnail>
    <fanart/>
</item>
<item>
    <title>The Hidden II</title>
    <meta>
        <imdb>tt0110022</imdb>
        <content>movie</content>
        <title>The Hidden II</title>
        <year>1993</year>
    </meta>
    <link>
        <sublink>search</sublink>
        <sublink>searchsd</sublink>
    </link>
    <thumbnail>https://image.tmdb.org/t/p/w1280//zd09XgoDMrONnwYm3YBger1vFSR.jpg</thumbnail>
    <fanart>https://image.tmdb.org/t/p/w1280//kOKyR5Fxo9XzvajW1DR0SYP2UxD.jpg</fanart>
</item>
<item>
    <title>Hocus Pocus</title>
    <meta>
        <imdb>tt0107120</imdb>
        <content>movie</content>
        <title>Hocus Pocus</title>
        <year>1993</year>
    </meta>
    <link>
        <sublink>search</sublink>
        <sublink>searchsd</sublink>
    </link>
    <thumbnail>https://image.tmdb.org/t/p/w1280//4boIuVTbEYv9pynSj99jK5EezfA.jpg</thumbnail>
    <fanart>https://image.tmdb.org/t/p/w1280//tFNHw6u2UQ3jW1xuciD0mQmcLZn.jpg</fanart>
</item>
<item>
    <title>Jack Be Nimble</title>
    <meta>
        <imdb>tt0107242</imdb>
        <content>movie</content>
        <title>Jack Be Nimble</title>
        <year>1993</year>
    </meta>
    <link>
        <sublink>search</sublink>
        <sublink>searchsd</sublink>
    </link>
    <thumbnail>https://image.tmdb.org/t/p/w1280//ui8O5rSTqW7uXkyPOKm4yrBUxmn.jpg</thumbnail>
    <fanart/>
</item>
<item>
    <title>Jason Goes to Hell: The Final Friday</title>
    <meta>
        <imdb>tt0107254</imdb>
        <content>movie</content>
        <title>Jason Goes to Hell: The Final Friday</title>
        <year>1993</year>
    </meta>
    <link>
        <sublink>search</sublink>
        <sublink>searchsd</sublink>
    </link>
    <thumbnail>https://image.tmdb.org/t/p/w1280//8yLdCrD1Eh6eoGTIIQ4jNBFLkUb.jpg</thumbnail>
    <fanart>https://image.tmdb.org/t/p/w1280//rNqayZdhu5yCckGRjMsrpbsi55Z.jpg</fanart>
</item>
<item>
    <title>Leprechaun</title>
    <meta>
        <imdb>tt0107387</imdb>
        <content>movie</content>
        <title>Leprechaun</title>
        <year>1993</year>
    </meta>
    <link>
        <sublink>search</sublink>
        <sublink>searchsd</sublink>
    </link>
    <thumbnail>https://image.tmdb.org/t/p/w1280//2dsUS77eZIjWduahxqYtp3U0zS2.jpg</thumbnail>
    <fanart>https://image.tmdb.org/t/p/w1280//dI7hNqmofB4CrELGiZVkdiJnz21.jpg</fanart>
</item>
<item>
    <title>The Monster</title>
    <meta>
        <imdb>tt0260155</imdb>
        <content>movie</content>
        <title>The Monster</title>
        <year>1993</year>
    </meta>
    <link>
        <sublink>search</sublink>
        <sublink>searchsd</sublink>
    </link>
    <thumbnail>https://image.tmdb.org/t/p/w1280//8iatSZNfv5cOHYPSwIdQnOGnpBb.jpg</thumbnail>
    <fanart/>
</item>
<item>
    <title>Man's Best Friend</title>
    <meta>
        <imdb>tt0107504</imdb>
        <content>movie</content>
        <title>Man's Best Friend</title>
        <year>1993</year>
    </meta>
    <link>
        <sublink>search</sublink>
        <sublink>searchsd</sublink>
    </link>
    <thumbnail>https://image.tmdb.org/t/p/w1280//lmIEYfJdfB1pHroGkxc8m4CrIj6.jpg</thumbnail>
    <fanart>https://image.tmdb.org/t/p/w1280//vBlYXpgVVcBUOWxQcizI9v9ZSJ.jpg</fanart>
</item>
<item>
    <title>Maniac Cop 3: Badge of Silence</title>
    <meta>
        <imdb>tt0104808</imdb>
        <content>movie</content>
        <title>Maniac Cop 3: Badge of Silence</title>
        <year>1993</year>
    </meta>
    <link>
        <sublink>search</sublink>
        <sublink>searchsd</sublink>
    </link>
    <thumbnail>https://image.tmdb.org/t/p/w1280//s7NU9CJx1usJWlTLIxxBVcfDeL.jpg</thumbnail>
    <fanart>https://image.tmdb.org/t/p/w1280//zH2MaUkbqaGG49Xa0UkQagbI1Ku.jpg</fanart>
</item>
<item>
    <title>Midnight 2</title>
    <meta>
        <imdb>tt0107568</imdb>
        <content>movie</content>
        <title>Midnight 2</title>
        <year>1993</year>
    </meta>
    <link>
        <sublink>search</sublink>
        <sublink>searchsd</sublink>
    </link>
    <thumbnail>https://image.tmdb.org/t/p/w1280//84o1zJZW4QSLUSXz7msfYNJtEGM.jpg</thumbnail>
    <fanart/>
</item>
<item>
    <title>My Boyfriend's Back</title>
    <meta>
        <imdb>tt0107626</imdb>
        <content>movie</content>
        <title>My Boyfriend's Back</title>
        <year>1993</year>
    </meta>
    <link>
        <sublink>search</sublink>
        <sublink>searchsd</sublink>
    </link>
    <thumbnail>https://image.tmdb.org/t/p/w1280//me2PB6nN4ICUFOGWEnhZH8iuF9y.jpg</thumbnail>
    <fanart>https://image.tmdb.org/t/p/w1280//o1PnsdMQHSEF7r84QBCeOVDNm61.jpg</fanart>
</item>
<item>
    <title>Necronomicon</title>
    <meta>
        <imdb>tt0107664</imdb>
        <content>movie</content>
        <title>Necronomicon</title>
        <year>1993</year>
    </meta>
    <link>
        <sublink>search</sublink>
        <sublink>searchsd</sublink>
    </link>
    <thumbnail>https://image.tmdb.org/t/p/w1280//8OKkEVsBxhaNDMk4PfYV04J6QMD.jpg</thumbnail>
    <fanart>https://image.tmdb.org/t/p/w1280//zYtm7la0BGhJb6YyOchaKJHoi0g.jpg</fanart>
</item>
<item>
    <title>Needful Things</title>
    <meta>
        <imdb>tt0107665</imdb>
        <content>movie</content>
        <title>Needful Things</title>
        <year>1993</year>
    </meta>
    <link>
        <sublink>search</sublink>
        <sublink>searchsd</sublink>
    </link>
    <thumbnail>https://image.tmdb.org/t/p/w1280//hrWPjBPBA4d1O4raq6TE7ugTTIn.jpg</thumbnail>
    <fanart>https://image.tmdb.org/t/p/w1280//oK0KyFrf41IUJTxnhFq8WXHKQt.jpg</fanart>
</item>
<item>
    <title>Night Owl</title>
    <meta>
        <imdb>tt0107681</imdb>
        <content>movie</content>
        <title>Night Owl</title>
        <year>1993</year>
    </meta>
    <link>
        <sublink>search</sublink>
        <sublink>searchsd</sublink>
    </link>
    <thumbnail>https://image.tmdb.org/t/p/w1280//srL42Ia4W4BvsaKMU71GMrZWXzt.jpg</thumbnail>
    <fanart/>
</item>
<item>
    <title>Night Terrors</title>
    <meta>
        <imdb>tt0108350</imdb>
        <content>movie</content>
        <title>Night Terrors</title>
        <year>1993</year>
    </meta>
    <link>
        <sublink>search</sublink>
        <sublink>searchsd</sublink>
    </link>
    <thumbnail>https://image.tmdb.org/t/p/w1280//cMbvKTrhEy66u8xDdOfUrGiksqk.jpg</thumbnail>
    <fanart>https://image.tmdb.org/t/p/w1280//soxTRkQ6Eje8RMq7KCzS1xUYzyG.jpg</fanart>
</item>
<item>
    <title>Psycho Cop Returns</title>
    <meta>
        <imdb>tt0107894</imdb>
        <content>movie</content>
        <title>Psycho Cop Returns</title>
        <year>1993</year>
    </meta>
    <link>
        <sublink>search</sublink>
        <sublink>searchsd</sublink>
    </link>
    <thumbnail>https://image.tmdb.org/t/p/w1280//j6Dlqrkqp9LDbk9pueu9Z0hpurx.jpg</thumbnail>
    <fanart>https://image.tmdb.org/t/p/w1280//pBKI81Jng9ojCPWIgDqLToCCCTE.jpg</fanart>
</item>
<item>
    <title>Puppet Master 4</title>
    <meta>
        <imdb>tt0107899</imdb>
        <content>movie</content>
        <title>Puppet Master 4</title>
        <year>1993</year>
    </meta>
    <link>
        <sublink>search</sublink>
        <sublink>searchsd</sublink>
    </link>
    <thumbnail>https://image.tmdb.org/t/p/w1280//zaisXz8RRIqRy0Tnw20q7whKuM8.jpg</thumbnail>
    <fanart>https://image.tmdb.org/t/p/w1280//mGvLt7Qqnxk8M9yczKGv3Qu0HTb.jpg</fanart>
</item>
<item>
    <title>Return of the Living Dead 3</title>
    <meta>
        <imdb>tt0107953</imdb>
        <content>movie</content>
        <title>Return of the Living Dead 3</title>
        <year>1993</year>
    </meta>
    <link>
        <sublink>search</sublink>
        <sublink>searchsd</sublink>
    </link>
    <thumbnail>https://image.tmdb.org/t/p/w1280//gUJQ7akANEwV5R2IGrCPIUM6iMw.jpg</thumbnail>
    <fanart>https://image.tmdb.org/t/p/w1280//swhbjUBaoLov0MfX6uNnOmzQKnH.jpg</fanart>
</item>
<item>
    <title>Savage Vengeance</title>
    <meta>
        <imdb>tt0179458</imdb>
        <content>movie</content>
        <title>Savage Vengeance</title>
        <year>1993</year>
    </meta>
    <link>
        <sublink>search</sublink>
        <sublink>searchsd</sublink>
    </link>
    <thumbnail>https://image.tmdb.org/t/p/w1280//ogY4RXRn8DvcKyxigVNRnonyuJZ.jpg</thumbnail>
    <fanart/>
</item>
<item>
    <title>Schramm</title>
    <meta>
        <imdb>tt0108053</imdb>
        <content>movie</content>
        <title>Schramm</title>
        <year>1993</year>
    </meta>
    <link>
        <sublink>search</sublink>
        <sublink>searchsd</sublink>
    </link>
    <thumbnail>https://image.tmdb.org/t/p/w1280//bsQa2eBbGUsavxIS5zmICMUWRow.jpg</thumbnail>
    <fanart/>
</item>
<item>
    <title>The Secret Life: Jeffrey Dahmer</title>
    <meta>
        <imdb>tt0244782</imdb>
        <content>movie</content>
        <title>The Secret Life: Jeffrey Dahmer</title>
        <year>1993</year>
    </meta>
    <link>
        <sublink>search</sublink>
        <sublink>searchsd</sublink>
    </link>
    <thumbnail>https://image.tmdb.org/t/p/w1280//5CcqhTMiBkPArjpXlgLaAGTgYTx.jpg</thumbnail>
    <fanart/>
</item>
<item>
    <title>Shhh!</title>
    <meta>
        <imdb>tt4228378</imdb>
        <content>movie</content>
        <title>Shhh!</title>
        <year>1993</year>
    </meta>
    <link>
        <sublink>search</sublink>
        <sublink>searchsd</sublink>
    </link>
    <thumbnail>https://image.tmdb.org/t/p/w1280//ds0UGSxA8Tl0RDsHk4S3zmlUwfh.jpg</thumbnail>
    <fanart/>
</item>
<item>
    <title>Skeeter</title>
    <meta>
        <imdb>tt0108154</imdb>
        <content>movie</content>
        <title>Skeeter</title>
        <year>1993</year>
    </meta>
    <link>
        <sublink>search</sublink>
        <sublink>searchsd</sublink>
    </link>
    <thumbnail>https://image.tmdb.org/t/p/w1280//bbzxBxcZPmmrB8Z5sSR1skQTwrt.jpg</thumbnail>
    <fanart/>
</item>
<item>
    <title>Ticks</title>
    <meta>
        <imdb>tt0108339</imdb>
        <content>movie</content>
        <title>Ticks</title>
        <year>1993</year>
    </meta>
    <link>
        <sublink>search</sublink>
        <sublink>searchsd</sublink>
    </link>
    <thumbnail>https://image.tmdb.org/t/p/w1280//eVYKvIylPIAIW5GOoERrxurb9RK.jpg</thumbnail>
    <fanart>https://image.tmdb.org/t/p/w1280//qcqAysZHR6S4fGgGEPzTj6SoC3f.jpg</fanart>
</item>
<item>
    <title>Trauma</title>
    <meta>
        <imdb>tt0104053</imdb>
        <content>movie</content>
        <title>Trauma</title>
        <year>1993</year>
    </meta>
    <link>
        <sublink>search</sublink>
        <sublink>searchsd</sublink>
    </link>
    <thumbnail>https://image.tmdb.org/t/p/w1280//7LUSWtI7h3GCkvyKDEKJk3h0hcp.jpg</thumbnail>
    <fanart>https://image.tmdb.org/t/p/w1280//6Mjz5R9f5vIBlhqzZO4VwTeaJ4K.jpg</fanart>
</item>
<item>
    <title>The Unnamable II</title>
    <meta>
        <imdb>tt0108447</imdb>
        <content>movie</content>
        <title>The Unnamable II</title>
        <year>1993</year>
    </meta>
    <link>
        <sublink>search</sublink>
        <sublink>searchsd</sublink>
    </link>
    <thumbnail>https://image.tmdb.org/t/p/w1280//bMzuXosDp1vNMOP8R8nfUO6fsxl.jpg</thumbnail>
    <fanart>https://image.tmdb.org/t/p/w1280//oshxNFGEgQQ93ji3EQY5yV43VFT.jpg</fanart>
</item>
<item>
    <title>Warlock: The Armageddon</title>
    <meta>
        <imdb>tt0108517</imdb>
        <content>movie</content>
        <title>Warlock: The Armageddon</title>
        <year>1993</year>
    </meta>
    <link>
        <sublink>search</sublink>
        <sublink>searchsd</sublink>
    </link>
    <thumbnail>https://image.tmdb.org/t/p/w1280//mvvrauRX0BRJVCUS9bSBKqBamjh.jpg</thumbnail>
    <fanart>https://image.tmdb.org/t/p/w1280//meOtdGhHZIOCmCdBqVe1AzTG7M2.jpg</fanart>
</item>
<item>
    <title>When A Stranger Calls Back</title>
    <meta>
        <imdb>tt0108556</imdb>
        <content>movie</content>
        <title>When A Stranger Calls Back</title>
        <year>1993</year>
    </meta>
    <link>
        <sublink>search</sublink>
        <sublink>searchsd</sublink>
    </link>
    <thumbnail>https://image.tmdb.org/t/p/w1280//tHTqlXa6VS6RqTm4o3RIrUzDvdq.jpg</thumbnail>
    <fanart>https://image.tmdb.org/t/p/w1280//1qZr2xp9cK9OeLxnGseX0BuvQUD.jpg</fanart>
</item>
<item>
    <title>Witchboard 2: The Devil's Doorway</title>
    <meta>
        <imdb>tt0108577</imdb>
        <content>movie</content>
        <title>Witchboard 2: The Devil's Doorway</title>
        <year>1993</year>
    </meta>
    <link>
        <sublink>search</sublink>
        <sublink>searchsd</sublink>
    </link>
    <thumbnail>https://image.tmdb.org/t/p/w1280//c1azcQkA7qYuyVEA3Rf3HfJTBtM.jpg</thumbnail>
    <fanart>https://image.tmdb.org/t/p/w1280//50qJFK6w5ibZuF5dAC0afZr6ost.jpg</fanart>
</item>
<item>
    <title>Witchcraft V: Dance with the Devil</title>
    <meta>
        <imdb>tt0108578</imdb>
        <content>movie</content>
        <title>Witchcraft V: Dance with the Devil</title>
        <year>1993</year>
    </meta>
    <link>
        <sublink>search</sublink>
        <sublink>searchsd</sublink>
    </link>
    <thumbnail>https://image.tmdb.org/t/p/w1280//hN2hEClzL92v6svwL4jaabC1Yh5.jpg</thumbnail>
    <fanart/>
</item>
<item>
    <title>The Witching</title>
    <meta>
        <imdb>tt0232956</imdb>
        <content>movie</content>
        <title>The Witching</title>
        <year>1993</year>
    </meta>
    <link>
        <sublink>search</sublink>
        <sublink>searchsd</sublink>
    </link>
    <thumbnail>https://image.tmdb.org/t/p/w1280//eX1NPDPEvtnA0Z7lk5R1DxapEvO.jpg</thumbnail>
    <fanart/>
</item>
<item>
    <title>Zombie Bloodbath</title>
    <meta>
        <imdb>tt0174360</imdb>
        <content>movie</content>
        <title>Zombie Bloodbath</title>
        <year>1993</year>
    </meta>
    <link>
        <sublink>search</sublink>
        <sublink>searchsd</sublink>
    </link>
    <thumbnail>https://image.tmdb.org/t/p/w1280//v1vDxB0hiuhm3XLMDmTx5rUNmWv.jpg</thumbnail>
    <fanart/>
</item>
<item>
    <title>The Untold Story</title>
    <meta>
        <imdb>tt0103743</imdb>
        <content>movie</content>
        <title>The Untold Story</title>
        <year>1993</year>
    </meta>
    <link>
        <sublink>search</sublink>
        <sublink>searchsd</sublink>
    </link>
    <thumbnail>https://image.tmdb.org/t/p/w1280//xuT7fcP391RsbDdPp9zgZOnUtcR.jpg</thumbnail>
    <fanart>https://image.tmdb.org/t/p/w1280//3BE4hjf8ej5VNeed84W3j7XqSqC.jpg</fanart>
</item>
<item>
    <title>Legal Innocence</title>
    <meta>
        <imdb>tt0107984</imdb>
        <content>movie</content>
        <title>Legal Innocence</title>
        <year>1993</year>
    </meta>
    <link>
        <sublink>search</sublink>
        <sublink>searchsd</sublink>
    </link>
    <thumbnail>https://image.tmdb.org/t/p/w1280//bjnQwFYnE8vBZAG2G9OM9z4lKBR.jpg</thumbnail>
    <fanart/>
</item>
