<item>
    <title>Aftermath</title>
    <meta>
        <imdb>tt0159241</imdb>
        <content>movie</content>
        <title>Aftermath</title>
        <year>1994</year>
    </meta>
    <link>
        <sublink>search</sublink>
        <sublink>searchsd</sublink>
    </link>
    <thumbnail>https://image.tmdb.org/t/p/w1280//sfaXgBHeeEpAPcU6vqI4HaV4kpi.jpg</thumbnail>
    <fanart>https://image.tmdb.org/t/p/w1280//zoLI2cRO2EtbrMpm1ssigUIW4co.jpg</fanart>
</item>
<item>
    <title>Aswang</title>
    <meta>
        <imdb>tt0111558</imdb>
        <content>movie</content>
        <title>Aswang</title>
        <year>1994</year>
    </meta>
    <link>
        <sublink>search</sublink>
        <sublink>searchsd</sublink>
    </link>
    <thumbnail>https://image.tmdb.org/t/p/w1280//3wruL3HFcfw4IPdNheIVQEODWMY.jpg</thumbnail>
    <fanart/>
</item>
<item>
    <title>Beyond Bedlam</title>
    <meta>
        <imdb>tt0106402</imdb>
        <content>movie</content>
        <title>Beyond Bedlam</title>
        <year>1994</year>
    </meta>
    <link>
        <sublink>search</sublink>
        <sublink>searchsd</sublink>
    </link>
    <thumbnail>https://image.tmdb.org/t/p/w1280//h7hwxnIC997ceboreSmEZo82bAw.jpg</thumbnail>
    <fanart/>
</item>
<item>
    <title>The Birds II: Land's End</title>
    <meta>
        <imdb>tt0109275</imdb>
        <content>movie</content>
        <title>The Birds II: Land's End</title>
        <year>1994</year>
    </meta>
    <link>
        <sublink>search</sublink>
        <sublink>searchsd</sublink>
    </link>
    <thumbnail>https://image.tmdb.org/t/p/w1280//lKPb3qGIjySTxQJvv4Jz2NkAmQL.jpg</thumbnail>
    <fanart>https://image.tmdb.org/t/p/w1280//jIcZ4pNno85AETjfotBXmug3BtJ.jpg</fanart>
</item>
<item>
    <title>Bloodlust: Subspecies III</title>
    <meta>
        <imdb>tt0109302</imdb>
        <content>movie</content>
        <title>Bloodlust: Subspecies III</title>
        <year>1994</year>
    </meta>
    <link>
        <sublink>search</sublink>
        <sublink>searchsd</sublink>
    </link>
    <thumbnail>https://image.tmdb.org/t/p/w1280//x9Xu4xiVKwBdYVpMXlQdrv9to8O.jpg</thumbnail>
    <fanart>https://image.tmdb.org/t/p/w1280//f5HjyXTgLKmkRweqJORJ8W7Pqh5.jpg</fanart>
</item>
<item>
    <title>Brainscan</title>
    <meta>
        <imdb>tt0109327</imdb>
        <content>movie</content>
        <title>Brainscan</title>
        <year>1994</year>
    </meta>
    <link>
        <sublink>search</sublink>
        <sublink>searchsd</sublink>
    </link>
    <thumbnail>https://image.tmdb.org/t/p/w1280//mNNJ3bFfthv651n3eOZlM68w1KO.jpg</thumbnail>
    <fanart>https://image.tmdb.org/t/p/w1280//45GJlmIa386ZE2TDtgv1IKG2Lg.jpg</fanart>
</item>
<item>
    <title>The Crow</title>
    <meta>
        <imdb>tt0109506</imdb>
        <content>movie</content>
        <title>The Crow</title>
        <year>1994</year>
    </meta>
    <link>
        <sublink>search</sublink>
        <sublink>searchsd</sublink>
    </link>
    <thumbnail>https://image.tmdb.org/t/p/w1280//vrQZSCP3WeYXCTXdJQ6mXgxb9L4.jpg</thumbnail>
    <fanart>https://image.tmdb.org/t/p/w1280//9pZdI5OuKrEMutyUjrntGdoAXxv.jpg</fanart>
</item>
<item>
    <title>Death Machine</title>
    <meta>
        <imdb>tt0109575</imdb>
        <content>movie</content>
        <title>Death Machine</title>
        <year>1994</year>
    </meta>
    <link>
        <sublink>search</sublink>
        <sublink>searchsd</sublink>
    </link>
    <thumbnail>https://image.tmdb.org/t/p/w1280//yg9zyB7CgbfUTXY0FQb2rUB0HYa.jpg</thumbnail>
    <fanart>https://image.tmdb.org/t/p/w1280//spmyXKG2BZnEQuFPQ3R2Q539EnI.jpg</fanart>
</item>
<item>
    <title>Cemetery Man</title>
    <meta>
        <imdb>tt0109592</imdb>
        <content>movie</content>
        <title>Cemetery Man</title>
        <year>1994</year>
    </meta>
    <link>
        <sublink>search</sublink>
        <sublink>searchsd</sublink>
    </link>
    <thumbnail>https://image.tmdb.org/t/p/w1280//v9yBEb4NU5P3LWm4kcJfq4qjUKg.jpg</thumbnail>
    <fanart>https://image.tmdb.org/t/p/w1280//aTSae0YsHW9L9vjBJGFA84P6hi9.jpg</fanart>
</item>
<item>
    <title>Demon Keeper</title>
    <meta>
        <imdb>tt0109595</imdb>
        <content>movie</content>
        <title>Demon Keeper</title>
        <year>1994</year>
    </meta>
    <link>
        <sublink>search</sublink>
        <sublink>searchsd</sublink>
    </link>
    <thumbnail>https://image.tmdb.org/t/p/w1280//djFeoN3g9u9rqXudMtw5A8dCwEp.jpg</thumbnail>
    <fanart>https://image.tmdb.org/t/p/w1280//idRvz4GOvwJ8cY6WlH0dkBw0aN8.jpg</fanart>
</item>
<item>
    <title>Mary Shelley's Frankenstein</title>
    <meta>
        <imdb>tt0109836</imdb>
        <content>movie</content>
        <title>Mary Shelley's Frankenstein</title>
        <year>1994</year>
    </meta>
    <link>
        <sublink>search</sublink>
        <sublink>searchsd</sublink>
    </link>
    <thumbnail>https://image.tmdb.org/t/p/w1280//uG0YLHdiBuWBv99MLwthucsvKLZ.jpg</thumbnail>
    <fanart>https://image.tmdb.org/t/p/w1280//vVyF1OMjsdsboBBjEVL8wmOdPNG.jpg</fanart>
</item>
<item>
    <title>Funny Man</title>
    <meta>
        <imdb>tt0109858</imdb>
        <content>movie</content>
        <title>Funny Man</title>
        <year>1994</year>
    </meta>
    <link>
        <sublink>search</sublink>
        <sublink>searchsd</sublink>
    </link>
    <thumbnail>https://image.tmdb.org/t/p/w1280//b3fJxAF0T2JwJTYFBRyXy7iLxQ4.jpg</thumbnail>
    <fanart>https://image.tmdb.org/t/p/w1280//h2cIpXkYNCy3oplV8LdyogjEeOB.jpg</fanart>
</item>
<item>
    <title>Ghoulies IV</title>
    <meta>
        <imdb>tt0109895</imdb>
        <content>movie</content>
        <title>Ghoulies IV</title>
        <year>1994</year>
    </meta>
    <link>
        <sublink>search</sublink>
        <sublink>searchsd</sublink>
    </link>
    <thumbnail>https://image.tmdb.org/t/p/w1280//ilqsysasguIfaUACva3sUFfCnfw.jpg</thumbnail>
    <fanart>https://image.tmdb.org/t/p/w1280//xtStyHc58wmjZE8EOCqkKV0qkGr.jpg</fanart>
</item>
<item>
    <title>In the Mouth of Madness</title>
    <meta>
        <imdb>tt0113409</imdb>
        <content>movie</content>
        <title>In the Mouth of Madness</title>
        <year>1994</year>
    </meta>
    <link>
        <sublink>search</sublink>
        <sublink>searchsd</sublink>
    </link>
    <thumbnail>https://image.tmdb.org/t/p/w1280//xgrCUFFimv5gom3X01KpLIPVt1E.jpg</thumbnail>
    <fanart>https://image.tmdb.org/t/p/w1280//sSaSuZ9A9MAKyEs3jdyFwEHgzvO.jpg</fanart>
</item>
<item>
    <title>Interview with the Vampire</title>
    <meta>
        <imdb>tt0110148</imdb>
        <content>movie</content>
        <title>Interview with the Vampire</title>
        <year>1994</year>
    </meta>
    <link>
        <sublink>search</sublink>
        <sublink>searchsd</sublink>
    </link>
    <thumbnail>https://image.tmdb.org/t/p/w1280//hldXwwViSfHJS0kIJr07KBGmHJI.jpg</thumbnail>
    <fanart>https://image.tmdb.org/t/p/w1280//GRyynLqafMrLFMHqvfGdUweavA.jpg</fanart>
</item>
<item>
    <title>Leprechaun 2</title>
    <meta>
        <imdb>tt0110329</imdb>
        <content>movie</content>
        <title>Leprechaun 2</title>
        <year>1994</year>
    </meta>
    <link>
        <sublink>search</sublink>
        <sublink>searchsd</sublink>
    </link>
    <thumbnail>https://image.tmdb.org/t/p/w1280//fnCLZ3rpy3enYSHrzcBxnx3fozK.jpg</thumbnail>
    <fanart>https://image.tmdb.org/t/p/w1280//1XfpEBNpRMcozlgVHgOkwRVBDad.jpg</fanart>
</item>
<item>
    <title>Lurking Fear</title>
    <meta>
        <imdb>tt0110410</imdb>
        <content>movie</content>
        <title>Lurking Fear</title>
        <year>1994</year>
    </meta>
    <link>
        <sublink>search</sublink>
        <sublink>searchsd</sublink>
    </link>
    <thumbnail>https://image.tmdb.org/t/p/w1280//bMyNrfa1CnTWk6SxZxP642qJlK.jpg</thumbnail>
    <fanart>https://image.tmdb.org/t/p/w1280//zN5GN4E7EBILV5VqZ2xy4AcVwrX.jpg</fanart>
</item>
<item>
    <title>Mirror, Mirror II: Raven Dance</title>
    <meta>
        <imdb>tt0110530</imdb>
        <content>movie</content>
        <title>Mirror, Mirror II: Raven Dance</title>
        <year>1994</year>
    </meta>
    <link>
        <sublink>search</sublink>
        <sublink>searchsd</sublink>
    </link>
    <thumbnail>https://image.tmdb.org/t/p/w1280//ojsFfKlfitIJTNL3ce5mfzmn9wn.jpg</thumbnail>
    <fanart/>
</item>
<item>
    <title>Nadja</title>
    <meta>
        <imdb>tt0110620</imdb>
        <content>movie</content>
        <title>Nadja</title>
        <year>1994</year>
    </meta>
    <link>
        <sublink>search</sublink>
        <sublink>searchsd</sublink>
    </link>
    <thumbnail>https://image.tmdb.org/t/p/w1280//bRz2J0jlMgczJptX0Atzo9l70Bd.jpg</thumbnail>
    <fanart>https://image.tmdb.org/t/p/w1280//bQBTw0rkkCROFzLKlkGz8CaeG4W.jpg</fanart>
</item>
<item>
    <title>Nightwatch</title>
    <meta>
        <imdb>tt0110631</imdb>
        <content>movie</content>
        <title>Nightwatch</title>
        <year>1994</year>
    </meta>
    <link>
        <sublink>search</sublink>
        <sublink>searchsd</sublink>
    </link>
    <thumbnail>https://image.tmdb.org/t/p/w1280//oLBn0MUMMeC71udetLOa1lP7eFL.jpg</thumbnail>
    <fanart>https://image.tmdb.org/t/p/w1280//aA2ACwENZYgOTDasITDjaBNbuKQ.jpg</fanart>
</item>
<item>
    <title>New Nightmare</title>
    <meta>
        <imdb>tt0111686</imdb>
        <content>movie</content>
        <title>New Nightmare</title>
        <year>1994</year>
    </meta>
    <link>
        <sublink>search</sublink>
        <sublink>searchsd</sublink>
    </link>
    <thumbnail>https://image.tmdb.org/t/p/w1280//oLEZibnraixTE68rTaYv4FEmvYd.jpg</thumbnail>
    <fanart>https://image.tmdb.org/t/p/w1280//33TTFIqH3cGG5KVk6EvpKKvpegN.jpg</fanart>
</item>
<item>
    <title>Night of the Demons 2</title>
    <meta>
        <imdb>tt0110667</imdb>
        <content>movie</content>
        <title>Night of the Demons 2</title>
        <year>1994</year>
    </meta>
    <link>
        <sublink>search</sublink>
        <sublink>searchsd</sublink>
    </link>
    <thumbnail>https://image.tmdb.org/t/p/w1280//6GsLJvrOzQJGDaBugIkUDRvnH2Y.jpg</thumbnail>
    <fanart>https://image.tmdb.org/t/p/w1280//w2jDXc2LInYx0cnRg5FkfhrQRlw.jpg</fanart>
</item>
<item>
    <title>The Paperboy</title>
    <meta>
        <imdb>tt0110770</imdb>
        <content>movie</content>
        <title>The Paperboy</title>
        <year>1994</year>
    </meta>
    <link>
        <sublink>search</sublink>
        <sublink>searchsd</sublink>
    </link>
    <thumbnail>https://image.tmdb.org/t/p/w1280//ssewJi5gIhGJbCX8rj9f0vBHnnp.jpg</thumbnail>
    <fanart>https://image.tmdb.org/t/p/w1280//vbNpxpMbfnDPfzH4VW35ngpR805.jpg</fanart>
</item>
<item>
    <title>Phantasm III: Lord of the Dead</title>
    <meta>
        <imdb>tt0110823</imdb>
        <content>movie</content>
        <title>Phantasm III: Lord of the Dead</title>
        <year>1994</year>
    </meta>
    <link>
        <sublink>search</sublink>
        <sublink>searchsd</sublink>
    </link>
    <thumbnail>https://image.tmdb.org/t/p/w1280//l8ccrv8XDD727vD3V3qntjrMoox.jpg</thumbnail>
    <fanart>https://image.tmdb.org/t/p/w1280//rSsDcfGCY5VMSy0Xb04Hl7UI1fl.jpg</fanart>
</item>
<item>
    <title>Project Shadowchaser II</title>
    <meta>
        <imdb>tt0110901</imdb>
        <content>movie</content>
        <title>Project Shadowchaser II</title>
        <year>1994</year>
    </meta>
    <link>
        <sublink>search</sublink>
        <sublink>searchsd</sublink>
    </link>
    <thumbnail>https://image.tmdb.org/t/p/w1280//xOFPjMyzBG17wEyyFvnTCF6rKnp.jpg</thumbnail>
    <fanart>https://image.tmdb.org/t/p/w1280//5KOTufLojSTt3lIzIKYdCqcBWDK.jpg</fanart>
</item>
<item>
    <title>Pumpkinhead II: Blood Wings</title>
    <meta>
        <imdb>tt0110913</imdb>
        <content>movie</content>
        <title>Pumpkinhead II: Blood Wings</title>
        <year>1994</year>
    </meta>
    <link>
        <sublink>search</sublink>
        <sublink>searchsd</sublink>
    </link>
    <thumbnail>https://image.tmdb.org/t/p/w1280//zbwcW9n1YgRn6fBzzOAj58PUa76.jpg</thumbnail>
    <fanart>https://image.tmdb.org/t/p/w1280//wt2aTRG8n0lV9Jmt1fe9d7u4khl.jpg</fanart>
</item>
<item>
    <title>Puppet Master 5: The Final Chapter</title>
    <meta>
        <imdb>tt0110916</imdb>
        <content>movie</content>
        <title>Puppet Master 5: The Final Chapter</title>
        <year>1994</year>
    </meta>
    <link>
        <sublink>search</sublink>
        <sublink>searchsd</sublink>
    </link>
    <thumbnail>https://image.tmdb.org/t/p/w1280//9EFZ9aHCjTh4XufIkg1mG3mocRP.jpg</thumbnail>
    <fanart>https://image.tmdb.org/t/p/w1280//ol4wv7jB5knZgsONHC9K03eJSfY.jpg</fanart>
</item>
<item>
    <title>The Puppet Masters</title>
    <meta>
        <imdb>tt0111003</imdb>
        <content>movie</content>
        <title>The Puppet Masters</title>
        <year>1994</year>
    </meta>
    <link>
        <sublink>search</sublink>
        <sublink>searchsd</sublink>
    </link>
    <thumbnail>https://image.tmdb.org/t/p/w1280//tlcrpwjZZdlgArmZiXtr4ecgQfy.jpg</thumbnail>
    <fanart>https://image.tmdb.org/t/p/w1280//zAe8zsBmXJsQwtq1Ek9qWrjHU0C.jpg</fanart>
</item>
<item>
    <title>Relative Fear</title>
    <meta>
        <imdb>tt0110965</imdb>
        <content>movie</content>
        <title>Relative Fear</title>
        <year>1995</year>
    </meta>
    <link>
        <sublink>search</sublink>
        <sublink>searchsd</sublink>
    </link>
    <thumbnail>https://image.tmdb.org/t/p/w1280//l9mzb7eJ1SOLEwcmLHBa27YtiXR.jpg</thumbnail>
    <fanart/>
</item>
<item>
    <title>Return of the Boogeyman</title>
    <meta>
        <imdb>tt0162889</imdb>
        <content>movie</content>
        <title>Return of the Boogeyman</title>
        <year>1994</year>
    </meta>
    <link>
        <sublink>search</sublink>
        <sublink>searchsd</sublink>
    </link>
    <thumbnail>https://image.tmdb.org/t/p/w1280//bsCjGvDWjm3ky1GH2OMOW3xDCj8.jpg</thumbnail>
    <fanart/>
</item>
<item>
    <title>The Roly Poly Man</title>
    <meta>
        <imdb>tt0111010</imdb>
        <content>movie</content>
        <title>The Roly Poly Man</title>
        <year>1994</year>
    </meta>
    <link>
        <sublink>search</sublink>
        <sublink>searchsd</sublink>
    </link>
    <thumbnail>https://image.tmdb.org/t/p/w1280//tGUrdtf4oakSzxmp4JIlk74BXIQ.jpg</thumbnail>
    <fanart/>
</item>
<item>
    <title>Savage Harvest</title>
    <meta>
        <imdb>tt0128453</imdb>
        <content>movie</content>
        <title>Savage Harvest</title>
        <year>1994</year>
    </meta>
    <link>
        <sublink>search</sublink>
        <sublink>searchsd</sublink>
    </link>
    <thumbnail>https://image.tmdb.org/t/p/w1280//4acKUS5CTfFTKLQU0zIByhWbmzo.jpg</thumbnail>
    <fanart/>
</item>
<item>
    <title>Scanner Cop</title>
    <meta>
        <imdb>tt0111082</imdb>
        <content>movie</content>
        <title>Scanner Cop</title>
        <year>1994</year>
    </meta>
    <link>
        <sublink>search</sublink>
        <sublink>searchsd</sublink>
    </link>
    <thumbnail>https://image.tmdb.org/t/p/w1280//jEjNG9icJNdOOZ0oPaDpI8ULatz.jpg</thumbnail>
    <fanart>https://image.tmdb.org/t/p/w1280//gsmJDCYqJfOSZ8C2XbrNhgAPvKZ.jpg</fanart>
</item>
<item>
    <title>Shake, Rattle & Roll V</title>
    <meta>
        <imdb>tt0383631</imdb>
        <content>movie</content>
        <title>Shake, Rattle & Roll V</title>
        <year>1994</year>
    </meta>
    <link>
        <sublink>search</sublink>
        <sublink>searchsd</sublink>
    </link>
    <thumbnail>https://image.tmdb.org/t/p/w1280//xwXb1XPmEmwjZCw9R48QpCagSNE.jpg</thumbnail>
    <fanart/>
</item>
<item>
    <title>Shatter Dead</title>
    <meta>
        <imdb>tt0111159</imdb>
        <content>movie</content>
        <title>Shatter Dead</title>
        <year>1994</year>
    </meta>
    <link>
        <sublink>search</sublink>
        <sublink>searchsd</sublink>
    </link>
    <thumbnail>https://image.tmdb.org/t/p/w1280//frtUhb8ixzt9Lzu7FFLvpnn78b6.jpg</thumbnail>
    <fanart/>
</item>
<item>
    <title>Shrunken Heads</title>
    <meta>
        <imdb>tt0111175</imdb>
        <content>movie</content>
        <title>Shrunken Heads</title>
        <year>1994</year>
    </meta>
    <link>
        <sublink>search</sublink>
        <sublink>searchsd</sublink>
    </link>
    <thumbnail>https://image.tmdb.org/t/p/w1280//njqsjumCZNUuU2MXNJVgcbLLz0i.jpg</thumbnail>
    <fanart/>
</item>
<item>
    <title>The Texas Chainsaw Massacre: The Next Generation</title>
    <meta>
        <imdb>tt0110978</imdb>
        <content>movie</content>
        <title>The Texas Chainsaw Massacre: The Next Generation</title>
        <year>1994</year>
    </meta>
    <link>
        <sublink>search</sublink>
        <sublink>searchsd</sublink>
    </link>
    <thumbnail>https://image.tmdb.org/t/p/w1280//6ECWpYiwEdWi2OTSbyzLV281YJ.jpg</thumbnail>
    <fanart>https://image.tmdb.org/t/p/w1280//1Unx2N8AhIBinp2QaLe2t27Nnix.jpg</fanart>
</item>
<item>
    <title>The Unborn II</title>
    <meta>
        <imdb>tt0111547</imdb>
        <content>movie</content>
        <title>The Unborn II</title>
        <year>1994</year>
    </meta>
    <link>
        <sublink>search</sublink>
        <sublink>searchsd</sublink>
    </link>
    <thumbnail>https://image.tmdb.org/t/p/w1280//gE8Z8SppMQrcqWYtVahhXEHlcbd.jpg</thumbnail>
    <fanart>https://image.tmdb.org/t/p/w1280//3RCsAG9u0UJHXKIoWDP6CggDvol.jpg</fanart>
</item>
<item>
    <title>Vampires and Other Stereotypes</title>
    <meta>
        <imdb>tt0127341</imdb>
        <content>movie</content>
        <title>Vampires and Other Stereotypes</title>
        <year>1994</year>
    </meta>
    <link>
        <sublink>search</sublink>
        <sublink>searchsd</sublink>
    </link>
    <thumbnail>https://image.tmdb.org/t/p/w1280//twqFENWzr9RmkGPTvfeXBaofbOA.jpg</thumbnail>
    <fanart/>
</item>
<item>
    <title>Watchers 3</title>
    <meta>
        <imdb>tt0111672</imdb>
        <content>movie</content>
        <title>Watchers 3</title>
        <year>1994</year>
    </meta>
    <link>
        <sublink>search</sublink>
        <sublink>searchsd</sublink>
    </link>
    <thumbnail>https://image.tmdb.org/t/p/w1280//xkiXac3PyalVPDOOEIRmmZWCXku.jpg</thumbnail>
    <fanart>https://image.tmdb.org/t/p/w1280//6RXxtxckm1jh4mQtv9ExtFQ0DsH.jpg</fanart>
</item>
<item>
    <title>Wicked Games</title>
    <meta>
        <imdb>tt0111708</imdb>
        <content>movie</content>
        <title>Wicked Games</title>
        <year>1994</year>
    </meta>
    <link>
        <sublink>search</sublink>
        <sublink>searchsd</sublink>
    </link>
    <thumbnail>https://image.tmdb.org/t/p/w1280//tibZcXUmt8unm91A5sRROF0BCHt.jpg</thumbnail>
    <fanart/>
</item>
<item>
    <title>Witch Hunt</title>
    <meta>
        <imdb>tt0111730</imdb>
        <content>movie</content>
        <title>Witch Hunt</title>
        <year>1994</year>
    </meta>
    <link>
        <sublink>search</sublink>
        <sublink>searchsd</sublink>
    </link>
    <thumbnail>https://image.tmdb.org/t/p/w1280//iKlmSIUESgFrCiVAHrmhKiuLsNe.jpg</thumbnail>
    <fanart>https://image.tmdb.org/t/p/w1280//zUQxh8u55kx5Z2qUU5W3PjU0kHq.jpg</fanart>
</item>
<item>
    <title>Witchcraft 666: The Devil's Mistress</title>
    <meta>
        <imdb>tt0111731</imdb>
        <content>movie</content>
        <title>Witchcraft 666: The Devil's Mistress</title>
        <year>1994</year>
    </meta>
    <link>
        <sublink>search</sublink>
        <sublink>searchsd</sublink>
    </link>
    <thumbnail>https://image.tmdb.org/t/p/w1280//fc8iUwMZDjpaHrzAgy0Pp0SfQ7f.jpg</thumbnail>
    <fanart/>
</item>
<item>
    <title>Wolf</title>
    <meta>
        <imdb>tt0111742</imdb>
        <content>movie</content>
        <title>Wolf</title>
        <year>1994</year>
    </meta>
    <link>
        <sublink>search</sublink>
        <sublink>searchsd</sublink>
    </link>
    <thumbnail>https://image.tmdb.org/t/p/w1280//46vYy53pidrxXznVT05Z3r5jgjP.jpg</thumbnail>
    <fanart>https://image.tmdb.org/t/p/w1280//qSdjoymxhUxgHvN1ATVh3qDrnBK.jpg</fanart>
</item>
<item>
    <title>Blackbirds at Bangpleng</title>
    <meta>
        <imdb>tt0110247</imdb>
        <content>movie</content>
        <title>Blackbirds at Bangpleng</title>
        <year>1995</year>
    </meta>
    <link>
        <sublink>search</sublink>
        <sublink>searchsd</sublink>
    </link>
    <thumbnail>https://image.tmdb.org/t/p/w1280//cNZ4DhZZ2OIiM4neKpZXu9dJT2M.jpg</thumbnail>
    <fanart>https://image.tmdb.org/t/p/w1280//tr3U0KL91MHs0yMxU3Zk61u60ET.jpg</fanart>
</item>
<item>
    <title>The Rapist</title>
    <meta>
        <imdb>tt0111515</imdb>
        <content>movie</content>
        <title>The Rapist</title>
        <year>1994</year>
    </meta>
    <link>
        <sublink>search</sublink>
        <sublink>searchsd</sublink>
    </link>
    <thumbnail>https://image.tmdb.org/t/p/w1280//68tY1m3TL3XbdBqsWZlzc0ka1VM.jpg</thumbnail>
    <fanart/>
</item>
<item>
    <title>Tokyo Revelation</title>
    <meta>
        <imdb>tt0469846</imdb>
        <content>movie</content>
        <title>Tokyo Revelation</title>
        <year>1995</year>
    </meta>
    <link>
        <sublink>search</sublink>
        <sublink>searchsd</sublink>
    </link>
    <thumbnail>https://image.tmdb.org/t/p/w1280//Acu0rofbfT5erJgkmnVWcup0ZnY.jpg</thumbnail>
    <fanart>https://image.tmdb.org/t/p/w1280//b3NA2HjwIM4iN2aVYkrLODW4ovz.jpg</fanart>
</item>
