<item>
    <title>Arachnid</title>
    <meta>
        <imdb>tt0271972</imdb>
        <content>movie</content>
        <title>Arachnid</title>
        <year>2001</year>
    </meta>
    <link>
        <sublink>search</sublink>
        <sublink>searchsd</sublink>
    </link>
    <thumbnail>https://image.tmdb.org/t/p/w1280//kPXXqFdPcatldLbCYoifM8EPJe.jpg</thumbnail>
    <fanart>https://image.tmdb.org/t/p/w1280//2vSriGjsEZ43MuNMGw7UTfpKwdI.jpg</fanart>
</item>
<item>
    <title>The Attic Expeditions</title>
    <meta>
        <imdb>tt0118652</imdb>
        <content>movie</content>
        <title>The Attic Expeditions</title>
        <year>2001</year>
    </meta>
    <link>
        <sublink>search</sublink>
        <sublink>searchsd</sublink>
    </link>
    <thumbnail>https://image.tmdb.org/t/p/w1280//xUouit79qeOpZs55qKEOxMubykX.jpg</thumbnail>
    <fanart>https://image.tmdb.org/t/p/w1280//t2P5ydkbvJxB0aaIxy7HAQFl95.jpg</fanart>
</item>
<item>
    <title>Bangkok Haunted</title>
    <meta>
        <imdb>tt0364977</imdb>
        <content>movie</content>
        <title>Bangkok Haunted</title>
        <year>2001</year>
    </meta>
    <link>
        <sublink>search</sublink>
        <sublink>searchsd</sublink>
    </link>
    <thumbnail>https://image.tmdb.org/t/p/w1280//9L4BLm0TKoyWELXXW8dWED458MO.jpg</thumbnail>
    <fanart>https://image.tmdb.org/t/p/w1280//sEV4y9QYgvqg1rWZHQHSDGmL5or.jpg</fanart>
</item>
<item>
    <title>Bones</title>
    <meta>
        <imdb>tt0166110</imdb>
        <content>movie</content>
        <title>Bones</title>
        <year>2001</year>
    </meta>
    <link>
        <sublink>search</sublink>
        <sublink>searchsd</sublink>
    </link>
    <thumbnail>https://image.tmdb.org/t/p/w1280//xl9Bxz9KQM537Aj7XmvrSvNDUcb.jpg</thumbnail>
    <fanart>https://image.tmdb.org/t/p/w1280//sRjmc2Ubk8mHnLiPreM1o48IemM.jpg</fanart>
</item>
<item>
    <title>The Breed</title>
    <meta>
        <imdb>tt0265104</imdb>
        <content>movie</content>
        <title>The Breed</title>
        <year>2001</year>
    </meta>
    <link>
        <sublink>search</sublink>
        <sublink>searchsd</sublink>
    </link>
    <thumbnail>https://image.tmdb.org/t/p/w1280//sxt5Kworr1Qhw5XxfwYUQ6mecBd.jpg</thumbnail>
    <fanart>https://image.tmdb.org/t/p/w1280//9f8Kprx1sRzi7Vkam2ZGHULdRYN.jpg</fanart>
</item>
<item>
    <title>The Brotherhood 2: Young Warlocks</title>
    <meta>
        <imdb>tt0280502</imdb>
        <content>movie</content>
        <title>The Brotherhood 2: Young Warlocks</title>
        <year>2001</year>
    </meta>
    <link>
        <sublink>search</sublink>
        <sublink>searchsd</sublink>
    </link>
    <thumbnail>https://image.tmdb.org/t/p/w1280//q4hvT0cJms8HMpm5jKKxv6UYnII.jpg</thumbnail>
    <fanart>https://image.tmdb.org/t/p/w1280//7Twc1uYDLnKUg2rOnUEe2UViKbN.jpg</fanart>
</item>
<item>
    <title>The Bunker</title>
    <meta>
        <imdb>tt0252963</imdb>
        <content>movie</content>
        <title>The Bunker</title>
        <year>2001</year>
    </meta>
    <link>
        <sublink>search</sublink>
        <sublink>searchsd</sublink>
    </link>
    <thumbnail>https://image.tmdb.org/t/p/w1280//i4B4UezWqgj34T4pGBeAWmiaW2j.jpg</thumbnail>
    <fanart>https://image.tmdb.org/t/p/w1280//2Yrd0HPY6JubwIZngW2MD7UKkKh.jpg</fanart>
</item>
<item>
    <title>Children of the Corn: Revelation</title>
    <meta>
        <imdb>tt0279730</imdb>
        <content>movie</content>
        <title>Children of the Corn: Revelation</title>
        <year>2001</year>
    </meta>
    <link>
        <sublink>search</sublink>
        <sublink>searchsd</sublink>
    </link>
    <thumbnail>https://image.tmdb.org/t/p/w1280//sL3ZaPFwgkfn9KuIsh861zsPX0Y.jpg</thumbnail>
    <fanart>https://image.tmdb.org/t/p/w1280//juRtFQk3zFX4V3W546ZOsKDOm0F.jpg</fanart>
</item>
<item>
    <title>Children of the Living Dead</title>
    <meta>
        <imdb>tt0276011</imdb>
        <content>movie</content>
        <title>Children of the Living Dead</title>
        <year>2001</year>
    </meta>
    <link>
        <sublink>search</sublink>
        <sublink>searchsd</sublink>
    </link>
    <thumbnail>https://image.tmdb.org/t/p/w1280//tbv1aS4Vb9Jrj9TOOGeeSqtEQ68.jpg</thumbnail>
    <fanart>https://image.tmdb.org/t/p/w1280//cPmvAgksC9QkOdP8Q2Yb78W7FOD.jpg</fanart>
</item>
<item>
    <title>Cradle of Fear</title>
    <meta>
        <imdb>tt0291833</imdb>
        <content>movie</content>
        <title>Cradle of Fear</title>
        <year>2001</year>
    </meta>
    <link>
        <sublink>search</sublink>
        <sublink>searchsd</sublink>
    </link>
    <thumbnail>https://image.tmdb.org/t/p/w1280//mNFVGEe5lWvFwuy0Ih8fUHue8ic.jpg</thumbnail>
    <fanart>https://image.tmdb.org/t/p/w1280//sdwB0lOzeFxod9mk3Ynnvxy9qYJ.jpg</fanart>
</item>
<item>
    <title>Dagon</title>
    <meta>
        <imdb>tt0264508</imdb>
        <content>movie</content>
        <title>Dagon</title>
        <year>2001</year>
    </meta>
    <link>
        <sublink>search</sublink>
        <sublink>searchsd</sublink>
    </link>
    <thumbnail>https://image.tmdb.org/t/p/w1280//gsR5VEANjQI1Cl7GMRpnH7Cv0zi.jpg</thumbnail>
    <fanart>https://image.tmdb.org/t/p/w1280//ukaTVB2RFnZ6OeqoCSfltX1qOBN.jpg</fanart>
</item>
<item>
    <title>Demonicus</title>
    <meta>
        <imdb>tt0272069</imdb>
        <content>movie</content>
        <title>Demonicus</title>
        <year>2001</year>
    </meta>
    <link>
        <sublink>search</sublink>
        <sublink>searchsd</sublink>
    </link>
    <thumbnail>https://image.tmdb.org/t/p/w1280//9YTRxyufv7I1eYrYiMRJvvb04wx.jpg</thumbnail>
    <fanart/>
</item>
<item>
    <title>Earth vs. the Spider</title>
    <meta>
        <imdb>tt0282178</imdb>
        <content>movie</content>
        <title>Earth vs. the Spider</title>
        <year>2001</year>
    </meta>
    <link>
        <sublink>search</sublink>
        <sublink>searchsd</sublink>
    </link>
    <thumbnail>https://image.tmdb.org/t/p/w1280//nROvHpH4DmKs8rdJGmRqPIkCBj0.jpg</thumbnail>
    <fanart>https://image.tmdb.org/t/p/w1280//jhBRfYBShZIxJh0Jeq8IRGsfJWq.jpg</fanart>
</item>
<item>
    <title>The Devil's Backbone</title>
    <meta>
        <imdb>tt0256009</imdb>
        <content>movie</content>
        <title>The Devil's Backbone</title>
        <year>2001</year>
    </meta>
    <link>
        <sublink>search</sublink>
        <sublink>searchsd</sublink>
    </link>
    <thumbnail>https://image.tmdb.org/t/p/w1280//e9UizPFgoCnRCPtR0tyg2JNXY6A.jpg</thumbnail>
    <fanart>https://image.tmdb.org/t/p/w1280//vEK1JcaRbwK3jiVGZy78EMj11dI.jpg</fanart>
</item>
<item>
    <title>Elvira's Haunted Hills</title>
    <meta>
        <imdb>tt0265171</imdb>
        <content>movie</content>
        <title>Elvira's Haunted Hills</title>
        <year>2002</year>
    </meta>
    <link>
        <sublink>search</sublink>
        <sublink>searchsd</sublink>
    </link>
    <thumbnail>https://image.tmdb.org/t/p/w1280//8wjEFi75Kr0PtLMMmZKG2IfZAXO.jpg</thumbnail>
    <fanart>https://image.tmdb.org/t/p/w1280//eY7mUG59nA4bEI4X7jNAo0XrHWI.jpg</fanart>
</item>
<item>
    <title>Fausto 5.0</title>
    <meta>
        <imdb>tt0299873</imdb>
        <content>movie</content>
        <title>Fausto 5.0</title>
        <year>2001</year>
    </meta>
    <link>
        <sublink>search</sublink>
        <sublink>searchsd</sublink>
    </link>
    <thumbnail>https://image.tmdb.org/t/p/w1280//suVKllUbUo4QhAs47u5aqJQkg2R.jpg</thumbnail>
    <fanart>https://image.tmdb.org/t/p/w1280//9jEdIulwFGBg3utGc3JkbDr5Mx.jpg</fanart>
</item>
<item>
    <title>Final Stab</title>
    <meta>
        <imdb>tt0280672</imdb>
        <content>movie</content>
        <title>Final Stab</title>
        <year>2001</year>
    </meta>
    <link>
        <sublink>search</sublink>
        <sublink>searchsd</sublink>
    </link>
    <thumbnail>https://image.tmdb.org/t/p/w1280//nbtgBTICjp4FzidMdamxAGmuslJ.jpg</thumbnail>
    <fanart>https://image.tmdb.org/t/p/w1280//uBjgNoNBS49tnMjksYxXNzNjTVf.jpg</fanart>
</item>
<item>
    <title>The Forsaken</title>
    <meta>
        <imdb>tt0245120</imdb>
        <content>movie</content>
        <title>The Forsaken</title>
        <year>2001</year>
    </meta>
    <link>
        <sublink>search</sublink>
        <sublink>searchsd</sublink>
    </link>
    <thumbnail>https://image.tmdb.org/t/p/w1280//hKwscHAZKrjeOSF7Bvksejpt26m.jpg</thumbnail>
    <fanart>https://image.tmdb.org/t/p/w1280//pVJC3va9eaR6PvDc0yuC78BHUDL.jpg</fanart>
</item>
<item>
    <title>Frailty</title>
    <meta>
        <imdb>tt0264616</imdb>
        <content>movie</content>
        <title>Frailty</title>
        <year>2001</year>
    </meta>
    <link>
        <sublink>search</sublink>
        <sublink>searchsd</sublink>
    </link>
    <thumbnail>https://image.tmdb.org/t/p/w1280//z5EhMVaY7lVzNjYp8rK7Y3IJ11s.jpg</thumbnail>
    <fanart>https://image.tmdb.org/t/p/w1280//bhYsiT8V2yV4ZcnxxbIiJUKlRB2.jpg</fanart>
</item>
<item>
    <title>From Hell</title>
    <meta>
        <imdb>tt0120681</imdb>
        <content>movie</content>
        <title>From Hell</title>
        <year>2001</year>
    </meta>
    <link>
        <sublink>search</sublink>
        <sublink>searchsd</sublink>
    </link>
    <thumbnail>https://image.tmdb.org/t/p/w1280//f3J77Cy3pRSeeN52Pk8oIvgi6IN.jpg</thumbnail>
    <fanart>https://image.tmdb.org/t/p/w1280//7MtD34lQ0dWmyNSbte4VZuQRt0i.jpg</fanart>
</item>
<item>
    <title>Ghosts of Mars</title>
    <meta>
        <imdb>tt0228333</imdb>
        <content>movie</content>
        <title>Ghosts of Mars</title>
        <year>2001</year>
    </meta>
    <link>
        <sublink>search</sublink>
        <sublink>searchsd</sublink>
    </link>
    <thumbnail>https://image.tmdb.org/t/p/w1280//rBmkaKxRg55zBZr11EGbedFJM0.jpg</thumbnail>
    <fanart>https://image.tmdb.org/t/p/w1280//jF81VZCGjc6YJS2KqiPVqoYVuMq.jpg</fanart>
</item>
<item>
    <title>Hannibal</title>
    <meta>
        <imdb>tt0212985</imdb>
        <content>movie</content>
        <title>Hannibal</title>
        <year>2001</year>
    </meta>
    <link>
        <sublink>search</sublink>
        <sublink>searchsd</sublink>
    </link>
    <thumbnail>https://image.tmdb.org/t/p/w1280//v5wAZwRqpGWmyAaaJ8BBHYuNXnj.jpg</thumbnail>
    <fanart>https://image.tmdb.org/t/p/w1280//uq53wVM1DLRmKlgLmIs60mBvlP3.jpg</fanart>
</item>
<item>
    <title>Haunted Castle</title>
    <meta>
        <imdb>tt0278475</imdb>
        <content>movie</content>
        <title>Haunted Castle</title>
        <year>2001</year>
    </meta>
    <link>
        <sublink>search</sublink>
        <sublink>searchsd</sublink>
    </link>
    <thumbnail>https://image.tmdb.org/t/p/w1280//8zxjPpK84zAPyZguKr7eAUf71Il.jpg</thumbnail>
    <fanart/>
</item>
<item>
    <title>How to Make a Monster</title>
    <meta>
        <imdb>tt0281919</imdb>
        <content>movie</content>
        <title>How to Make a Monster</title>
        <year>2001</year>
    </meta>
    <link>
        <sublink>search</sublink>
        <sublink>searchsd</sublink>
    </link>
    <thumbnail>https://image.tmdb.org/t/p/w1280//sRPeQRTSd92G8bZT90OoxpdzNM7.jpg</thumbnail>
    <fanart>https://image.tmdb.org/t/p/w1280//liHRz5ExNz2Ovp72DbBXAkBUXRP.jpg</fanart>
</item>
<item>
    <title>Jason X</title>
    <meta>
        <imdb>tt0211443</imdb>
        <content>movie</content>
        <title>Jason X</title>
        <year>2001</year>
    </meta>
    <link>
        <sublink>search</sublink>
        <sublink>searchsd</sublink>
    </link>
    <thumbnail>https://image.tmdb.org/t/p/w1280//zdfRa0FLVxfRwWhwitIZhjEIepI.jpg</thumbnail>
    <fanart>https://image.tmdb.org/t/p/w1280//1WMJkYQTaU1JhIzqqydJ7pnzlbe.jpg</fanart>
</item>
<item>
    <title>Jeepers Creepers</title>
    <meta>
        <imdb>tt0263488</imdb>
        <content>movie</content>
        <title>Jeepers Creepers</title>
        <year>2001</year>
    </meta>
    <link>
        <sublink>search</sublink>
        <sublink>searchsd</sublink>
    </link>
    <thumbnail>https://image.tmdb.org/t/p/w1280//gaIiibMDw95MDT0QtpwMCFDSyQO.jpg</thumbnail>
    <fanart>https://image.tmdb.org/t/p/w1280//8GzRMaxi6xShhfyR9XDCCWpj1K6.jpg</fanart>
</item>
<item>
    <title>Jesus Christ Vampire Hunter</title>
    <meta>
        <imdb>tt0311361</imdb>
        <content>movie</content>
        <title>Jesus Christ Vampire Hunter</title>
        <year>2001</year>
    </meta>
    <link>
        <sublink>search</sublink>
        <sublink>searchsd</sublink>
    </link>
    <thumbnail>https://image.tmdb.org/t/p/w1280//lqosLv4P0OdJ2N5yAgtWFC1SSwi.jpg</thumbnail>
    <fanart>https://image.tmdb.org/t/p/w1280//F5kjiWLve5q64AOdRuVLQ3OMXN.jpg</fanart>
</item>
<item>
    <title>Joy Ride</title>
    <meta>
        <imdb>tt0206314</imdb>
        <content>movie</content>
        <title>Joy Ride</title>
        <year>2001</year>
    </meta>
    <link>
        <sublink>search</sublink>
        <sublink>searchsd</sublink>
    </link>
    <thumbnail>https://image.tmdb.org/t/p/w1280//q8y2T2LvJV0mvia1RA9pS1K33GR.jpg</thumbnail>
    <fanart>https://image.tmdb.org/t/p/w1280//wr9KMaCGGquZQqmjN8mRqOR2FeM.jpg</fanart>
</item>
<item>
    <title>Killer Buzz</title>
    <meta>
        <imdb>tt0282496</imdb>
        <content>movie</content>
        <title>Killer Buzz</title>
        <year>2001</year>
    </meta>
    <link>
        <sublink>search</sublink>
        <sublink>searchsd</sublink>
    </link>
    <thumbnail>https://image.tmdb.org/t/p/w1280//9utyT8BZVOEdbk0z36LqYeOW9F9.jpg</thumbnail>
    <fanart>https://image.tmdb.org/t/p/w1280//4E7bRINqSDd4qzdWNuu8HsFsSgQ.jpg</fanart>
</item>
<item>
    <title>Ichi the Killer</title>
    <meta>
        <imdb>tt0296042</imdb>
        <content>movie</content>
        <title>Ichi the Killer</title>
        <year>2001</year>
    </meta>
    <link>
        <sublink>search</sublink>
        <sublink>searchsd</sublink>
    </link>
    <thumbnail>https://image.tmdb.org/t/p/w1280//mkmwESVpq7KrcxdPMreTFqlNF0S.jpg</thumbnail>
    <fanart>https://image.tmdb.org/t/p/w1280//bma7e5YWIcvsy1tEuYqEHVY7qO7.jpg</fanart>
</item>
<item>
    <title>Brotherhood of the Wolf</title>
    <meta>
        <imdb>tt0237534</imdb>
        <content>movie</content>
        <title>Brotherhood of the Wolf</title>
        <year>2001</year>
    </meta>
    <link>
        <sublink>search</sublink>
        <sublink>searchsd</sublink>
    </link>
    <thumbnail>https://image.tmdb.org/t/p/w1280//xmcysdKsfTkr4QBmA2X28D7vS3F.jpg</thumbnail>
    <fanart>https://image.tmdb.org/t/p/w1280//l0GhQUGBjNxCA1kdDWaTPgsgNxF.jpg</fanart>
</item>
<item>
    <title>Mermaid Chronicles Part 1: She Creature</title>
    <meta>
        <imdb>tt0274659</imdb>
        <content>movie</content>
        <title>Mermaid Chronicles Part 1: She Creature</title>
        <year>2001</year>
    </meta>
    <link>
        <sublink>search</sublink>
        <sublink>searchsd</sublink>
    </link>
    <thumbnail>https://image.tmdb.org/t/p/w1280//pfgs9TXOCCsaLDEAQlnpxMBDz94.jpg</thumbnail>
    <fanart>https://image.tmdb.org/t/p/w1280//xVdXOqYIOstA7RWRmwdCpRXYAlW.jpg</fanart>
</item>
<item>
    <title>Mimic 2</title>
    <meta>
        <imdb>tt0239641</imdb>
        <content>movie</content>
        <title>Mimic 2</title>
        <year>2001</year>
    </meta>
    <link>
        <sublink>search</sublink>
        <sublink>searchsd</sublink>
    </link>
    <thumbnail>https://image.tmdb.org/t/p/w1280//13tSI83ucR7XuQcr7muAjNIgH91.jpg</thumbnail>
    <fanart>https://image.tmdb.org/t/p/w1280//3unnwvXvBy2OA45oQoYfvw0xnEU.jpg</fanart>
</item>
<item>
    <title>The Mummy Returns</title>
    <meta>
        <imdb>tt0209163</imdb>
        <content>movie</content>
        <title>The Mummy Returns</title>
        <year>2001</year>
    </meta>
    <link>
        <sublink>search</sublink>
        <sublink>searchsd</sublink>
    </link>
    <thumbnail>https://image.tmdb.org/t/p/w1280//hioiYUZVIuYIhagDGhIAjyNEUu0.jpg</thumbnail>
    <fanart>https://image.tmdb.org/t/p/w1280//22SUPrwoHNbMjZci1kRvBmCqrek.jpg</fanart>
</item>
<item>
    <title>The Others</title>
    <meta>
        <imdb>tt0230600</imdb>
        <content>movie</content>
        <title>The Others</title>
        <year>2001</year>
    </meta>
    <link>
        <sublink>search</sublink>
        <sublink>searchsd</sublink>
    </link>
    <thumbnail>https://image.tmdb.org/t/p/w1280//k9GpVK2dyMMzjciQiMdoaL1WUlS.jpg</thumbnail>
    <fanart>https://image.tmdb.org/t/p/w1280//sLZULNJbQ4ZlomXzFIKKzqr4dte.jpg</fanart>
</item>
<item>
    <title>Plaga zombie: Zona mutante</title>
    <meta>
        <imdb>tt0210909</imdb>
        <content>movie</content>
        <title>Plaga zombie: Zona mutante</title>
        <year>2001</year>
    </meta>
    <link>
        <sublink>search</sublink>
        <sublink>searchsd</sublink>
    </link>
    <thumbnail>https://image.tmdb.org/t/p/w1280//qhAUctglK7T7LSC0CBGM0dDavSW.jpg</thumbnail>
    <fanart>https://image.tmdb.org/t/p/w1280//bAXPC6cEi9gWMWl9SZLRvhGp9uX.jpg</fanart>
</item>
<item>
    <title>Route 666</title>
    <meta>
        <imdb>tt0215135</imdb>
        <content>movie</content>
        <title>Route 666</title>
        <year>2001</year>
    </meta>
    <link>
        <sublink>search</sublink>
        <sublink>searchsd</sublink>
    </link>
    <thumbnail>https://image.tmdb.org/t/p/w1280//rqNAd8DeSPNnJZzw4goalwORS9v.jpg</thumbnail>
    <fanart>https://image.tmdb.org/t/p/w1280//78izYYBfNqmMA67xYbRcfAoUBpg.jpg</fanart>
</item>
<item>
    <title>Scary Movie 2</title>
    <meta>
        <imdb>tt0257106</imdb>
        <content>movie</content>
        <title>Scary Movie 2</title>
        <year>2001</year>
    </meta>
    <link>
        <sublink>search</sublink>
        <sublink>searchsd</sublink>
    </link>
    <thumbnail>https://image.tmdb.org/t/p/w1280//tSGWhSResV2Cnqqr91TGKyZzf79.jpg</thumbnail>
    <fanart>https://image.tmdb.org/t/p/w1280//tcvPFdANexMxEsIUZnzjxBJbgkb.jpg</fanart>
</item>
<item>
    <title>Session 9</title>
    <meta>
        <imdb>tt0261983</imdb>
        <content>movie</content>
        <title>Session 9</title>
        <year>2001</year>
    </meta>
    <link>
        <sublink>search</sublink>
        <sublink>searchsd</sublink>
    </link>
    <thumbnail>https://image.tmdb.org/t/p/w1280//mWwrWhPHiHSoCWUkYcq4GplRF6V.jpg</thumbnail>
    <fanart>https://image.tmdb.org/t/p/w1280//d5tK8tUD4qhtfupIEaIGnnMSLiB.jpg</fanart>
</item>
<item>
    <title>Thir13en Ghosts</title>
    <meta>
        <imdb>tt0245674</imdb>
        <content>movie</content>
        <title>Thir13en Ghosts</title>
        <year>2001</year>
    </meta>
    <link>
        <sublink>search</sublink>
        <sublink>searchsd</sublink>
    </link>
    <thumbnail>https://image.tmdb.org/t/p/w1280//s4KZw4vmXfZGbPLBJB7RpWsiUxk.jpg</thumbnail>
    <fanart>https://image.tmdb.org/t/p/w1280//bVZNGCXhQMPpCCDr6HaYjqMULck.jpg</fanart>
</item>
<item>
    <title>Tremors 3: Back to Perfection</title>
    <meta>
        <imdb>tt0259685</imdb>
        <content>movie</content>
        <title>Tremors 3: Back to Perfection</title>
        <year>2001</year>
    </meta>
    <link>
        <sublink>search</sublink>
        <sublink>searchsd</sublink>
    </link>
    <thumbnail>https://image.tmdb.org/t/p/w1280//cC9z8aQMtuxdTfvRzM9MHGCo8A1.jpg</thumbnail>
    <fanart>https://image.tmdb.org/t/p/w1280//dPGIIakcRuuPVRrnFFwzwKdeREu.jpg</fanart>
</item>
<item>
    <title>Trouble Every Day</title>
    <meta>
        <imdb>tt0204700</imdb>
        <content>movie</content>
        <title>Trouble Every Day</title>
        <year>2001</year>
    </meta>
    <link>
        <sublink>search</sublink>
        <sublink>searchsd</sublink>
    </link>
    <thumbnail>https://image.tmdb.org/t/p/w1280//jn4799m6uB5P6ZUarlnxvZEZDFp.jpg</thumbnail>
    <fanart>https://image.tmdb.org/t/p/w1280//qwI01fbXvNwEQcaxsGHVmVXXaHG.jpg</fanart>
</item>
<item>
    <title>Wendigo</title>
    <meta>
        <imdb>tt0275067</imdb>
        <content>movie</content>
        <title>Wendigo</title>
        <year>2001</year>
    </meta>
    <link>
        <sublink>search</sublink>
        <sublink>searchsd</sublink>
    </link>
    <thumbnail>https://image.tmdb.org/t/p/w1280//8ynmGOhoaKXZ4Bxcuzf3nRzKo9t.jpg</thumbnail>
    <fanart>https://image.tmdb.org/t/p/w1280//eifdZu2F5LG8XUDaQoSSnboBWwY.jpg</fanart>
</item>
<item>
    <title>Wishmaster 3: Beyond the Gates of Hell</title>
    <meta>
        <imdb>tt0254871</imdb>
        <content>movie</content>
        <title>Wishmaster 3: Beyond the Gates of Hell</title>
        <year>2001</year>
    </meta>
    <link>
        <sublink>search</sublink>
        <sublink>searchsd</sublink>
    </link>
    <thumbnail>https://image.tmdb.org/t/p/w1280//dXLw1oRPwhDIspGQ3XB4SUCPBg6.jpg</thumbnail>
    <fanart>https://image.tmdb.org/t/p/w1280//4LW0y9MXlSIR1oxm1qQxFZmft4j.jpg</fanart>
</item>
<item>
    <title>The Happiness of the Katakuris</title>
    <meta>
        <imdb>tt0304262</imdb>
        <content>movie</content>
        <title>The Happiness of the Katakuris</title>
        <year>2001</year>
    </meta>
    <link>
        <sublink>search</sublink>
        <sublink>searchsd</sublink>
    </link>
    <thumbnail>https://image.tmdb.org/t/p/w1280//nHrTUw69wkrHHZhnrDotSfRI0Zv.jpg</thumbnail>
    <fanart>https://image.tmdb.org/t/p/w1280//lHu7Xm6ixfibDZ0ZLLYpQJj9Kwl.jpg</fanart>
</item>
<item>
    <title>Pulse</title>
    <meta>
        <imdb>tt0286751</imdb>
        <content>movie</content>
        <title>Pulse</title>
        <year>2001</year>
    </meta>
    <link>
        <sublink>search</sublink>
        <sublink>searchsd</sublink>
    </link>
    <thumbnail>https://image.tmdb.org/t/p/w1280//2unV6GQtDKszsEGql5Dylxg4sVP.jpg</thumbnail>
    <fanart>https://image.tmdb.org/t/p/w1280//7hOzekjvxiiydVdpOqCzruKVOCn.jpg</fanart>
</item>
<item>
    <title>Tomie: Re-birth</title>
    <meta>
        <imdb>tt0348225</imdb>
        <content>movie</content>
        <title>Tomie: Re-birth</title>
        <year>2001</year>
    </meta>
    <link>
        <sublink>search</sublink>
        <sublink>searchsd</sublink>
    </link>
    <thumbnail>https://image.tmdb.org/t/p/w1280//mKrzcC2P0yw1h7SrPjOGNhNrAhN.jpg</thumbnail>
    <fanart/>
</item>
<item>
    <title>Suicide Club</title>
    <meta>
        <imdb>tt0312843</imdb>
        <content>movie</content>
        <title>Suicide Club</title>
        <year>2001</year>
    </meta>
    <link>
        <sublink>search</sublink>
        <sublink>searchsd</sublink>
    </link>
    <thumbnail>https://image.tmdb.org/t/p/w1280//rDOSy29gAMP1Hve1v5q9z0Xir0H.jpg</thumbnail>
    <fanart>https://image.tmdb.org/t/p/w1280//h6QR6XEJqxtIQ7MlNn5TrTXIg5c.jpg</fanart>
</item>
<item>
    <title>Sorum</title>
    <meta>
        <imdb>tt0294929</imdb>
        <content>movie</content>
        <title>Sorum</title>
        <year>2001</year>
    </meta>
    <link>
        <sublink>search</sublink>
        <sublink>searchsd</sublink>
    </link>
    <thumbnail>https://image.tmdb.org/t/p/w1280//csJXk9gxxMiYMefwZt6dy4zxndy.jpg</thumbnail>
    <fanart>https://image.tmdb.org/t/p/w1280//a5nOiFwVem3IPfGeVLeMU6TxLGx.jpg</fanart>
</item>
