<item>
    <title>28 Days Later</title>
    <meta>
        <imdb>tt0289043</imdb>
        <content>movie</content>
        <title>28 Days Later</title>
        <year>2002</year>
    </meta>
    <link>
        <sublink>search</sublink>
        <sublink>searchsd</sublink>
    </link>
    <thumbnail>https://image.tmdb.org/t/p/w1280//xaYdxi1PBEAYvqknvAmMPK5Eff3.jpg</thumbnail>
    <fanart>https://image.tmdb.org/t/p/w1280//yUztTrOARxj1lgcPyrSCeGWigZO.jpg</fanart>
</item>
<item>
    <title>American Psycho 2: All American Girl</title>
    <meta>
        <imdb>tt0283877</imdb>
        <content>movie</content>
        <title>American Psycho 2: All American Girl</title>
        <year>2002</year>
    </meta>
    <link>
        <sublink>search</sublink>
        <sublink>searchsd</sublink>
    </link>
    <thumbnail>https://image.tmdb.org/t/p/w1280//358ZOf0RREltfcVN3BC1tXKzopV.jpg</thumbnail>
    <fanart>https://image.tmdb.org/t/p/w1280//vZEWQz77OcGo29NBAIjBCpzVhfq.jpg</fanart>
</item>
<item>
    <title>Bad Karma</title>
    <meta>
        <imdb>tt0271984</imdb>
        <content>movie</content>
        <title>Bad Karma</title>
        <year>2002</year>
    </meta>
    <link>
        <sublink>search</sublink>
        <sublink>searchsd</sublink>
    </link>
    <thumbnail>https://image.tmdb.org/t/p/w1280//7DfKgL19SHaXamn5AXyFDrFtbSr.jpg</thumbnail>
    <fanart>https://image.tmdb.org/t/p/w1280//5wsB62Zrgg8tjVqW1GE5VLvNkt3.jpg</fanart>
</item>
<item>
    <title>Blade II</title>
    <meta>
        <imdb>tt0187738</imdb>
        <content>movie</content>
        <title>Blade II</title>
        <year>2002</year>
    </meta>
    <link>
        <sublink>search</sublink>
        <sublink>searchsd</sublink>
    </link>
    <thumbnail>https://image.tmdb.org/t/p/w1280//jlURNpXCMK830CsGRd939PJLh8c.jpg</thumbnail>
    <fanart>https://image.tmdb.org/t/p/w1280//2n0kjNEI3uF0ju9H5jiE3rBk5C0.jpg</fanart>
</item>
<item>
    <title>Blood Feast 2: All U Can Eat</title>
    <meta>
        <imdb>tt0282386</imdb>
        <content>movie</content>
        <title>Blood Feast 2: All U Can Eat</title>
        <year>2002</year>
    </meta>
    <link>
        <sublink>search</sublink>
        <sublink>searchsd</sublink>
    </link>
    <thumbnail>https://image.tmdb.org/t/p/w1280//dgPakJ9t55u340ZgoVwJ1GtbvdD.jpg</thumbnail>
    <fanart/>
</item>
<item>
    <title>Bubba Ho-tep</title>
    <meta>
        <imdb>tt0281686</imdb>
        <content>movie</content>
        <title>Bubba Ho-tep</title>
        <year>2002</year>
    </meta>
    <link>
        <sublink>search</sublink>
        <sublink>searchsd</sublink>
    </link>
    <thumbnail>https://image.tmdb.org/t/p/w1280//tapqXzEMQWolWpULLjNycV38cYG.jpg</thumbnail>
    <fanart>https://image.tmdb.org/t/p/w1280//tB98T8R0hNQbjiK1b3fypurcsRM.jpg</fanart>
</item>
<item>
    <title>Cabin Fever</title>
    <meta>
        <imdb>tt0303816</imdb>
        <content>movie</content>
        <title>Cabin Fever</title>
        <year>2003</year>
    </meta>
    <link>
        <sublink>search</sublink>
        <sublink>searchsd</sublink>
    </link>
    <thumbnail>https://image.tmdb.org/t/p/w1280//pDFFHha2KwW6ZjvrZQtXaS6PIYV.jpg</thumbnail>
    <fanart>https://image.tmdb.org/t/p/w1280//20VCMP31N1ROZOsjCAojjgS08qA.jpg</fanart>
</item>
<item>
    <title>Crocodile 2: Death Swamp</title>
    <meta>
        <imdb>tt0257510</imdb>
        <content>movie</content>
        <title>Crocodile 2: Death Swamp</title>
        <year>2002</year>
    </meta>
    <link>
        <sublink>search</sublink>
        <sublink>searchsd</sublink>
    </link>
    <thumbnail>https://image.tmdb.org/t/p/w1280//5NKUMW6qbNna8yF7RPnkHkuq6bi.jpg</thumbnail>
    <fanart>https://image.tmdb.org/t/p/w1280//2R3TeGtbpm7iGkKwiS20e3vOWSx.jpg</fanart>
</item>
<item>
    <title>Cube2: Hypercube</title>
    <meta>
        <imdb>tt0285492</imdb>
        <content>movie</content>
        <title>Cube2: Hypercube</title>
        <year>2002</year>
    </meta>
    <link>
        <sublink>search</sublink>
        <sublink>searchsd</sublink>
    </link>
    <thumbnail>https://image.tmdb.org/t/p/w1280//6tPa2kvzsvOQTXK1JNO2JN9quBV.jpg</thumbnail>
    <fanart>https://image.tmdb.org/t/p/w1280//81HCFSa2dhgkJIVe3aLrftR3cX6.jpg</fanart>
</item>
<item>
    <title>D-Tox</title>
    <meta>
        <imdb>tt0160184</imdb>
        <content>movie</content>
        <title>D-Tox</title>
        <year>2002</year>
    </meta>
    <link>
        <sublink>search</sublink>
        <sublink>searchsd</sublink>
    </link>
    <thumbnail>https://image.tmdb.org/t/p/w1280//fiMHykdFwPF76Xtpl59hRTGo7Kf.jpg</thumbnail>
    <fanart>https://image.tmdb.org/t/p/w1280//BzjqbIZfEJO3rA4ir9EJjsouhY.jpg</fanart>
</item>
<item>
    <title>Dahmer</title>
    <meta>
        <imdb>tt0285728</imdb>
        <content>movie</content>
        <title>Dahmer</title>
        <year>2002</year>
    </meta>
    <link>
        <sublink>search</sublink>
        <sublink>searchsd</sublink>
    </link>
    <thumbnail>https://image.tmdb.org/t/p/w1280//puwSViyVgtB5is1BEITb6mO6ROp.jpg</thumbnail>
    <fanart>https://image.tmdb.org/t/p/w1280//qLoTj2r2dyubmSpPmmyLvllqnGj.jpg</fanart>
</item>
<item>
    <title>In My Skin</title>
    <meta>
        <imdb>tt0337961</imdb>
        <content>movie</content>
        <title>In My Skin</title>
        <year>2002</year>
    </meta>
    <link>
        <sublink>search</sublink>
        <sublink>searchsd</sublink>
    </link>
    <thumbnail>https://image.tmdb.org/t/p/w1280//8NpTq2to71J1Z5dc4eB1s6kZBwa.jpg</thumbnail>
    <fanart>https://image.tmdb.org/t/p/w1280//7u2LZNYYRenrlCaLQPWbsFp07WP.jpg</fanart>
</item>
<item>
    <title>Darkness</title>
    <meta>
        <imdb>tt0273517</imdb>
        <content>movie</content>
        <title>Darkness</title>
        <year>2002</year>
    </meta>
    <link>
        <sublink>search</sublink>
        <sublink>searchsd</sublink>
    </link>
    <thumbnail>https://image.tmdb.org/t/p/w1280//qzvLknSK4qyAb6lugJgnffS6aTa.jpg</thumbnail>
    <fanart>https://image.tmdb.org/t/p/w1280//6PvVYv0BgDM1ziSk1CkK84QDvPa.jpg</fanart>
</item>
<item>
    <title>Dead Above Ground</title>
    <meta>
        <imdb>tt0284045</imdb>
        <content>movie</content>
        <title>Dead Above Ground</title>
        <year>2002</year>
    </meta>
    <link>
        <sublink>search</sublink>
        <sublink>searchsd</sublink>
    </link>
    <thumbnail>https://image.tmdb.org/t/p/w1280//xHiH9y2KsYscHEWBuAkvdaSK31A.jpg</thumbnail>
    <fanart/>
</item>
<item>
    <title>Death Factory</title>
    <meta>
        <imdb>tt0325228</imdb>
        <content>movie</content>
        <title>Death Factory</title>
        <year>2002</year>
    </meta>
    <link>
        <sublink>search</sublink>
        <sublink>searchsd</sublink>
    </link>
    <thumbnail>https://image.tmdb.org/t/p/w1280//ijC6hyS3fXJ889v0E2gFgztNFiK.jpg</thumbnail>
    <fanart>https://image.tmdb.org/t/p/w1280//juq4A1loXJ4P0HcFEhZp5N94YP1.jpg</fanart>
</item>
<item>
    <title>Deathwatch</title>
    <meta>
        <imdb>tt0286306</imdb>
        <content>movie</content>
        <title>Deathwatch</title>
        <year>2002</year>
    </meta>
    <link>
        <sublink>search</sublink>
        <sublink>searchsd</sublink>
    </link>
    <thumbnail>https://image.tmdb.org/t/p/w1280//58zjT8SeELvGzSMNR9MguJZVkFw.jpg</thumbnail>
    <fanart>https://image.tmdb.org/t/p/w1280//8gHzDs3l0RVBhhgOMrJPXmjcgQ0.jpg</fanart>
</item>
<item>
    <title>Dog Soldiers</title>
    <meta>
        <imdb>tt0280609</imdb>
        <content>movie</content>
        <title>Dog Soldiers</title>
        <year>2002</year>
    </meta>
    <link>
        <sublink>search</sublink>
        <sublink>searchsd</sublink>
    </link>
    <thumbnail>https://image.tmdb.org/t/p/w1280//kJLGyrjnphk6DnaJhYVFFoWJcCy.jpg</thumbnail>
    <fanart>https://image.tmdb.org/t/p/w1280//uFKY4nrelMlin1PT8RlglBCmEar.jpg</fanart>
</item>
<item>
    <title>Dracula: Pages from a Virgin's Diary</title>
    <meta>
        <imdb>tt0293113</imdb>
        <content>movie</content>
        <title>Dracula: Pages from a Virgin's Diary</title>
        <year>2002</year>
    </meta>
    <link>
        <sublink>search</sublink>
        <sublink>searchsd</sublink>
    </link>
    <thumbnail>https://image.tmdb.org/t/p/w1280//qFL57Kl4ryskdgR1VeXxozcLqM5.jpg</thumbnail>
    <fanart>https://image.tmdb.org/t/p/w1280//6jGvsm3UhHem7dfMUts0aLkFhu7.jpg</fanart>
</item>
<item>
    <title>Eight Legged Freaks</title>
    <meta>
        <imdb>tt0271367</imdb>
        <content>movie</content>
        <title>Eight Legged Freaks</title>
        <year>2002</year>
    </meta>
    <link>
        <sublink>search</sublink>
        <sublink>searchsd</sublink>
    </link>
    <thumbnail>https://image.tmdb.org/t/p/w1280//bZ0NbGYLsMQvJK0DZbr8uu9poHU.jpg</thumbnail>
    <fanart>https://image.tmdb.org/t/p/w1280//uNQhUXEWOeU914lqfNcCAbaL8bJ.jpg</fanart>
</item>
<item>
    <title>The Era of Vampires</title>
    <meta>
        <imdb>tt0303970</imdb>
        <content>movie</content>
        <title>The Era of Vampires</title>
        <year>2002</year>
    </meta>
    <link>
        <sublink>search</sublink>
        <sublink>searchsd</sublink>
    </link>
    <thumbnail>https://image.tmdb.org/t/p/w1280//hzuqFhfJ78j0GF8PrD5LhpqQO7m.jpg</thumbnail>
    <fanart>https://image.tmdb.org/t/p/w1280//s0LsZB8pz3ACmKPS0yPGTb3ul0t.jpg</fanart>
</item>
<item>
    <title>FearDotCom</title>
    <meta>
        <imdb>tt0295254</imdb>
        <content>movie</content>
        <title>FearDotCom</title>
        <year>2002</year>
    </meta>
    <link>
        <sublink>search</sublink>
        <sublink>searchsd</sublink>
    </link>
    <thumbnail>https://image.tmdb.org/t/p/w1280//jEnXPGPVMmwnjhMg9PZmNqGVXke.jpg</thumbnail>
    <fanart>https://image.tmdb.org/t/p/w1280//djf65peKXZPW2WfrW3EnrM6FCmq.jpg</fanart>
</item>
<item>
    <title>Ghost Ship</title>
    <meta>
        <imdb>tt0288477</imdb>
        <content>movie</content>
        <title>Ghost Ship</title>
        <year>2002</year>
    </meta>
    <link>
        <sublink>search</sublink>
        <sublink>searchsd</sublink>
    </link>
    <thumbnail>https://image.tmdb.org/t/p/w1280//3zpmLxfZIusjsy9GEEk5zhxBqi6.jpg</thumbnail>
    <fanart>https://image.tmdb.org/t/p/w1280//gc4MW8gPXFNbVJIZBpIsYlmQaxB.jpg</fanart>
</item>
<item>
    <title>Groom Lake</title>
    <meta>
        <imdb>tt0270393</imdb>
        <content>movie</content>
        <title>Groom Lake</title>
        <year>2002</year>
    </meta>
    <link>
        <sublink>search</sublink>
        <sublink>searchsd</sublink>
    </link>
    <thumbnail>https://image.tmdb.org/t/p/w1280//wYGZGDyesqGRrg9JzmnJZNeupGX.jpg</thumbnail>
    <fanart>https://image.tmdb.org/t/p/w1280//lCDrQFX5QNZLLGXrSmjHMpK7HlY.jpg</fanart>
</item>
<item>
    <title>Halloween: Resurrection</title>
    <meta>
        <imdb>tt0220506</imdb>
        <content>movie</content>
        <title>Halloween: Resurrection</title>
        <year>2002</year>
    </meta>
    <link>
        <sublink>search</sublink>
        <sublink>searchsd</sublink>
    </link>
    <thumbnail>https://image.tmdb.org/t/p/w1280//luqA2pRzJ4OPxiS9zXa0arQljB1.jpg</thumbnail>
    <fanart>https://image.tmdb.org/t/p/w1280//szALvaFRJJkXHMoaJWBh7YLDoBD.jpg</fanart>
</item>
<item>
    <title>Hellraiser: Hellseeker</title>
    <meta>
        <imdb>tt0274546</imdb>
        <content>movie</content>
        <title>Hellraiser: Hellseeker</title>
        <year>2002</year>
    </meta>
    <link>
        <sublink>search</sublink>
        <sublink>searchsd</sublink>
    </link>
    <thumbnail>https://image.tmdb.org/t/p/w1280//3RpQyx0PoBiYRWqEIDx7AuUInge.jpg</thumbnail>
    <fanart>https://image.tmdb.org/t/p/w1280//khUiVoUpJFAcSQkS9BBKL9QOahI.jpg</fanart>
</item>
<item>
    <title>Horror</title>
    <meta>
        <imdb>tt0304166</imdb>
        <content>movie</content>
        <title>Horror</title>
        <year>2002</year>
    </meta>
    <link>
        <sublink>search</sublink>
        <sublink>searchsd</sublink>
    </link>
    <thumbnail>https://image.tmdb.org/t/p/w1280//1wex2qq6V7borm4G2wjLlV6WSwx.jpg</thumbnail>
    <fanart/>
</item>
<item>
    <title>Hunting Humans</title>
    <meta>
        <imdb>tt0339184</imdb>
        <content>movie</content>
        <title>Hunting Humans</title>
        <year>2003</year>
    </meta>
    <link>
        <sublink>search</sublink>
        <sublink>searchsd</sublink>
    </link>
    <thumbnail>https://image.tmdb.org/t/p/w1280//btg6rbiDNLlz7pWtrjGS33sXGX8.jpg</thumbnail>
    <fanart/>
</item>
<item>
    <title>Killer Barbys vs. Dracula</title>
    <meta>
        <imdb>tt0327001</imdb>
        <content>movie</content>
        <title>Killer Barbys vs. Dracula</title>
        <year>2002</year>
    </meta>
    <link>
        <sublink>search</sublink>
        <sublink>searchsd</sublink>
    </link>
    <thumbnail>https://image.tmdb.org/t/p/w1280//lvgqzZaKntqcM0vxEEx8BkxDNnm.jpg</thumbnail>
    <fanart/>
</item>
<item>
    <title>Long Time Dead</title>
    <meta>
        <imdb>tt0251806</imdb>
        <content>movie</content>
        <title>Long Time Dead</title>
        <year>2002</year>
    </meta>
    <link>
        <sublink>search</sublink>
        <sublink>searchsd</sublink>
    </link>
    <thumbnail>https://image.tmdb.org/t/p/w1280//1m2oulBX0QxmhMyj6MjTiVgG0ci.jpg</thumbnail>
    <fanart>https://image.tmdb.org/t/p/w1280//o1bZ9FZaYExtfAFdGJnm929DqnK.jpg</fanart>
</item>
<item>
    <title>Malefique</title>
    <meta>
        <imdb>tt0309832</imdb>
        <content>movie</content>
        <title>Malefique</title>
        <year>2002</year>
    </meta>
    <link>
        <sublink>search</sublink>
        <sublink>searchsd</sublink>
    </link>
    <thumbnail>https://image.tmdb.org/t/p/w1280//pc4XWmeUIY9XtKfZz8GakdOksdD.jpg</thumbnail>
    <fanart>https://image.tmdb.org/t/p/w1280//90JX2mwfPyK6tPJ3suOnMuCndIw.jpg</fanart>
</item>
<item>
    <title>May</title>
    <meta>
        <imdb>tt0303361</imdb>
        <content>movie</content>
        <title>May</title>
        <year>2002</year>
    </meta>
    <link>
        <sublink>search</sublink>
        <sublink>searchsd</sublink>
    </link>
    <thumbnail>https://image.tmdb.org/t/p/w1280//kUaoxNyLFhZ8tOKFXu4xQnZJYxa.jpg</thumbnail>
    <fanart>https://image.tmdb.org/t/p/w1280//hXDuVmsqmDZxt2i1CnRfWrjXadN.jpg</fanart>
</item>
<item>
    <title>The Mothman Prophecies</title>
    <meta>
        <imdb>tt0265349</imdb>
        <content>movie</content>
        <title>The Mothman Prophecies</title>
        <year>2002</year>
    </meta>
    <link>
        <sublink>search</sublink>
        <sublink>searchsd</sublink>
    </link>
    <thumbnail>https://image.tmdb.org/t/p/w1280//746O4Rn8TKRp2UZoenD4dgwmKMj.jpg</thumbnail>
    <fanart>https://image.tmdb.org/t/p/w1280//1m5i8hzRYVuKW4MLtXjZDrj6ZAr.jpg</fanart>
</item>
<item>
    <title>My Little Eye</title>
    <meta>
        <imdb>tt0280969</imdb>
        <content>movie</content>
        <title>My Little Eye</title>
        <year>2002</year>
    </meta>
    <link>
        <sublink>search</sublink>
        <sublink>searchsd</sublink>
    </link>
    <thumbnail>https://image.tmdb.org/t/p/w1280//3NYZyaXq9Z8uomEfatmsY6NjMFt.jpg</thumbnail>
    <fanart>https://image.tmdb.org/t/p/w1280//bBwt8NN6vkzDGXCt4shc8h8JmH9.jpg</fanart>
</item>
<item>
    <title>Nine Lives</title>
    <meta>
        <imdb>tt0318497</imdb>
        <content>movie</content>
        <title>Nine Lives</title>
        <year>2002</year>
    </meta>
    <link>
        <sublink>search</sublink>
        <sublink>searchsd</sublink>
    </link>
    <thumbnail>https://image.tmdb.org/t/p/w1280//4tx9yG8AHxYcrHucOSgHzPYI9Mu.jpg</thumbnail>
    <fanart>https://image.tmdb.org/t/p/w1280//sxaXXNTxtz6DEC28et3M55M0HGY.jpg</fanart>
</item>
<item>
    <title>Project Viper</title>
    <meta>
        <imdb>tt0310024</imdb>
        <content>movie</content>
        <title>Project Viper</title>
        <year>2002</year>
    </meta>
    <link>
        <sublink>search</sublink>
        <sublink>searchsd</sublink>
    </link>
    <thumbnail>https://image.tmdb.org/t/p/w1280//xel6uu8xF9VQqyhDqvC73AHVJAd.jpg</thumbnail>
    <fanart/>
</item>
<item>
    <title>Python 2</title>
    <meta>
        <imdb>tt0330795</imdb>
        <content>movie</content>
        <title>Python 2</title>
        <year>2002</year>
    </meta>
    <link>
        <sublink>search</sublink>
        <sublink>searchsd</sublink>
    </link>
    <thumbnail>https://image.tmdb.org/t/p/w1280//pZHg7QqjmovEx2m43aJf7lFGDZd.jpg</thumbnail>
    <fanart>https://image.tmdb.org/t/p/w1280//kg0a5yjAdG3bNjvdOFIr89opQwd.jpg</fanart>
</item>
<item>
    <title>Queen of the Damned</title>
    <meta>
        <imdb>tt0238546</imdb>
        <content>movie</content>
        <title>Queen of the Damned</title>
        <year>2002</year>
    </meta>
    <link>
        <sublink>search</sublink>
        <sublink>searchsd</sublink>
    </link>
    <thumbnail>https://image.tmdb.org/t/p/w1280//cF5wsCDJgBdM9nL6qtOaCIxg0dT.jpg</thumbnail>
    <fanart>https://image.tmdb.org/t/p/w1280//eR8BDUyk439EdcAW0EExG9tPRMI.jpg</fanart>
</item>
<item>
    <title>Red Dragon</title>
    <meta>
        <imdb>tt0289765</imdb>
        <content>movie</content>
        <title>Red Dragon</title>
        <year>2002</year>
    </meta>
    <link>
        <sublink>search</sublink>
        <sublink>searchsd</sublink>
    </link>
    <thumbnail>https://image.tmdb.org/t/p/w1280//sULs7GLEM2tqNBwE5ac5d6FRlBR.jpg</thumbnail>
    <fanart>https://image.tmdb.org/t/p/w1280//A6IaXiSXJ1nWBtM2YVIc0V8fIZv.jpg</fanart>
</item>
<item>
    <title>Resident Evil</title>
    <meta>
        <imdb>tt0120804</imdb>
        <content>movie</content>
        <title>Resident Evil</title>
        <year>2002</year>
    </meta>
    <link>
        <sublink>search</sublink>
        <sublink>searchsd</sublink>
    </link>
    <thumbnail>https://image.tmdb.org/t/p/w1280//5jdvEi57WBGuI5n2drG8FLAbYDp.jpg</thumbnail>
    <fanart>https://image.tmdb.org/t/p/w1280//s41Er80jGJf3tNkgYHxUCttjmwv.jpg</fanart>
</item>
<item>
    <title>The Ring</title>
    <meta>
        <imdb>tt0298130</imdb>
        <content>movie</content>
        <title>The Ring</title>
        <year>2002</year>
    </meta>
    <link>
        <sublink>search</sublink>
        <sublink>searchsd</sublink>
    </link>
    <thumbnail>https://image.tmdb.org/t/p/w1280//zHJFdhqEXZJxG653oZvOM3PmNON.jpg</thumbnail>
    <fanart>https://image.tmdb.org/t/p/w1280//gRQucG6XnNgSQn863V5ho50J3hx.jpg</fanart>
</item>
<item>
    <title>Shark Attack 3: Megalodon</title>
    <meta>
        <imdb>tt0313597</imdb>
        <content>movie</content>
        <title>Shark Attack 3: Megalodon</title>
        <year>2002</year>
    </meta>
    <link>
        <sublink>search</sublink>
        <sublink>searchsd</sublink>
    </link>
    <thumbnail>https://image.tmdb.org/t/p/w1280//fH0CYKmqxZJlmNEP9jzxmUdHGg8.jpg</thumbnail>
    <fanart>https://image.tmdb.org/t/p/w1280//8P5ZqlmV3hrqjlXXeoMTaj4Hdch.jpg</fanart>
</item>
<item>
    <title>T.T. Syndrome</title>
    <meta>
        <imdb>tt0249180</imdb>
        <content>movie</content>
        <title>T.T. Syndrome</title>
        <year>2002</year>
    </meta>
    <link>
        <sublink>search</sublink>
        <sublink>searchsd</sublink>
    </link>
    <thumbnail>https://image.tmdb.org/t/p/w1280//3LJmxcqkpRoP61OfGL1vNfdvimt.jpg</thumbnail>
    <fanart/>
</item>
<item>
    <title>The Untold</title>
    <meta>
        <imdb>tt0265944</imdb>
        <content>movie</content>
        <title>The Untold</title>
        <year>2002</year>
    </meta>
    <link>
        <sublink>search</sublink>
        <sublink>searchsd</sublink>
    </link>
    <thumbnail>https://image.tmdb.org/t/p/w1280//rPHneBW9Gles5QsFzSduoLAZVhy.jpg</thumbnail>
    <fanart>https://image.tmdb.org/t/p/w1280//t9nTR5T8hJ1D2SpS8vnNteTSDdl.jpg</fanart>
</item>
<item>
    <title>Wishcraft</title>
    <meta>
        <imdb>tt0255702</imdb>
        <content>movie</content>
        <title>Wishcraft</title>
        <year>2002</year>
    </meta>
    <link>
        <sublink>search</sublink>
        <sublink>searchsd</sublink>
    </link>
    <thumbnail>https://image.tmdb.org/t/p/w1280//pxi68Uft8PJEpvbbSM5ly0Y5pVW.jpg</thumbnail>
    <fanart>https://image.tmdb.org/t/p/w1280//6rI3g3GasFleaJR1mFFCcMe4oIZ.jpg</fanart>
</item>
<item>
    <title>The Wisher</title>
    <meta>
        <imdb>tt0354216</imdb>
        <content>movie</content>
        <title>The Wisher</title>
        <year>2002</year>
    </meta>
    <link>
        <sublink>search</sublink>
        <sublink>searchsd</sublink>
    </link>
    <thumbnail>https://image.tmdb.org/t/p/w1280//iAwIY63tOQ9I7qPmghpId727D3P.jpg</thumbnail>
    <fanart/>
</item>
<item>
    <title>Wishmaster 4: The Prophecy Fulfilled</title>
    <meta>
        <imdb>tt0254872</imdb>
        <content>movie</content>
        <title>Wishmaster 4: The Prophecy Fulfilled</title>
        <year>2002</year>
    </meta>
    <link>
        <sublink>search</sublink>
        <sublink>searchsd</sublink>
    </link>
    <thumbnail>https://image.tmdb.org/t/p/w1280//6j8uQyOdIylu8hJQ0mE34g6tp3Q.jpg</thumbnail>
    <fanart>https://image.tmdb.org/t/p/w1280//cjIY7VLjVGLVp46WqrhQemImEfr.jpg</fanart>
</item>
<item>
    <title>Wolfhound</title>
    <meta>
        <imdb>tt0328655</imdb>
        <content>movie</content>
        <title>Wolfhound</title>
        <year>2002</year>
    </meta>
    <link>
        <sublink>search</sublink>
        <sublink>searchsd</sublink>
    </link>
    <thumbnail>https://image.tmdb.org/t/p/w1280//cuX89Tm4HWixVP5OjAi7pVThwKj.jpg</thumbnail>
    <fanart/>
</item>
<item>
    <title>Dark Water</title>
    <meta>
        <imdb>tt0308379</imdb>
        <content>movie</content>
        <title>Dark Water</title>
        <year>2002</year>
    </meta>
    <link>
        <sublink>search</sublink>
        <sublink>searchsd</sublink>
    </link>
    <thumbnail>https://image.tmdb.org/t/p/w1280//h0f2nPiK2tKKL0UKqUsbySOsjBB.jpg</thumbnail>
    <fanart>https://image.tmdb.org/t/p/w1280//smJ6ld0eeKtU51VhHy9L4UFvJvM.jpg</fanart>
</item>
<item>
    <title>Ju-on: The Grudge</title>
    <meta>
        <imdb>tt0364385</imdb>
        <content>movie</content>
        <title>Ju-on: The Grudge</title>
        <year>2002</year>
    </meta>
    <link>
        <sublink>search</sublink>
        <sublink>searchsd</sublink>
    </link>
    <thumbnail>https://image.tmdb.org/t/p/w1280//mu7K4R7bcu4cFlaKrmm2r9qeTSI.jpg</thumbnail>
    <fanart>https://image.tmdb.org/t/p/w1280//wVxp3voKuZp7Wts19My5zRNxuOp.jpg</fanart>
</item>
<item>
    <title>The Eye</title>
    <meta>
        <imdb>tt0325655</imdb>
        <content>movie</content>
        <title>The Eye</title>
        <year>2002</year>
    </meta>
    <link>
        <sublink>search</sublink>
        <sublink>searchsd</sublink>
    </link>
    <thumbnail>https://image.tmdb.org/t/p/w1280//hfNaBtYUbnULXqUWEP3EUzBuk0P.jpg</thumbnail>
    <fanart>https://image.tmdb.org/t/p/w1280//pdDSLpUOYiGcJGKSwcYl2pB5mBP.jpg</fanart>
</item>
<item>
    <title>Phone</title>
    <meta>
        <imdb>tt0323630</imdb>
        <content>movie</content>
        <title>Phone</title>
        <year>2002</year>
    </meta>
    <link>
        <sublink>search</sublink>
        <sublink>searchsd</sublink>
    </link>
    <thumbnail>https://image.tmdb.org/t/p/w1280//5X92REqhucVRFwp8Kwo47fYTE1y.jpg</thumbnail>
    <fanart>https://image.tmdb.org/t/p/w1280//6jglCffybpZAlHVCYnRy1fUolcg.jpg</fanart>
</item>
