<item>
    <title>The Uninvited</title>
    <meta>
        <imdb>tt0358345</imdb>
        <content>movie</content>
        <title>The Uninvited</title>
        <year>2003</year>
    </meta>
    <link>
        <sublink>search</sublink>
        <sublink>searchsd</sublink>
    </link>
    <thumbnail>https://image.tmdb.org/t/p/w1280//wgF7uBzXS22UqeyXsjdwc0GvLLP.jpg</thumbnail>
    <fanart>https://image.tmdb.org/t/p/w1280//irDSIQnpGTbl6I0y7QWMDDmzJsn.jpg</fanart>
</item>
<item>
    <title>Beyond Re-Animator</title>
    <meta>
        <imdb>tt0222812</imdb>
        <content>movie</content>
        <title>Beyond Re-Animator</title>
        <year>2003</year>
    </meta>
    <link>
        <sublink>search</sublink>
        <sublink>searchsd</sublink>
    </link>
    <thumbnail>https://image.tmdb.org/t/p/w1280//aCTVONNITdRjSVNBWcrg1qlh3DO.jpg</thumbnail>
    <fanart>https://image.tmdb.org/t/p/w1280//5CPIk2eE3Nk4UPwx5HCHKDdIiJs.jpg</fanart>
</item>
<item>
    <title>Bhoot</title>
    <meta>
        <imdb>tt0341266</imdb>
        <content>movie</content>
        <title>Bhoot</title>
        <year>2003</year>
    </meta>
    <link>
        <sublink>search</sublink>
        <sublink>searchsd</sublink>
    </link>
    <thumbnail>https://image.tmdb.org/t/p/w1280//aA2K0paKFcw0ndA9meTQ8vS3n0B.jpg</thumbnail>
    <fanart>https://image.tmdb.org/t/p/w1280//7fZvoqMjG9q3sJBD4WwFDQrLeYz.jpg</fanart>
</item>
<item>
    <title>The Bone Snatcher</title>
    <meta>
        <imdb>tt0343449</imdb>
        <content>movie</content>
        <title>The Bone Snatcher</title>
        <year>2003</year>
    </meta>
    <link>
        <sublink>search</sublink>
        <sublink>searchsd</sublink>
    </link>
    <thumbnail>https://image.tmdb.org/t/p/w1280//dDvyQg8i6hUiU8PirlRLjwLKFFp.jpg</thumbnail>
    <fanart>https://image.tmdb.org/t/p/w1280//9uDB03qgISKFvbR6IAQeHyxmukL.jpg</fanart>
</item>
<item>
    <title>The Park</title>
    <meta>
        <imdb>tt0385598</imdb>
        <content>movie</content>
        <title>The Park</title>
        <year>2003</year>
    </meta>
    <link>
        <sublink>search</sublink>
        <sublink>searchsd</sublink>
    </link>
    <thumbnail>https://image.tmdb.org/t/p/w1280//yJghDV6LWCgTgRHhgds6iv1zGdr.jpg</thumbnail>
    <fanart>https://image.tmdb.org/t/p/w1280//rz1SSx4TaZA7J5i6a05IbfYQJfc.jpg</fanart>
</item>
<item>
    <title>Darkness Falls</title>
    <meta>
        <imdb>tt0282209</imdb>
        <content>movie</content>
        <title>Darkness Falls</title>
        <year>2003</year>
    </meta>
    <link>
        <sublink>search</sublink>
        <sublink>searchsd</sublink>
    </link>
    <thumbnail>https://image.tmdb.org/t/p/w1280//mQJXbHqu3984LXuDuFr9bF5axy6.jpg</thumbnail>
    <fanart>https://image.tmdb.org/t/p/w1280//gJrmsyKFwHAsk1FbQfTsyvEDTu0.jpg</fanart>
</item>
<item>
    <title>Dead End</title>
    <meta>
        <imdb>tt0308152</imdb>
        <content>movie</content>
        <title>Dead End</title>
        <year>2003</year>
    </meta>
    <link>
        <sublink>search</sublink>
        <sublink>searchsd</sublink>
    </link>
    <thumbnail>https://image.tmdb.org/t/p/w1280//51JnZig26aAUZ7zA4l5MkFCQ9th.jpg</thumbnail>
    <fanart>https://image.tmdb.org/t/p/w1280//mStA8L0tXViSfd89KeXatNIA5u8.jpg</fanart>
</item>
<item>
    <title>Dreamcatcher</title>
    <meta>
        <imdb>tt0285531</imdb>
        <content>movie</content>
        <title>Dreamcatcher</title>
        <year>2003</year>
    </meta>
    <link>
        <sublink>search</sublink>
        <sublink>searchsd</sublink>
    </link>
    <thumbnail>https://image.tmdb.org/t/p/w1280//A85mIkXdJvOwHxIQIEaN147GSLD.jpg</thumbnail>
    <fanart>https://image.tmdb.org/t/p/w1280//4fZGIqAW79EOhuUAmQ4STL7lDne.jpg</fanart>
</item>
<item>
    <title>Evil Breed: The Legend of Samhain</title>
    <meta>
        <imdb>tt0318040</imdb>
        <content>movie</content>
        <title>Evil Breed: The Legend of Samhain</title>
        <year>2002</year>
    </meta>
    <link>
        <sublink>search</sublink>
        <sublink>searchsd</sublink>
    </link>
    <thumbnail>https://image.tmdb.org/t/p/w1280//izk1yW2roygJPzA6CA9ORpPW3jX.jpg</thumbnail>
    <fanart>https://image.tmdb.org/t/p/w1280//eXFlIHtChqTHtxixao0h0oe6wav.jpg</fanart>
</item>
<item>
    <title>Final Destination 2</title>
    <meta>
        <imdb>tt0309593</imdb>
        <content>movie</content>
        <title>Final Destination 2</title>
        <year>2003</year>
    </meta>
    <link>
        <sublink>search</sublink>
        <sublink>searchsd</sublink>
    </link>
    <thumbnail>https://image.tmdb.org/t/p/w1280//2Tj8YJJuahzwUbdYDgydYX4Yj4Y.jpg</thumbnail>
    <fanart>https://image.tmdb.org/t/p/w1280//59xu0cANg5kIv0wqOIIr0990iBC.jpg</fanart>
</item>
<item>
    <title>Flesh for the Beast</title>
    <meta>
        <imdb>tt0372921</imdb>
        <content>movie</content>
        <title>Flesh for the Beast</title>
        <year>2003</year>
    </meta>
    <link>
        <sublink>search</sublink>
        <sublink>searchsd</sublink>
    </link>
    <thumbnail>https://image.tmdb.org/t/p/w1280//6ywG4fARY0yISLks9QmcWfTp1DZ.jpg</thumbnail>
    <fanart>https://image.tmdb.org/t/p/w1280//21QNdv0w7vS06vswVtkB3AaU6K3.jpg</fanart>
</item>
<item>
    <title>Freddy vs. Jason</title>
    <meta>
        <imdb>tt0329101</imdb>
        <content>movie</content>
        <title>Freddy vs. Jason</title>
        <year>2003</year>
    </meta>
    <link>
        <sublink>search</sublink>
        <sublink>searchsd</sublink>
    </link>
    <thumbnail>https://image.tmdb.org/t/p/w1280//smD9JEIKuvsllgjgrGTOzzbATeN.jpg</thumbnail>
    <fanart>https://image.tmdb.org/t/p/w1280//pHPi34ysBhhLVM9LVKwJ0nJPFqN.jpg</fanart>
</item>
<item>
    <title>Gacy</title>
    <meta>
        <imdb>tt0330181</imdb>
        <content>movie</content>
        <title>Gacy</title>
        <year>2003</year>
    </meta>
    <link>
        <sublink>search</sublink>
        <sublink>searchsd</sublink>
    </link>
    <thumbnail>https://image.tmdb.org/t/p/w1280//65OieL1GViTFuLCi803Mc4cCjrQ.jpg</thumbnail>
    <fanart>https://image.tmdb.org/t/p/w1280//cTSsK4wc8ctNOQFFhUocofYqZm.jpg</fanart>
</item>
<item>
    <title>Gothika</title>
    <meta>
        <imdb>tt0348836</imdb>
        <content>movie</content>
        <title>Gothika</title>
        <year>2003</year>
    </meta>
    <link>
        <sublink>search</sublink>
        <sublink>searchsd</sublink>
    </link>
    <thumbnail>https://image.tmdb.org/t/p/w1280//jwTiVNi21EhaP8QbkJkVUn2SYsa.jpg</thumbnail>
    <fanart>https://image.tmdb.org/t/p/w1280//vrUZrhCyTrw5MkQBD2AWyIAoGRS.jpg</fanart>
</item>
<item>
    <title>High Tension</title>
    <meta>
        <imdb>tt0338095</imdb>
        <content>movie</content>
        <title>High Tension</title>
        <year>2003</year>
    </meta>
    <link>
        <sublink>search</sublink>
        <sublink>searchsd</sublink>
    </link>
    <thumbnail>https://image.tmdb.org/t/p/w1280//oyyhw5Ph9p5M4pargwN2aE9OLCO.jpg</thumbnail>
    <fanart>https://image.tmdb.org/t/p/w1280//kmjHWTujBgdUXsS1hFB0lPwfccU.jpg</fanart>
</item>
<item>
    <title>House of 1000 Corpses</title>
    <meta>
        <imdb>tt0251736</imdb>
        <content>movie</content>
        <title>House of 1000 Corpses</title>
        <year>2003</year>
    </meta>
    <link>
        <sublink>search</sublink>
        <sublink>searchsd</sublink>
    </link>
    <thumbnail>https://image.tmdb.org/t/p/w1280//n2ZXryIYvGwZVPRhS4n5uSpSqu.jpg</thumbnail>
    <fanart>https://image.tmdb.org/t/p/w1280//pGBkdZQfyTAg20xQKjL9A05btL0.jpg</fanart>
</item>
<item>
    <title>House of the Dead</title>
    <meta>
        <imdb>tt0317676</imdb>
        <content>movie</content>
        <title>House of the Dead</title>
        <year>2003</year>
    </meta>
    <link>
        <sublink>search</sublink>
        <sublink>searchsd</sublink>
    </link>
    <thumbnail>https://image.tmdb.org/t/p/w1280//4Z1m6Q5n5GqZB3FcZqdZjPTl0vk.jpg</thumbnail>
    <fanart>https://image.tmdb.org/t/p/w1280//oCY9Y21Oe6HPfqo4bc51iVOr3rF.jpg</fanart>
</item>
<item>
    <title>Identity</title>
    <meta>
        <imdb>tt0309698</imdb>
        <content>movie</content>
        <title>Identity</title>
        <year>2003</year>
    </meta>
    <link>
        <sublink>search</sublink>
        <sublink>searchsd</sublink>
    </link>
    <thumbnail>https://image.tmdb.org/t/p/w1280//xSNSp2wmCUwFavxdkMF417hBc39.jpg</thumbnail>
    <fanart>https://image.tmdb.org/t/p/w1280//arcpWGGnUkGkakOwZo7xfPsaz7h.jpg</fanart>
</item>
<item>
    <title>Jeepers Creepers 2</title>
    <meta>
        <imdb>tt0301470</imdb>
        <content>movie</content>
        <title>Jeepers Creepers 2</title>
        <year>2003</year>
    </meta>
    <link>
        <sublink>search</sublink>
        <sublink>searchsd</sublink>
    </link>
    <thumbnail>https://image.tmdb.org/t/p/w1280//kYeoI6pFmt4mH6yndFgg0lyQZvL.jpg</thumbnail>
    <fanart>https://image.tmdb.org/t/p/w1280//6wRXMPdk21jNsXHcMJ3hJuahHjX.jpg</fanart>
</item>
<item>
    <title>LD 50 Lethal Dose</title>
    <meta>
        <imdb>tt0337659</imdb>
        <content>movie</content>
        <title>LD 50 Lethal Dose</title>
        <year>2003</year>
    </meta>
    <link>
        <sublink>search</sublink>
        <sublink>searchsd</sublink>
    </link>
    <thumbnail>https://image.tmdb.org/t/p/w1280//oFlHgyUTKitTcyoeWUUpuYSDwFs.jpg</thumbnail>
    <fanart>https://image.tmdb.org/t/p/w1280//12dfSvNbCcGKjVbGbtiAaJ26p6e.jpg</fanart>
</item>
<item>
    <title>The Last Horror Movie</title>
    <meta>
        <imdb>tt0319728</imdb>
        <content>movie</content>
        <title>The Last Horror Movie</title>
        <year>2004</year>
    </meta>
    <link>
        <sublink>search</sublink>
        <sublink>searchsd</sublink>
    </link>
    <thumbnail>https://image.tmdb.org/t/p/w1280//j6Ok8JETcTlclWCWCZR8dn3uXM9.jpg</thumbnail>
    <fanart/>
</item>
<item>
    <title>Leeches!</title>
    <meta>
        <imdb>tt0339288</imdb>
        <content>movie</content>
        <title>Leeches!</title>
        <year>2003</year>
    </meta>
    <link>
        <sublink>search</sublink>
        <sublink>searchsd</sublink>
    </link>
    <thumbnail>https://image.tmdb.org/t/p/w1280//eEvVgtgPvJvV0btrjujrQiEpUVv.jpg</thumbnail>
    <fanart>https://image.tmdb.org/t/p/w1280//fxvd25nKRPH18yfKqU8wQMA2Ilw.jpg</fanart>
</item>
<item>
    <title>Leprechaun: Back 2 tha Hood</title>
    <meta>
        <imdb>tt0339294</imdb>
        <content>movie</content>
        <title>Leprechaun: Back 2 tha Hood</title>
        <year>2003</year>
    </meta>
    <link>
        <sublink>search</sublink>
        <sublink>searchsd</sublink>
    </link>
    <thumbnail>https://image.tmdb.org/t/p/w1280//dIyJ9mA3mPW1WEme5tUjaadHrYb.jpg</thumbnail>
    <fanart>https://image.tmdb.org/t/p/w1280//6xZrqzy2Uhq1DvB0zdE834p4gfB.jpg</fanart>
</item>
<item>
    <title>The Locals</title>
    <meta>
        <imdb>tt0387357</imdb>
        <content>movie</content>
        <title>The Locals</title>
        <year>2003</year>
    </meta>
    <link>
        <sublink>search</sublink>
        <sublink>searchsd</sublink>
    </link>
    <thumbnail>https://image.tmdb.org/t/p/w1280//2Y64VIt5tABjoDMLekgijqXrZnF.jpg</thumbnail>
    <fanart>https://image.tmdb.org/t/p/w1280//xXaYwACDG76ikJHjIY64TfVnYG.jpg</fanart>
</item>
<item>
    <title>Mimic: Sentinel</title>
    <meta>
        <imdb>tt0330634</imdb>
        <content>movie</content>
        <title>Mimic: Sentinel</title>
        <year>2003</year>
    </meta>
    <link>
        <sublink>search</sublink>
        <sublink>searchsd</sublink>
    </link>
    <thumbnail>https://image.tmdb.org/t/p/w1280//vNAwfgBPZXprxfgx7cF5Cji4be1.jpg</thumbnail>
    <fanart>https://image.tmdb.org/t/p/w1280//fVpUfzk9Ncmj6vYyAgJJoKzvt8Y.jpg</fanart>
</item>
<item>
    <title>Monster Man</title>
    <meta>
        <imdb>tt0365513</imdb>
        <content>movie</content>
        <title>Monster Man</title>
        <year>2004</year>
    </meta>
    <link>
        <sublink>search</sublink>
        <sublink>searchsd</sublink>
    </link>
    <thumbnail>https://image.tmdb.org/t/p/w1280//pxm2HKFwUpq5dFjfCPt5nDm94IL.jpg</thumbnail>
    <fanart>https://image.tmdb.org/t/p/w1280//CasBoQ0mFJBPZ0w4JRVsR3Oh50.jpg</fanart>
</item>
<item>
    <title>Moon Child</title>
    <meta>
        <imdb>tt0365514</imdb>
        <content>movie</content>
        <title>Moon Child</title>
        <year>2003</year>
    </meta>
    <link>
        <sublink>search</sublink>
        <sublink>searchsd</sublink>
    </link>
    <thumbnail>https://image.tmdb.org/t/p/w1280//e2YC4liVvL1bdz2T5G3oOx7oPZJ.jpg</thumbnail>
    <fanart>https://image.tmdb.org/t/p/w1280//cD8m6ekvPVYvWxunbb22R4Tbtmr.jpg</fanart>
</item>
<item>
    <title>Octane</title>
    <meta>
        <imdb>tt0323465</imdb>
        <content>movie</content>
        <title>Octane</title>
        <year>2003</year>
    </meta>
    <link>
        <sublink>search</sublink>
        <sublink>searchsd</sublink>
    </link>
    <thumbnail>https://image.tmdb.org/t/p/w1280//1kh8SXNFJbBlbvZcLKNFqZOoFcy.jpg</thumbnail>
    <fanart>https://image.tmdb.org/t/p/w1280//dKHJhPCn2hjIq52fuBhhnP4sXON.jpg</fanart>
</item>
<item>
    <title>Puppet Master: The Legacy</title>
    <meta>
        <imdb>tt0390393</imdb>
        <content>movie</content>
        <title>Puppet Master: The Legacy</title>
        <year>2003</year>
    </meta>
    <link>
        <sublink>search</sublink>
        <sublink>searchsd</sublink>
    </link>
    <thumbnail>https://image.tmdb.org/t/p/w1280//ArNToKFFMHtwlwKpHLEJ7I4WVSj.jpg</thumbnail>
    <fanart>https://image.tmdb.org/t/p/w1280//7v8RICfhb0Qe5imfAw9Sy3sxHWT.jpg</fanart>
</item>
<item>
    <title>Red Riding Hood</title>
    <meta>
        <imdb>tt0388365</imdb>
        <content>movie</content>
        <title>Red Riding Hood</title>
        <year>2003</year>
    </meta>
    <link>
        <sublink>search</sublink>
        <sublink>searchsd</sublink>
    </link>
    <thumbnail>https://image.tmdb.org/t/p/w1280//a1OSDG1XR3IfGiqhbrQjLg89x6X.jpg</thumbnail>
    <fanart/>
</item>
<item>
    <title>Red Water</title>
    <meta>
        <imdb>tt0365677</imdb>
        <content>movie</content>
        <title>Red Water</title>
        <year>2003</year>
    </meta>
    <link>
        <sublink>search</sublink>
        <sublink>searchsd</sublink>
    </link>
    <thumbnail>https://image.tmdb.org/t/p/w1280//zcJLV9HqQqc3wRoNGKzJ7VfufpA.jpg</thumbnail>
    <fanart>https://image.tmdb.org/t/p/w1280//beLwGZuKAxCM43kwfvKO7OnKrQc.jpg</fanart>
</item>
<item>
    <title>Scarecrow Slayer</title>
    <meta>
        <imdb>tt0353984</imdb>
        <content>movie</content>
        <title>Scarecrow Slayer</title>
        <year>2003</year>
    </meta>
    <link>
        <sublink>search</sublink>
        <sublink>searchsd</sublink>
    </link>
    <thumbnail>https://image.tmdb.org/t/p/w1280//bp7xymGPxB3wODd4wItjN3j3xsR.jpg</thumbnail>
    <fanart>https://image.tmdb.org/t/p/w1280//payzedDbRk7U3dSdeHKF8b3MFqr.jpg</fanart>
</item>
<item>
    <title>Shark Zone</title>
    <meta>
        <imdb>tt0339236</imdb>
        <content>movie</content>
        <title>Shark Zone</title>
        <year>2003</year>
    </meta>
    <link>
        <sublink>search</sublink>
        <sublink>searchsd</sublink>
    </link>
    <thumbnail>https://image.tmdb.org/t/p/w1280//dfyDnfWP0SS2RH6DXiODQfaUOIR.jpg</thumbnail>
    <fanart>https://image.tmdb.org/t/p/w1280//x5Cq1UjIKblQN53rClu1npy84Rl.jpg</fanart>
</item>
<item>
    <title>Speed Demon</title>
    <meta>
        <imdb>tt0339714</imdb>
        <content>movie</content>
        <title>Speed Demon</title>
        <year>2003</year>
    </meta>
    <link>
        <sublink>search</sublink>
        <sublink>searchsd</sublink>
    </link>
    <thumbnail>https://image.tmdb.org/t/p/w1280//15T8XrZ1h3syQnebd3glhxNvbtq.jpg</thumbnail>
    <fanart>https://image.tmdb.org/t/p/w1280//hrqIbTcqOtrhLLSYGiyJp8xq5NB.jpg</fanart>
</item>
<item>
    <title>Strange Things Happen at Sundown</title>
    <meta>
        <imdb>tt0378814</imdb>
        <content>movie</content>
        <title>Strange Things Happen at Sundown</title>
        <year>2003</year>
    </meta>
    <link>
        <sublink>search</sublink>
        <sublink>searchsd</sublink>
    </link>
    <thumbnail>https://image.tmdb.org/t/p/w1280//rI8VvVaBOqARst1cIAAtjyCfTv4.jpg</thumbnail>
    <fanart/>
</item>
<item>
    <title>The Texas Chainsaw Massacre</title>
    <meta>
        <imdb>tt0324216</imdb>
        <content>movie</content>
        <title>The Texas Chainsaw Massacre</title>
        <year>2003</year>
    </meta>
    <link>
        <sublink>search</sublink>
        <sublink>searchsd</sublink>
    </link>
    <thumbnail>https://image.tmdb.org/t/p/w1280//gx7FCIOFGxqNyplF3t7qtmUv55g.jpg</thumbnail>
    <fanart>https://image.tmdb.org/t/p/w1280//KHG2Hbetp7thiMKp0dKIRR3f6C.jpg</fanart>
</item>
<item>
    <title>Undead</title>
    <meta>
        <imdb>tt0339840</imdb>
        <content>movie</content>
        <title>Undead</title>
        <year>2003</year>
    </meta>
    <link>
        <sublink>search</sublink>
        <sublink>searchsd</sublink>
    </link>
    <thumbnail>https://image.tmdb.org/t/p/w1280//7sFLfBpSMSmUaBGVXzHdzAE5ZHm.jpg</thumbnail>
    <fanart>https://image.tmdb.org/t/p/w1280//556imBnvBgA52ufGwpZmZRXWwYA.jpg</fanart>
</item>
<item>
    <title>Underworld</title>
    <meta>
        <imdb>tt0320691</imdb>
        <content>movie</content>
        <title>Underworld</title>
        <year>2003</year>
    </meta>
    <link>
        <sublink>search</sublink>
        <sublink>searchsd</sublink>
    </link>
    <thumbnail>https://image.tmdb.org/t/p/w1280//rdkxl5iXdpVU188cL1LLG3sy6z4.jpg</thumbnail>
    <fanart>https://image.tmdb.org/t/p/w1280//cPhRPAJWK8BuuJqqf6PztzvOlnZ.jpg</fanart>
</item>
<item>
    <title>Dark Woods</title>
    <meta>
        <imdb>tt0356176</imdb>
        <content>movie</content>
        <title>Dark Woods</title>
        <year>2003</year>
    </meta>
    <link>
        <sublink>search</sublink>
        <sublink>searchsd</sublink>
    </link>
    <thumbnail>https://image.tmdb.org/t/p/w1280//38dkMXsYBs8mYXaBGclWwSjigRD.jpg</thumbnail>
    <fanart>https://image.tmdb.org/t/p/w1280//8tO3NdK6t31ZxCOqQtbT556NpRl.jpg</fanart>
</item>
<item>
    <title>Willard</title>
    <meta>
        <imdb>tt0310357</imdb>
        <content>movie</content>
        <title>Willard</title>
        <year>2003</year>
    </meta>
    <link>
        <sublink>search</sublink>
        <sublink>searchsd</sublink>
    </link>
    <thumbnail>https://image.tmdb.org/t/p/w1280//81ZNmZg8cwa408HYMk16oBM4Cnx.jpg</thumbnail>
    <fanart>https://image.tmdb.org/t/p/w1280//tsyiJQFMFCBbigtwACmqZD3OoYa.jpg</fanart>
</item>
<item>
    <title>Wrong Turn</title>
    <meta>
        <imdb>tt0295700</imdb>
        <content>movie</content>
        <title>Wrong Turn</title>
        <year>2003</year>
    </meta>
    <link>
        <sublink>search</sublink>
        <sublink>searchsd</sublink>
    </link>
    <thumbnail>https://image.tmdb.org/t/p/w1280//kyn0ZC8tvLWuKN85mhlG1lwB1WQ.jpg</thumbnail>
    <fanart>https://image.tmdb.org/t/p/w1280//qHHlBPTpKyh9iTjx1cNMU8sXBnj.jpg</fanart>
</item>
<item>
    <title>Ju-on: The Grudge 2</title>
    <meta>
        <imdb>tt0367913</imdb>
        <content>movie</content>
        <title>Ju-on: The Grudge 2</title>
        <year>2003</year>
    </meta>
    <link>
        <sublink>search</sublink>
        <sublink>searchsd</sublink>
    </link>
    <thumbnail>https://image.tmdb.org/t/p/w1280//5GyD0knh4BsDNvbHatUxhpwXO8V.jpg</thumbnail>
    <fanart>https://image.tmdb.org/t/p/w1280//iFQzkPJYTHB3ivxvzFPlT94Bg3M.jpg</fanart>
</item>
<item>
    <title>Battlefield Baseball</title>
    <meta>
        <imdb>tt0384832</imdb>
        <content>movie</content>
        <title>Battlefield Baseball</title>
        <year>2003</year>
    </meta>
    <link>
        <sublink>search</sublink>
        <sublink>searchsd</sublink>
    </link>
    <thumbnail>https://image.tmdb.org/t/p/w1280//3kylniQm7SJZ4Vjsur40iek0yGw.jpg</thumbnail>
    <fanart>https://image.tmdb.org/t/p/w1280//w4FPE8013IsvaKDLL0u7j9kWA1N.jpg</fanart>
</item>
<item>
    <title>Gozu</title>
    <meta>
        <imdb>tt0361668</imdb>
        <content>movie</content>
        <title>Gozu</title>
        <year>2003</year>
    </meta>
    <link>
        <sublink>search</sublink>
        <sublink>searchsd</sublink>
    </link>
    <thumbnail>https://image.tmdb.org/t/p/w1280//a4icUvgtZ6AIsoiMUdkMaQyWITp.jpg</thumbnail>
    <fanart>https://image.tmdb.org/t/p/w1280//fnOUawmrH8MsVj63BTNsCZqQMcj.jpg</fanart>
</item>
<item>
    <title>One Missed Call</title>
    <meta>
        <imdb>tt0366292</imdb>
        <content>movie</content>
        <title>One Missed Call</title>
        <year>2003</year>
    </meta>
    <link>
        <sublink>search</sublink>
        <sublink>searchsd</sublink>
    </link>
    <thumbnail>https://image.tmdb.org/t/p/w1280//3x0PDN2CRp2Vl3Wn9JRXDZQdVHJ.jpg</thumbnail>
    <fanart>https://image.tmdb.org/t/p/w1280//jJi66aacu5lYb7FREM02wotbTp4.jpg</fanart>
</item>
<item>
    <title>Into the Mirror</title>
    <meta>
        <imdb>tt0372937</imdb>
        <content>movie</content>
        <title>Into the Mirror</title>
        <year>2003</year>
    </meta>
    <link>
        <sublink>search</sublink>
        <sublink>searchsd</sublink>
    </link>
    <thumbnail>https://image.tmdb.org/t/p/w1280//qQuKVOEnbCivyHYKRBuR164HofZ.jpg</thumbnail>
    <fanart>https://image.tmdb.org/t/p/w1280//b9fCsc1jkcggrWCHRWK3ic6DqeY.jpg</fanart>
</item>
<item>
    <title>Acacia</title>
    <meta>
        <imdb>tt0380164</imdb>
        <content>movie</content>
        <title>Acacia</title>
        <year>2003</year>
    </meta>
    <link>
        <sublink>search</sublink>
        <sublink>searchsd</sublink>
    </link>
    <thumbnail>https://image.tmdb.org/t/p/w1280//b0QOiiuyWbuwfdoeJT5KgWShJSI.jpg</thumbnail>
    <fanart/>
</item>
<item>
    <title>Wishing Stairs</title>
    <meta>
        <imdb>tt0370082</imdb>
        <content>movie</content>
        <title>Wishing Stairs</title>
        <year>2003</year>
    </meta>
    <link>
        <sublink>search</sublink>
        <sublink>searchsd</sublink>
    </link>
    <thumbnail>https://image.tmdb.org/t/p/w1280//u3BBZRpEvexrJ4dxsCGtDNxuW5o.jpg</thumbnail>
    <fanart>https://image.tmdb.org/t/p/w1280//lJli2n0pmQdY898zzUymfZUsnG.jpg</fanart>
</item>
<item>
    <title>A Tale of Two Sisters</title>
    <meta>
        <imdb>tt0365376</imdb>
        <content>movie</content>
        <title>A Tale of Two Sisters</title>
        <year>2003</year>
    </meta>
    <link>
        <sublink>search</sublink>
        <sublink>searchsd</sublink>
    </link>
    <thumbnail>https://image.tmdb.org/t/p/w1280//8fmnXoIw3e3J7YSr8bzcPica4Dk.jpg</thumbnail>
    <fanart>https://image.tmdb.org/t/p/w1280//dHeWtDSsPOvj01rhKjmSNBJpYFq.jpg</fanart>
</item>
