<item>
    <title>2001 Maniacs</title>
    <meta>
        <imdb>tt0264323</imdb>
        <content>movie</content>
        <title>2001 Maniacs</title>
        <year>2005</year>
    </meta>
    <link>
        <sublink>search</sublink>
        <sublink>searchsd</sublink>
    </link>
    <thumbnail>https://image.tmdb.org/t/p/w1280//iaNyu2g37ZNGlFLSmAxZ9TzvTPd.jpg</thumbnail>
    <fanart>https://image.tmdb.org/t/p/w1280//9AcCYLmnt3kCYT3C2XUXZV1rYS7.jpg</fanart>
</item>
<item>
    <title>All Souls Day: Dia de los Muertos</title>
    <meta>
        <imdb>tt0428212</imdb>
        <content>movie</content>
        <title>All Souls Day: Dia de los Muertos</title>
        <year>2005</year>
    </meta>
    <link>
        <sublink>search</sublink>
        <sublink>searchsd</sublink>
    </link>
    <thumbnail>https://image.tmdb.org/t/p/w1280//5CJk9kdFGwqG42IMzm554iSImCM.jpg</thumbnail>
    <fanart>https://image.tmdb.org/t/p/w1280//8rWf1WBcHjAc99kkoIchbCCCKAe.jpg</fanart>
</item>
<item>
    <title>Alone in the Dark</title>
    <meta>
        <imdb>tt0369226</imdb>
        <content>movie</content>
        <title>Alone in the Dark</title>
        <year>2005</year>
    </meta>
    <link>
        <sublink>search</sublink>
        <sublink>searchsd</sublink>
    </link>
    <thumbnail>https://image.tmdb.org/t/p/w1280//3HsprIjUEwYfnlEf7jumGm037Bk.jpg</thumbnail>
    <fanart>https://image.tmdb.org/t/p/w1280//jQEHbhmgaeQ7IwR2TUBONkVfnBx.jpg</fanart>
</item>
<item>
    <title>The Amityville Horror</title>
    <meta>
        <imdb>tt0384806</imdb>
        <content>movie</content>
        <title>The Amityville Horror</title>
        <year>2005</year>
    </meta>
    <link>
        <sublink>search</sublink>
        <sublink>searchsd</sublink>
    </link>
    <thumbnail>https://image.tmdb.org/t/p/w1280//cZW2ajrHSiA0Ar2o00g4ezUYqZX.jpg</thumbnail>
    <fanart>https://image.tmdb.org/t/p/w1280//zrLF8DtMgdiLfNbJU6VrhaN8Mpf.jpg</fanart>
</item>
<item>
    <title>An American Haunting</title>
    <meta>
        <imdb>tt0429573</imdb>
        <content>movie</content>
        <title>An American Haunting</title>
        <year>2005</year>
    </meta>
    <link>
        <sublink>search</sublink>
        <sublink>searchsd</sublink>
    </link>
    <thumbnail>https://image.tmdb.org/t/p/w1280//8JlrHQxwbvrfFyCF8II7IlTNiY5.jpg</thumbnail>
    <fanart>https://image.tmdb.org/t/p/w1280//AfEXfGOyHleuDcMAIXoDGlnJQYa.jpg</fanart>
</item>
<item>
    <title>Art of the Devil 2</title>
    <meta>
        <imdb>tt0756222</imdb>
        <content>movie</content>
        <title>Art of the Devil 2</title>
        <year>2005</year>
    </meta>
    <link>
        <sublink>search</sublink>
        <sublink>searchsd</sublink>
    </link>
    <thumbnail>https://image.tmdb.org/t/p/w1280//aBU2wQOrKLViXy5hiZRm2v2m10A.jpg</thumbnail>
    <fanart>https://image.tmdb.org/t/p/w1280//1MiouN05dNirfJykIvZX1I4177A.jpg</fanart>
</item>
<item>
    <title>Attack of the Sabretooth</title>
    <meta>
        <imdb>tt0443334</imdb>
        <content>movie</content>
        <title>Attack of the Sabretooth</title>
        <year>2005</year>
    </meta>
    <link>
        <sublink>search</sublink>
        <sublink>searchsd</sublink>
    </link>
    <thumbnail>https://image.tmdb.org/t/p/w1280//lruVjZ9OhMQOcBv6Ijk5dm74550.jpg</thumbnail>
    <fanart>https://image.tmdb.org/t/p/w1280//hTGWel83itsDCrT6ZwXhHPWSRws.jpg</fanart>
</item>
<item>
    <title>Aunt Rose</title>
    <meta>
        <imdb>tt0451142</imdb>
        <content>movie</content>
        <title>Aunt Rose</title>
        <year>2005</year>
    </meta>
    <link>
        <sublink>search</sublink>
        <sublink>searchsd</sublink>
    </link>
    <thumbnail>https://image.tmdb.org/t/p/w1280//28faM6eQGR7MZBGeiMwQA0R8Nbu.jpg</thumbnail>
    <fanart/>
</item>
<item>
    <title>Boo</title>
    <meta>
        <imdb>tt0385560</imdb>
        <content>movie</content>
        <title>Boo</title>
        <year>2005</year>
    </meta>
    <link>
        <sublink>search</sublink>
        <sublink>searchsd</sublink>
    </link>
    <thumbnail>https://image.tmdb.org/t/p/w1280//nKFMnoK4vHll9qYYsesz2PhWjIS.jpg</thumbnail>
    <fanart>https://image.tmdb.org/t/p/w1280//AflYz1Vx7ELF2TVxn1PtO3mctoo.jpg</fanart>
</item>
<item>
    <title>Boogeyman</title>
    <meta>
        <imdb>tt0357507</imdb>
        <content>movie</content>
        <title>Boogeyman</title>
        <year>2005</year>
    </meta>
    <link>
        <sublink>search</sublink>
        <sublink>searchsd</sublink>
    </link>
    <thumbnail>https://image.tmdb.org/t/p/w1280//uG61rNRVfBx7sHJp42wlN5yLouU.jpg</thumbnail>
    <fanart>https://image.tmdb.org/t/p/w1280//gEN5vnOpcFBYQzTDO8nlEOmlNd.jpg</fanart>
</item>
<item>
    <title>Boy Eats Girl</title>
    <meta>
        <imdb>tt0415679</imdb>
        <content>movie</content>
        <title>Boy Eats Girl</title>
        <year>2005</year>
    </meta>
    <link>
        <sublink>search</sublink>
        <sublink>searchsd</sublink>
    </link>
    <thumbnail>https://image.tmdb.org/t/p/w1280//6982IQ8M16T36QxGwA0xcwfhsY.jpg</thumbnail>
    <fanart>https://image.tmdb.org/t/p/w1280//tv4V2t6ekNdV1LN3CrYyuAoASny.jpg</fanart>
</item>
<item>
    <title>The Call of Cthulhu</title>
    <meta>
        <imdb>tt0478988</imdb>
        <content>movie</content>
        <title>The Call of Cthulhu</title>
        <year>2005</year>
    </meta>
    <link>
        <sublink>search</sublink>
        <sublink>searchsd</sublink>
    </link>
    <thumbnail>https://image.tmdb.org/t/p/w1280//odR6C8c7OqoD2ZF74wwjygHwACG.jpg</thumbnail>
    <fanart>https://image.tmdb.org/t/p/w1280//bNgi8wATi4dKpTMhdeZzHLeQ8Ik.jpg</fanart>
</item>
<item>
    <title>Camp Slaughter</title>
    <meta>
        <imdb>tt0462220</imdb>
        <content>movie</content>
        <title>Camp Slaughter</title>
        <year>2005</year>
    </meta>
    <link>
        <sublink>search</sublink>
        <sublink>searchsd</sublink>
    </link>
    <thumbnail>https://image.tmdb.org/t/p/w1280//puoOHQu3WIrpfUp7VvoTdR7FIlI.jpg</thumbnail>
    <fanart>https://image.tmdb.org/t/p/w1280//qbRhTFHDTCZXLOqLUaRjAb0I1Mo.jpg</fanart>
</item>
<item>
    <title>The Cave</title>
    <meta>
        <imdb>tt0402901</imdb>
        <content>movie</content>
        <title>The Cave</title>
        <year>2005</year>
    </meta>
    <link>
        <sublink>search</sublink>
        <sublink>searchsd</sublink>
    </link>
    <thumbnail>https://image.tmdb.org/t/p/w1280//6UE07AsyGzhiI6mcidlIiAkHlX0.jpg</thumbnail>
    <fanart>https://image.tmdb.org/t/p/w1280//tVhb5riMg1oqIkRhOqMjLAHqy2j.jpg</fanart>
</item>
<item>
    <title>Constantine</title>
    <meta>
        <imdb>tt0360486</imdb>
        <content>movie</content>
        <title>Constantine</title>
        <year>2005</year>
    </meta>
    <link>
        <sublink>search</sublink>
        <sublink>searchsd</sublink>
    </link>
    <thumbnail>https://image.tmdb.org/t/p/w1280//qYTerimWp1t1zSEKknn9mByhwbX.jpg</thumbnail>
    <fanart>https://image.tmdb.org/t/p/w1280//bGXup8uvaIrp6mLisZ8AJtl6DNA.jpg</fanart>
</item>
<item>
    <title>Cruel World</title>
    <meta>
        <imdb>tt0419663</imdb>
        <content>movie</content>
        <title>Cruel World</title>
        <year>2005</year>
    </meta>
    <link>
        <sublink>search</sublink>
        <sublink>searchsd</sublink>
    </link>
    <thumbnail>https://image.tmdb.org/t/p/w1280//uPee6Nq6IxIOnG9KYnY5kxZP2cw.jpg</thumbnail>
    <fanart>https://image.tmdb.org/t/p/w1280//zWrWiMgVFxyNe21W6XoK2lVxJfT.jpg</fanart>
</item>
<item>
    <title>Cry Wolf</title>
    <meta>
        <imdb>tt0384286</imdb>
        <content>movie</content>
        <title>Cry Wolf</title>
        <year>2005</year>
    </meta>
    <link>
        <sublink>search</sublink>
        <sublink>searchsd</sublink>
    </link>
    <thumbnail>https://image.tmdb.org/t/p/w1280//s9eaVjgtFAiMpQac6I1vle6zcy5.jpg</thumbnail>
    <fanart>https://image.tmdb.org/t/p/w1280//oSpS3iyoZ58LLcC8TMl122bd7yl.jpg</fanart>
</item>
<item>
    <title>Dark Water</title>
    <meta>
        <imdb>tt0382628</imdb>
        <content>movie</content>
        <title>Dark Water</title>
        <year>2005</year>
    </meta>
    <link>
        <sublink>search</sublink>
        <sublink>searchsd</sublink>
    </link>
    <thumbnail>https://image.tmdb.org/t/p/w1280//62Gtqvje0qhTBTBoDxJRMPePyHM.jpg</thumbnail>
    <fanart>https://image.tmdb.org/t/p/w1280//emR9beEMZoxeyVV8cb4628BVBTc.jpg</fanart>
</item>
<item>
    <title>Death Tunnel</title>
    <meta>
        <imdb>tt0418627</imdb>
        <content>movie</content>
        <title>Death Tunnel</title>
        <year>2005</year>
    </meta>
    <link>
        <sublink>search</sublink>
        <sublink>searchsd</sublink>
    </link>
    <thumbnail>https://image.tmdb.org/t/p/w1280//1yyIR5vfQvBoC2QK9ejnmTFoYgo.jpg</thumbnail>
    <fanart>https://image.tmdb.org/t/p/w1280//lyqv36XIGndGtKmnZBVq64ntQah.jpg</fanart>
</item>
<item>
    <title>The Descent</title>
    <meta>
        <imdb>tt0435625</imdb>
        <content>movie</content>
        <title>The Descent</title>
        <year>2005</year>
    </meta>
    <link>
        <sublink>search</sublink>
        <sublink>searchsd</sublink>
    </link>
    <thumbnail>https://image.tmdb.org/t/p/w1280//ldzNyitGjBLjjOzLTaQyYDMVDF1.jpg</thumbnail>
    <fanart>https://image.tmdb.org/t/p/w1280//yiJonnQUW5luTsQy2KuUuOZqtjM.jpg</fanart>
</item>
<item>
    <title>The Devil's Rejects</title>
    <meta>
        <imdb>tt0395584</imdb>
        <content>movie</content>
        <title>The Devil's Rejects</title>
        <year>2005</year>
    </meta>
    <link>
        <sublink>search</sublink>
        <sublink>searchsd</sublink>
    </link>
    <thumbnail>https://image.tmdb.org/t/p/w1280//jSWt4aJizmXmPXV3SBQGTWhwuCB.jpg</thumbnail>
    <fanart>https://image.tmdb.org/t/p/w1280//fmo48Lt8XtMWeHeXJzi5SbPCJud.jpg</fanart>
</item>
<item>
    <title>Die You Zombie Bastards!</title>
    <meta>
        <imdb>tt0349349</imdb>
        <content>movie</content>
        <title>Die You Zombie Bastards!</title>
        <year>2005</year>
    </meta>
    <link>
        <sublink>search</sublink>
        <sublink>searchsd</sublink>
    </link>
    <thumbnail>https://image.tmdb.org/t/p/w1280//nk9uTexW53Q2JsQ22j0H9ro7KS0.png</thumbnail>
    <fanart/>
</item>
<item>
    <title>Doll Graveyard</title>
    <meta>
        <imdb>tt0482495</imdb>
        <content>movie</content>
        <title>Doll Graveyard</title>
        <year>2005</year>
    </meta>
    <link>
        <sublink>search</sublink>
        <sublink>searchsd</sublink>
    </link>
    <thumbnail>https://image.tmdb.org/t/p/w1280//kPc346NVcFnPozr4tox0A8uOi8K.jpg</thumbnail>
    <fanart/>
</item>
<item>
    <title>Dominion: Prequel to the Exorcist</title>
    <meta>
        <imdb>tt0449086</imdb>
        <content>movie</content>
        <title>Dominion: Prequel to the Exorcist</title>
        <year>2005</year>
    </meta>
    <link>
        <sublink>search</sublink>
        <sublink>searchsd</sublink>
    </link>
    <thumbnail>https://image.tmdb.org/t/p/w1280//3jIQOCB8ghrxvfWzSjzNv41LR9P.jpg</thumbnail>
    <fanart>https://image.tmdb.org/t/p/w1280//t9nWzNIVohUYp1qEJo2ECYq5MoF.jpg</fanart>
</item>
<item>
    <title>Doom</title>
    <meta>
        <imdb>tt0419706</imdb>
        <content>movie</content>
        <title>Doom</title>
        <year>2005</year>
    </meta>
    <link>
        <sublink>search</sublink>
        <sublink>searchsd</sublink>
    </link>
    <thumbnail>https://image.tmdb.org/t/p/w1280//7oZj7PCNh3G8xo9xs33suIpubv8.jpg</thumbnail>
    <fanart>https://image.tmdb.org/t/p/w1280//8PV8cLmcANo5Jx4EBipD60kET8X.jpg</fanart>
</item>
<item>
    <title>Evil Aliens</title>
    <meta>
        <imdb>tt0383353</imdb>
        <content>movie</content>
        <title>Evil Aliens</title>
        <year>2006</year>
    </meta>
    <link>
        <sublink>search</sublink>
        <sublink>searchsd</sublink>
    </link>
    <thumbnail>https://image.tmdb.org/t/p/w1280//2km2nU1XoTdMOT9VyVOU8fSlmE7.jpg</thumbnail>
    <fanart>https://image.tmdb.org/t/p/w1280//keokcuyosAbrCSor7YMTBDuXTbA.jpg</fanart>
</item>
<item>
    <title>The Exorcism of Emily Rose</title>
    <meta>
        <imdb>tt0404032</imdb>
        <content>movie</content>
        <title>The Exorcism of Emily Rose</title>
        <year>2005</year>
    </meta>
    <link>
        <sublink>search</sublink>
        <sublink>searchsd</sublink>
    </link>
    <thumbnail>https://image.tmdb.org/t/p/w1280//lDffYgWFiAfA7ztBW6R4LWdjXK6.jpg</thumbnail>
    <fanart>https://image.tmdb.org/t/p/w1280//6thnbe32tzVJlNHGmAKaHoQJRwP.jpg</fanart>
</item>
<item>
    <title>Feast</title>
    <meta>
        <imdb>tt0426459</imdb>
        <content>movie</content>
        <title>Feast</title>
        <year>2005</year>
    </meta>
    <link>
        <sublink>search</sublink>
        <sublink>searchsd</sublink>
    </link>
    <thumbnail>https://image.tmdb.org/t/p/w1280//zSzqfS57ARBeUJEvAgeO7OZ5EB7.jpg</thumbnail>
    <fanart>https://image.tmdb.org/t/p/w1280//xSaXHgpejFinDZ82RSWQmNeIgG9.jpg</fanart>
</item>
<item>
    <title>The Fog</title>
    <meta>
        <imdb>tt0432291</imdb>
        <content>movie</content>
        <title>The Fog</title>
        <year>2005</year>
    </meta>
    <link>
        <sublink>search</sublink>
        <sublink>searchsd</sublink>
    </link>
    <thumbnail>https://image.tmdb.org/t/p/w1280//qZ3Prt6jBvCWI08MsS9cPMM5lMi.jpg</thumbnail>
    <fanart>https://image.tmdb.org/t/p/w1280//r9UetZlMpkr0DvEHNdk7hVclEA0.jpg</fanart>
</item>
<item>
    <title>The Gingerdead Man</title>
    <meta>
        <imdb>tt0364376</imdb>
        <content>movie</content>
        <title>The Gingerdead Man</title>
        <year>2005</year>
    </meta>
    <link>
        <sublink>search</sublink>
        <sublink>searchsd</sublink>
    </link>
    <thumbnail>https://image.tmdb.org/t/p/w1280//3Qrgn8UVBJxPbaahmwLcryjMnaq.jpg</thumbnail>
    <fanart>https://image.tmdb.org/t/p/w1280//uENb48at6cjt5OD2e3ho1tkFXa9.jpg</fanart>
</item>
<item>
    <title>Hellraiser: Hellworld</title>
    <meta>
        <imdb>tt0354623</imdb>
        <content>movie</content>
        <title>Hellraiser: Hellworld</title>
        <year>2005</year>
    </meta>
    <link>
        <sublink>search</sublink>
        <sublink>searchsd</sublink>
    </link>
    <thumbnail>https://image.tmdb.org/t/p/w1280//vDQqM85h527Nax7mfavTR3sSqFO.jpg</thumbnail>
    <fanart>https://image.tmdb.org/t/p/w1280//buvqZEUTE16UlevOeweWuPELrgH.jpg</fanart>
</item>
<item>
    <title>Hide and Seek</title>
    <meta>
        <imdb>tt0382077</imdb>
        <content>movie</content>
        <title>Hide and Seek</title>
        <year>2005</year>
    </meta>
    <link>
        <sublink>search</sublink>
        <sublink>searchsd</sublink>
    </link>
    <thumbnail>https://image.tmdb.org/t/p/w1280//g8qIjDUzru1c0reqca7dJ6cmte8.jpg</thumbnail>
    <fanart>https://image.tmdb.org/t/p/w1280//gGFDS4JxyhftFR6fIqgRfQ31TYr.jpg</fanart>
</item>
<item>
    <title>Hostel</title>
    <meta>
        <imdb>tt0450278</imdb>
        <content>movie</content>
        <title>Hostel</title>
        <year>2005</year>
    </meta>
    <link>
        <sublink>search</sublink>
        <sublink>searchsd</sublink>
    </link>
    <thumbnail>https://image.tmdb.org/t/p/w1280//zF3pEs1CUbjPgioxDH4h2MEHsWl.jpg</thumbnail>
    <fanart>https://image.tmdb.org/t/p/w1280//9jTL24i6meo6u5hHEPwUY8TD1N4.jpg</fanart>
</item>
<item>
    <title>House of Wax</title>
    <meta>
        <imdb>tt0397065</imdb>
        <content>movie</content>
        <title>House of Wax</title>
        <year>2005</year>
    </meta>
    <link>
        <sublink>search</sublink>
        <sublink>searchsd</sublink>
    </link>
    <thumbnail>https://image.tmdb.org/t/p/w1280//uM1RebQywM5PPYsauayefpXGxVk.jpg</thumbnail>
    <fanart>https://image.tmdb.org/t/p/w1280//9WRj8tXnfl3aSTv4ydEHTipxQ0e.jpg</fanart>
</item>
<item>
    <title>Jolly Roger: Massacre at Cutter's Cove</title>
    <meta>
        <imdb>tt0452636</imdb>
        <content>movie</content>
        <title>Jolly Roger: Massacre at Cutter's Cove</title>
        <year>2005</year>
    </meta>
    <link>
        <sublink>search</sublink>
        <sublink>searchsd</sublink>
    </link>
    <thumbnail>https://image.tmdb.org/t/p/w1280//ntkiovOl7evhJ6e9glHcvc91P8w.jpg</thumbnail>
    <fanart/>
</item>
<item>
    <title>Land of the Dead</title>
    <meta>
        <imdb>tt0418819</imdb>
        <content>movie</content>
        <title>Land of the Dead</title>
        <year>2005</year>
    </meta>
    <link>
        <sublink>search</sublink>
        <sublink>searchsd</sublink>
    </link>
    <thumbnail>https://image.tmdb.org/t/p/w1280//1VYvkSiyJg9Za2R5KSHjUygLKEq.jpg</thumbnail>
    <fanart>https://image.tmdb.org/t/p/w1280//auPv1B8wVHnDn9ypAxeit44CFMN.jpg</fanart>
</item>
<item>
    <title>Man-Thing</title>
    <meta>
        <imdb>tt0290747</imdb>
        <content>movie</content>
        <title>Man-Thing</title>
        <year>2005</year>
    </meta>
    <link>
        <sublink>search</sublink>
        <sublink>searchsd</sublink>
    </link>
    <thumbnail>https://image.tmdb.org/t/p/w1280//tKr7NAq9P1kpAcjZk0PdNjkSxfu.jpg</thumbnail>
    <fanart>https://image.tmdb.org/t/p/w1280//9AVKEh2E1kOon9ZqL26hE4cTc5d.jpg</fanart>
</item>
<item>
    <title>Reeker</title>
    <meta>
        <imdb>tt0393635</imdb>
        <content>movie</content>
        <title>Reeker</title>
        <year>2005</year>
    </meta>
    <link>
        <sublink>search</sublink>
        <sublink>searchsd</sublink>
    </link>
    <thumbnail>https://image.tmdb.org/t/p/w1280//qLatxMV1II3D8JvmoyyZb6mnOKH.jpg</thumbnail>
    <fanart>https://image.tmdb.org/t/p/w1280//ory7O7gBbWo2cHh1yW8hYwKcfDC.jpg</fanart>
</item>
<item>
    <title>Return of the Living Dead: Necropolis</title>
    <meta>
        <imdb>tt0411805</imdb>
        <content>movie</content>
        <title>Return of the Living Dead: Necropolis</title>
        <year>2005</year>
    </meta>
    <link>
        <sublink>search</sublink>
        <sublink>searchsd</sublink>
    </link>
    <thumbnail>https://image.tmdb.org/t/p/w1280//8csCc00c2ummTHPiuS5eXIucA0I.jpg</thumbnail>
    <fanart>https://image.tmdb.org/t/p/w1280//pAD4FAkCERB3sDprJM4f5YaKL3v.jpg</fanart>
</item>
<item>
    <title>Return of the Living Dead: Rave to the Grave</title>
    <meta>
        <imdb>tt0411806</imdb>
        <content>movie</content>
        <title>Return of the Living Dead: Rave to the Grave</title>
        <year>2005</year>
    </meta>
    <link>
        <sublink>search</sublink>
        <sublink>searchsd</sublink>
    </link>
    <thumbnail>https://image.tmdb.org/t/p/w1280//pKWR5x6JGSRgNGsiJmlGm0WxKXF.jpg</thumbnail>
    <fanart>https://image.tmdb.org/t/p/w1280//gcwe6gvegOAGi5sBFFfDW7Z3WpM.jpg</fanart>
</item>
<item>
    <title>The Ring Two</title>
    <meta>
        <imdb>tt0377109</imdb>
        <content>movie</content>
        <title>The Ring Two</title>
        <year>2005</year>
    </meta>
    <link>
        <sublink>search</sublink>
        <sublink>searchsd</sublink>
    </link>
    <thumbnail>https://image.tmdb.org/t/p/w1280//mYZdcd5XeZkye72oQejkLuAGI7q.jpg</thumbnail>
    <fanart>https://image.tmdb.org/t/p/w1280//mZAIBWJnbhdAVGKuPgx3d0x5kSK.jpg</fanart>
</item>
<item>
    <title>Saw II</title>
    <meta>
        <imdb>tt0432348</imdb>
        <content>movie</content>
        <title>Saw II</title>
        <year>2005</year>
    </meta>
    <link>
        <sublink>search</sublink>
        <sublink>searchsd</sublink>
    </link>
    <thumbnail>https://image.tmdb.org/t/p/w1280//vC7ggR8njwtQOZRmrSvMtHqy9hx.jpg</thumbnail>
    <fanart>https://image.tmdb.org/t/p/w1280//AiVEqxrkov15dfzliosRXcE0w39.jpg</fanart>
</item>
<item>
    <title>The Skeleton Key</title>
    <meta>
        <imdb>tt0397101</imdb>
        <content>movie</content>
        <title>The Skeleton Key</title>
        <year>2005</year>
    </meta>
    <link>
        <sublink>search</sublink>
        <sublink>searchsd</sublink>
    </link>
    <thumbnail>https://image.tmdb.org/t/p/w1280//kP7s8PGey0E36JaFoFq2d3gRKNY.jpg</thumbnail>
    <fanart>https://image.tmdb.org/t/p/w1280//nht88bfERhQmtawEYb4IkdnUGai.jpg</fanart>
</item>
<item>
    <title>Tamara</title>
    <meta>
        <imdb>tt0401815</imdb>
        <content>movie</content>
        <title>Tamara</title>
        <year>2005</year>
    </meta>
    <link>
        <sublink>search</sublink>
        <sublink>searchsd</sublink>
    </link>
    <thumbnail>https://image.tmdb.org/t/p/w1280//cOYCyY3P64P2CkhMzA8wTAw0pFJ.jpg</thumbnail>
    <fanart>https://image.tmdb.org/t/p/w1280//oQU0MqRsERG1KGr32IBohtc3bTx.jpg</fanart>
</item>
<item>
    <title>Urban Legends: Bloody Mary</title>
    <meta>
        <imdb>tt0451957</imdb>
        <content>movie</content>
        <title>Urban Legends: Bloody Mary</title>
        <year>2005</year>
    </meta>
    <link>
        <sublink>search</sublink>
        <sublink>searchsd</sublink>
    </link>
    <thumbnail>https://image.tmdb.org/t/p/w1280//5yIqUhlKaJFlCSqndSe4BWE7fW6.jpg</thumbnail>
    <fanart>https://image.tmdb.org/t/p/w1280//37Kh4jou3DPP7wSXQPap8KHu4x8.jpg</fanart>
</item>
<item>
    <title>Within</title>
    <meta>
        <imdb>tt0451262</imdb>
        <content>movie</content>
        <title>Within</title>
        <year>2005</year>
    </meta>
    <link>
        <sublink>search</sublink>
        <sublink>searchsd</sublink>
    </link>
    <thumbnail>https://image.tmdb.org/t/p/w1280//heBarj3rb6Zi1NUaoJ6DCGmFJqe.jpg</thumbnail>
    <fanart>https://image.tmdb.org/t/p/w1280//w4AtYnriDH1UTZNHlkIQ8rFD4hW.jpg</fanart>
</item>
<item>
    <title>Wolf Creek</title>
    <meta>
        <imdb>tt0416315</imdb>
        <content>movie</content>
        <title>Wolf Creek</title>
        <year>2005</year>
    </meta>
    <link>
        <sublink>search</sublink>
        <sublink>searchsd</sublink>
    </link>
    <thumbnail>https://image.tmdb.org/t/p/w1280//eiQqXee0LwUvwHWp6QnZDoP1qdI.jpg</thumbnail>
    <fanart>https://image.tmdb.org/t/p/w1280//frkFxkU02YpPDi6bOSCwUBSd6I4.jpg</fanart>
</item>
<item>
    <title>One Missed Call 2</title>
    <meta>
        <imdb>tt0451010</imdb>
        <content>movie</content>
        <title>One Missed Call 2</title>
        <year>2005</year>
    </meta>
    <link>
        <sublink>search</sublink>
        <sublink>searchsd</sublink>
    </link>
    <thumbnail>https://image.tmdb.org/t/p/w1280//mbEtfU4WcwKG84dHpSPJV9KZTqq.jpg</thumbnail>
    <fanart>https://image.tmdb.org/t/p/w1280//2X9q3pAvZFnA2pUk28BMoiRmtCN.jpg</fanart>
</item>
<item>
    <title>The Booth</title>
    <meta>
        <imdb>tt0760506</imdb>
        <content>movie</content>
        <title>The Booth</title>
        <year>2005</year>
    </meta>
    <link>
        <sublink>search</sublink>
        <sublink>searchsd</sublink>
    </link>
    <thumbnail>https://image.tmdb.org/t/p/w1280//nsfT9OQwbR1Ge4Pt5i4L41llZIs.jpg</thumbnail>
    <fanart/>
</item>
<item>
    <title>Cello</title>
    <meta>
        <imdb>tt0475532</imdb>
        <content>movie</content>
        <title>Cello</title>
        <year>2005</year>
    </meta>
    <link>
        <sublink>search</sublink>
        <sublink>searchsd</sublink>
    </link>
    <thumbnail>https://image.tmdb.org/t/p/w1280//9EiLTFHWalicKwvmq6eHGIYhZf3.jpg</thumbnail>
    <fanart/>
</item>
