<item>
    <title>1408</title>
    <meta>
        <imdb>tt0450385</imdb>
        <content>movie</content>
        <title>1408</title>
        <year>2007</year>
    </meta>
    <link>
        <sublink>search</sublink>
        <sublink>searchsd</sublink>
    </link>
    <thumbnail>https://image.tmdb.org/t/p/w1280//4onX7UF2MPUgIpkUerLC3dpVfNZ.jpg</thumbnail>
    <fanart>https://image.tmdb.org/t/p/w1280//om5m4YIDzHC5nEQkyLUUxIwcXZa.jpg</fanart>
</item>
<item>
    <title>28 Weeks Later</title>
    <meta>
        <imdb>tt0463854</imdb>
        <content>movie</content>
        <title>28 Weeks Later</title>
        <year>2007</year>
    </meta>
    <link>
        <sublink>search</sublink>
        <sublink>searchsd</sublink>
    </link>
    <thumbnail>https://image.tmdb.org/t/p/w1280//kcJ99AtUykDhpzfQOApsViQa3fj.jpg</thumbnail>
    <fanart>https://image.tmdb.org/t/p/w1280//q4GEKbi4ZO2lhZJg0Zr6kYNKQgm.jpg</fanart>
</item>
<item>
    <title>30 Days of Night</title>
    <meta>
        <imdb>tt0389722</imdb>
        <content>movie</content>
        <title>30 Days of Night</title>
        <year>2007</year>
    </meta>
    <link>
        <sublink>search</sublink>
        <sublink>searchsd</sublink>
    </link>
    <thumbnail>https://image.tmdb.org/t/p/w1280//utaOrixJukf5HrlMjmHrRhA7DKk.jpg</thumbnail>
    <fanart>https://image.tmdb.org/t/p/w1280//o3DpXmKBjLUNrd7P1R1cyO5sQsn.jpg</fanart>
</item>
<item>
    <title>Aliens vs Predator: Requiem</title>
    <meta>
        <imdb>tt0758730</imdb>
        <content>movie</content>
        <title>Aliens vs Predator: Requiem</title>
        <year>2007</year>
    </meta>
    <link>
        <sublink>search</sublink>
        <sublink>searchsd</sublink>
    </link>
    <thumbnail>https://image.tmdb.org/t/p/w1280//xR4Mslyum7bjzAF1rlUX2HrlwhZ.jpg</thumbnail>
    <fanart>https://image.tmdb.org/t/p/w1280//6yIuPyK6ZtlApMj9XYYSxY37Emp.jpg</fanart>
</item>
<item>
    <title>Black Water</title>
    <meta>
        <imdb>tt0816436</imdb>
        <content>movie</content>
        <title>Black Water</title>
        <year>2007</year>
    </meta>
    <link>
        <sublink>search</sublink>
        <sublink>searchsd</sublink>
    </link>
    <thumbnail>https://image.tmdb.org/t/p/w1280//eoLKVlcg2kq22dCW58WqHqYSteK.jpg</thumbnail>
    <fanart>https://image.tmdb.org/t/p/w1280//oqkbIfxOFFncu1aBBEOZung3Pmp.jpg</fanart>
</item>
<item>
    <title>Blood and Chocolate</title>
    <meta>
        <imdb>tt0397044</imdb>
        <content>movie</content>
        <title>Blood and Chocolate</title>
        <year>2007</year>
    </meta>
    <link>
        <sublink>search</sublink>
        <sublink>searchsd</sublink>
    </link>
    <thumbnail>https://image.tmdb.org/t/p/w1280//g4PQ1tNyA7EMi9bxhP1R3Lo9byh.jpg</thumbnail>
    <fanart>https://image.tmdb.org/t/p/w1280//3A2ntCC58aLV9DKcH8C3cRY4Kp6.jpg</fanart>
</item>
<item>
    <title>Borderland</title>
    <meta>
        <imdb>tt0452592</imdb>
        <content>movie</content>
        <title>Borderland</title>
        <year>2007</year>
    </meta>
    <link>
        <sublink>search</sublink>
        <sublink>searchsd</sublink>
    </link>
    <thumbnail>https://image.tmdb.org/t/p/w1280//g8wTmHsYePIuRAL0Ub4YsdKs6Xd.jpg</thumbnail>
    <fanart>https://image.tmdb.org/t/p/w1280//fqGMEQKW95418Vq6p1yZmyFFEzW.jpg</fanart>
</item>
<item>
    <title>Captivity</title>
    <meta>
        <imdb>tt0374563</imdb>
        <content>movie</content>
        <title>Captivity</title>
        <year>2007</year>
    </meta>
    <link>
        <sublink>search</sublink>
        <sublink>searchsd</sublink>
    </link>
    <thumbnail>https://image.tmdb.org/t/p/w1280//om0Q8zamIz37CEtbXeoHV9jKlpq.jpg</thumbnail>
    <fanart>https://image.tmdb.org/t/p/w1280//ftq1D7DLfwqyWqMBCORyBcVWCdK.jpg</fanart>
</item>
<item>
    <title>Dead Silence</title>
    <meta>
        <imdb>tt0455760</imdb>
        <content>movie</content>
        <title>Dead Silence</title>
        <year>2007</year>
    </meta>
    <link>
        <sublink>search</sublink>
        <sublink>searchsd</sublink>
    </link>
    <thumbnail>https://image.tmdb.org/t/p/w1280//gRe2XJPOSFH9ZJe5oOsrtnX0eeB.jpg</thumbnail>
    <fanart>https://image.tmdb.org/t/p/w1280//tR09Vod2LPZXp3O4gGokLcpD8O4.jpg</fanart>
</item>
<item>
    <title>Dead Tone</title>
    <meta>
        <imdb>tt0462160</imdb>
        <content>movie</content>
        <title>Dead Tone</title>
        <year>2007</year>
    </meta>
    <link>
        <sublink>search</sublink>
        <sublink>searchsd</sublink>
    </link>
    <thumbnail>https://image.tmdb.org/t/p/w1280//qeQ9LnBP2ThWbWFAolf5fNuuveL.jpg</thumbnail>
    <fanart>https://image.tmdb.org/t/p/w1280//sQaYNzDz7VoI4cs3QaPaHwb4JZR.jpg</fanart>
</item>
<item>
    <title>Death Proof</title>
    <meta>
        <imdb>tt1028528</imdb>
        <content>movie</content>
        <title>Death Proof</title>
        <year>2007</year>
    </meta>
    <link>
        <sublink>search</sublink>
        <sublink>searchsd</sublink>
    </link>
    <thumbnail>https://image.tmdb.org/t/p/w1280//nyQBcpxqS4im2akQlWG9Y1oeM2V.jpg</thumbnail>
    <fanart>https://image.tmdb.org/t/p/w1280//6Rss31Ui3pvViTObhyuNRTwYsOt.jpg</fanart>
</item>
<item>
    <title>The Deaths of Ian Stone</title>
    <meta>
        <imdb>tt0810823</imdb>
        <content>movie</content>
        <title>The Deaths of Ian Stone</title>
        <year>2007</year>
    </meta>
    <link>
        <sublink>search</sublink>
        <sublink>searchsd</sublink>
    </link>
    <thumbnail>https://image.tmdb.org/t/p/w1280//vAxpHHougKWVM48RbsjfV8aHNMp.jpg</thumbnail>
    <fanart>https://image.tmdb.org/t/p/w1280//wbQoifWS2faxpFqPFlTBg87SsXC.jpg</fanart>
</item>
<item>
    <title>Devil's Diary</title>
    <meta>
        <imdb>tt1018820</imdb>
        <content>movie</content>
        <title>Devil's Diary</title>
        <year>2007</year>
    </meta>
    <link>
        <sublink>search</sublink>
        <sublink>searchsd</sublink>
    </link>
    <thumbnail>https://image.tmdb.org/t/p/w1280//xXj7oCnKXoBEweeQHHnW1VrARsl.jpg</thumbnail>
    <fanart>https://image.tmdb.org/t/p/w1280//aX7unC1RtE3zYGuBN65eKB9luXR.jpg</fanart>
</item>
<item>
    <title>Diary of the Dead</title>
    <meta>
        <imdb>tt0848557</imdb>
        <content>movie</content>
        <title>Diary of the Dead</title>
        <year>2007</year>
    </meta>
    <link>
        <sublink>search</sublink>
        <sublink>searchsd</sublink>
    </link>
    <thumbnail>https://image.tmdb.org/t/p/w1280//wQ08zkWwKmOPJSwaeHTJwxDEh2I.jpg</thumbnail>
    <fanart>https://image.tmdb.org/t/p/w1280//bm10e0XGHEY0OMFsQMfFDwnvoyq.jpg</fanart>
</item>
<item>
    <title>Drive Thru</title>
    <meta>
        <imdb>tt0466766</imdb>
        <content>movie</content>
        <title>Drive Thru</title>
        <year>2007</year>
    </meta>
    <link>
        <sublink>search</sublink>
        <sublink>searchsd</sublink>
    </link>
    <thumbnail>https://image.tmdb.org/t/p/w1280//A7jj7Sm99ClbIE96cR0lqQh4mog.jpg</thumbnail>
    <fanart>https://image.tmdb.org/t/p/w1280//8JSzuwykHHnLIYexaHmT7H9s2WE.jpg</fanart>
</item>
<item>
    <title>Flight of the Living Dead: Outbreak on a Plane</title>
    <meta>
        <imdb>tt0780583</imdb>
        <content>movie</content>
        <title>Flight of the Living Dead: Outbreak on a Plane</title>
        <year>2007</year>
    </meta>
    <link>
        <sublink>search</sublink>
        <sublink>searchsd</sublink>
    </link>
    <thumbnail>https://image.tmdb.org/t/p/w1280//2OT9DH5vVcG2Ft1of5SUtkyf8n1.jpg</thumbnail>
    <fanart>https://image.tmdb.org/t/p/w1280//p5Dny4Op1bH29WQ1TI13NVMiZMg.jpg</fanart>
</item>
<item>
    <title>Frontier(s)</title>
    <meta>
        <imdb>tt0814685</imdb>
        <content>movie</content>
        <title>Frontier(s)</title>
        <year>2007</year>
    </meta>
    <link>
        <sublink>search</sublink>
        <sublink>searchsd</sublink>
    </link>
    <thumbnail>https://image.tmdb.org/t/p/w1280//bWd5u7MWgInE6JYx00f8CzfDNw5.jpg</thumbnail>
    <fanart>https://image.tmdb.org/t/p/w1280//797NHoM5WWad5h0gw8ipVFM6YRs.jpg</fanart>
</item>
<item>
    <title>The Girl Next Door</title>
    <meta>
        <imdb>tt0830558</imdb>
        <content>movie</content>
        <title>The Girl Next Door</title>
        <year>2007</year>
    </meta>
    <link>
        <sublink>search</sublink>
        <sublink>searchsd</sublink>
    </link>
    <thumbnail>https://image.tmdb.org/t/p/w1280//cJnTIvxS5ZMZGXRTeEgNUz4fyrT.jpg</thumbnail>
    <fanart>https://image.tmdb.org/t/p/w1280//u4ojeMIOYBTWyI32L9vIikKQUXX.jpg</fanart>
</item>
<item>
    <title>Grindhouse</title>
    <meta>
        <imdb>tt0462322</imdb>
        <content>movie</content>
        <title>Grindhouse</title>
        <year>2007</year>
    </meta>
    <link>
        <sublink>search</sublink>
        <sublink>searchsd</sublink>
    </link>
    <thumbnail>https://image.tmdb.org/t/p/w1280//oATTOsfalnnFObVNUWiP9MieLIm.jpg</thumbnail>
    <fanart>https://image.tmdb.org/t/p/w1280//iLcCUlDOCAINgxVFNV69ykVeknV.jpg</fanart>
</item>
<item>
    <title>Halloween</title>
    <meta>
        <imdb>tt0373883</imdb>
        <content>movie</content>
        <title>Halloween</title>
        <year>2007</year>
    </meta>
    <link>
        <sublink>search</sublink>
        <sublink>searchsd</sublink>
    </link>
    <thumbnail>https://image.tmdb.org/t/p/w1280//9CPYBA1Fq5BdCmViSPyfPiBOcTH.jpg</thumbnail>
    <fanart>https://image.tmdb.org/t/p/w1280//ewk1RjLDX4zynDZFGcDLHWblAbH.jpg</fanart>
</item>
<item>
    <title>Hannibal Rising</title>
    <meta>
        <imdb>tt0367959</imdb>
        <content>movie</content>
        <title>Hannibal Rising</title>
        <year>2007</year>
    </meta>
    <link>
        <sublink>search</sublink>
        <sublink>searchsd</sublink>
    </link>
    <thumbnail>https://image.tmdb.org/t/p/w1280//k1QRG9qZzuuJe4JTTpe4jlnQ5tt.jpg</thumbnail>
    <fanart>https://image.tmdb.org/t/p/w1280//pZnEx2vyZwTXPweLK3uXRjlkSCW.jpg</fanart>
</item>
<item>
    <title>The Hills Have Eyes 2</title>
    <meta>
        <imdb>tt0800069</imdb>
        <content>movie</content>
        <title>The Hills Have Eyes 2</title>
        <year>2007</year>
    </meta>
    <link>
        <sublink>search</sublink>
        <sublink>searchsd</sublink>
    </link>
    <thumbnail>https://image.tmdb.org/t/p/w1280//7yKntBeRLuj95pRxnlnnRPqr1xd.jpg</thumbnail>
    <fanart>https://image.tmdb.org/t/p/w1280//t3N4QkppS7MiCX6DT0HWwdpxOOV.jpg</fanart>
</item>
<item>
    <title>The Hitcher</title>
    <meta>
        <imdb>tt0455960</imdb>
        <content>movie</content>
        <title>The Hitcher</title>
        <year>2007</year>
    </meta>
    <link>
        <sublink>search</sublink>
        <sublink>searchsd</sublink>
    </link>
    <thumbnail>https://image.tmdb.org/t/p/w1280//mIPCt79baN62Xv6TAEwLDxLUqBz.jpg</thumbnail>
    <fanart>https://image.tmdb.org/t/p/w1280//dQ6RwEC2OcyHcqA6BO5l40NSMv8.jpg</fanart>
</item>
<item>
    <title>Hostel: Part II</title>
    <meta>
        <imdb>tt0498353</imdb>
        <content>movie</content>
        <title>Hostel: Part II</title>
        <year>2007</year>
    </meta>
    <link>
        <sublink>search</sublink>
        <sublink>searchsd</sublink>
    </link>
    <thumbnail>https://image.tmdb.org/t/p/w1280//fRRjGgHCh6dWvRn1wSbv2VMO6JL.jpg</thumbnail>
    <fanart>https://image.tmdb.org/t/p/w1280//lshpN0UfiHqan1G9HalSUQVTJdJ.jpg</fanart>
</item>
<item>
    <title>House of Fears</title>
    <meta>
        <imdb>tt1002992</imdb>
        <content>movie</content>
        <title>House of Fears</title>
        <year>2007</year>
    </meta>
    <link>
        <sublink>search</sublink>
        <sublink>searchsd</sublink>
    </link>
    <thumbnail>https://image.tmdb.org/t/p/w1280//zBslaRQZ9WhkxhsC0R6gA1H85Xw.jpg</thumbnail>
    <fanart>https://image.tmdb.org/t/p/w1280//3BaAGGBSSWrugFaGRdBAB3DNnD9.jpg</fanart>
</item>
<item>
    <title>I Am Legend</title>
    <meta>
        <imdb>tt0480249</imdb>
        <content>movie</content>
        <title>I Am Legend</title>
        <year>2007</year>
    </meta>
    <link>
        <sublink>search</sublink>
        <sublink>searchsd</sublink>
    </link>
    <thumbnail>https://image.tmdb.org/t/p/w1280//6OA0I8hhW9zftWoCYxJAzXW9UIN.jpg</thumbnail>
    <fanart>https://image.tmdb.org/t/p/w1280//u6Qg7TH7Oh1IFWCQSRr4htFFt0A.jpg</fanart>
</item>
<item>
    <title>Jack Brooks: Monster Slayer</title>
    <meta>
        <imdb>tt0816539</imdb>
        <content>movie</content>
        <title>Jack Brooks: Monster Slayer</title>
        <year>2007</year>
    </meta>
    <link>
        <sublink>search</sublink>
        <sublink>searchsd</sublink>
    </link>
    <thumbnail>https://image.tmdb.org/t/p/w1280//jm2QELWyyPfChqXJJ0evfNoCwsp.jpg</thumbnail>
    <fanart>https://image.tmdb.org/t/p/w1280//4HhKnGx7vpTZDlk1KykXr5PChpY.jpg</fanart>
</item>
<item>
    <title>The Mother of Tears</title>
    <meta>
        <imdb>tt0804507</imdb>
        <content>movie</content>
        <title>The Mother of Tears</title>
        <year>2007</year>
    </meta>
    <link>
        <sublink>search</sublink>
        <sublink>searchsd</sublink>
    </link>
    <thumbnail>https://image.tmdb.org/t/p/w1280//sGFOggXN12CcSXD01hSAIaEoSgs.jpg</thumbnail>
    <fanart>https://image.tmdb.org/t/p/w1280//4LYJjYb506scNhugxcfCuxoSBAW.jpg</fanart>
</item>
<dir>
    <title>The Messengers</title>
    <meta>
        <imdb>tt3513704</imdb>
        <content>tvshow</content>
        <tvshowtitle>The Messengers</tvshowtitle>
        <year>2015</year>
    </meta>
    <link>tmdb_tv_show(60864, 2015, The Messengers)</link>
    <thumbnail>https://image.tmdb.org/t/p/w1280//qSN2VB5DsrCegPU4eR6dpCxr9DQ.jpg</thumbnail>
    <fanart>https://image.tmdb.org/t/p/w1280//whzT5q3xivbaZr49yhsxyDYbwst.jpg</fanart>
</dir>
<item>
    <title>The Mist</title>
    <meta>
        <imdb>tt0884328</imdb>
        <content>movie</content>
        <title>The Mist</title>
        <year>2007</year>
    </meta>
    <link>
        <sublink>search</sublink>
        <sublink>searchsd</sublink>
    </link>
    <thumbnail>https://image.tmdb.org/t/p/w1280//uYVheUBf8ITaocUP4Og9GXxOMIH.jpg</thumbnail>
    <fanart>https://image.tmdb.org/t/p/w1280//xUYTWv2W3wCakBw4fOpTfFQ5e1I.jpg</fanart>
</item>
<item>
    <title>My Name Is Bruce</title>
    <meta>
        <imdb>tt0489235</imdb>
        <content>movie</content>
        <title>My Name Is Bruce</title>
        <year>2007</year>
    </meta>
    <link>
        <sublink>search</sublink>
        <sublink>searchsd</sublink>
    </link>
    <thumbnail>https://image.tmdb.org/t/p/w1280//sUMogIAJ23VsCyoSk4Rx0i78JcI.jpg</thumbnail>
    <fanart>https://image.tmdb.org/t/p/w1280//8VOE4B9ZUb2Lc91qS5tceNzBBc3.jpg</fanart>
</item>
<item>
    <title>P2</title>
    <meta>
        <imdb>tt0804516</imdb>
        <content>movie</content>
        <title>P2</title>
        <year>2007</year>
    </meta>
    <link>
        <sublink>search</sublink>
        <sublink>searchsd</sublink>
    </link>
    <thumbnail>https://image.tmdb.org/t/p/w1280//4gcbXi1ibT9J0ahwdgyz6m0c6w4.jpg</thumbnail>
    <fanart>https://image.tmdb.org/t/p/w1280//8rJXPYiQfRZ4sH1Wb8fWkDzQHFx.jpg</fanart>
</item>
<item>
    <title>Paranormal Activity</title>
    <meta>
        <imdb>tt1179904</imdb>
        <content>movie</content>
        <title>Paranormal Activity</title>
        <year>2007</year>
    </meta>
    <link>
        <sublink>search</sublink>
        <sublink>searchsd</sublink>
    </link>
    <thumbnail>https://image.tmdb.org/t/p/w1280//ns7J1iMSDs5UkEVjMXLPiss7Lrt.jpg</thumbnail>
    <fanart>https://image.tmdb.org/t/p/w1280//sPaDUSuVQy1SL7ybnxilgWzLDAQ.jpg</fanart>
</item>
<item>
    <title>Planet Terror</title>
    <meta>
        <imdb>tt1077258</imdb>
        <content>movie</content>
        <title>Planet Terror</title>
        <year>2007</year>
    </meta>
    <link>
        <sublink>search</sublink>
        <sublink>searchsd</sublink>
    </link>
    <thumbnail>https://image.tmdb.org/t/p/w1280//7Yjzttt0VfPphSsUg8vFUO9WaEt.jpg</thumbnail>
    <fanart>https://image.tmdb.org/t/p/w1280//nU0NV9lyjxY79AdL0wFN9tRqSSP.jpg</fanart>
</item>
<item>
    <title>The Poughkeepsie Tapes</title>
    <meta>
        <imdb>tt1010271</imdb>
        <content>movie</content>
        <title>The Poughkeepsie Tapes</title>
        <year>2007</year>
    </meta>
    <link>
        <sublink>search</sublink>
        <sublink>searchsd</sublink>
    </link>
    <thumbnail>https://image.tmdb.org/t/p/w1280//8ppkhu3pO3fnXr05YeE7ryKloVd.jpg</thumbnail>
    <fanart>https://image.tmdb.org/t/p/w1280//jTA2BLjQuX9OUZVs0EFtMvksTCy.jpg</fanart>
</item>
<dir>
    <title>Primeval</title>
    <meta>
        <imdb>tt0808096</imdb>
        <content>tvshow</content>
        <tvshowtitle>Primeval</tvshowtitle>
        <year>2007</year>
    </meta>
    <link>tmdb_tv_show(10268, 2007, Primeval)</link>
    <thumbnail>https://image.tmdb.org/t/p/w1280//cuveIOAQ6TNm89KlIwSwkEmDATS.jpg</thumbnail>
    <fanart>https://image.tmdb.org/t/p/w1280//yvO6mu1xRb0GCjgCC9375v43242.jpg</fanart>
</dir>
<item>
    <title>Trackman</title>
    <meta>
        <imdb>tt0900381</imdb>
        <content>movie</content>
        <title>Trackman</title>
        <year>2007</year>
    </meta>
    <link>
        <sublink>search</sublink>
        <sublink>searchsd</sublink>
    </link>
    <thumbnail>https://image.tmdb.org/t/p/w1280//peei8tSx3J5gRMW2zu5wyis16F4.jpg</thumbnail>
    <fanart>https://image.tmdb.org/t/p/w1280//nJ7QTx5cvb9p9jxDrLweqqharoF.jpg</fanart>
</item>
<item>
    <title>The Reaping</title>
    <meta>
        <imdb>tt0444682</imdb>
        <content>movie</content>
        <title>The Reaping</title>
        <year>2007</year>
    </meta>
    <link>
        <sublink>search</sublink>
        <sublink>searchsd</sublink>
    </link>
    <thumbnail>https://image.tmdb.org/t/p/w1280//wwpI649fFYWaOhit5O1WLsFuHOI.jpg</thumbnail>
    <fanart>https://image.tmdb.org/t/p/w1280//4ClJ8Gsq76gVTF3cRpNgKUTi0JM.jpg</fanart>
</item>
<item>
    <title>Resident Evil: Extinction</title>
    <meta>
        <imdb>tt0432021</imdb>
        <content>movie</content>
        <title>Resident Evil: Extinction</title>
        <year>2007</year>
    </meta>
    <link>
        <sublink>search</sublink>
        <sublink>searchsd</sublink>
    </link>
    <thumbnail>https://image.tmdb.org/t/p/w1280//84s6e0V8hB87eOI5X3zVtkDboto.jpg</thumbnail>
    <fanart>https://image.tmdb.org/t/p/w1280//mjQoekfYIT1t18j9hf2JSZEi60Y.jpg</fanart>
</item>
<item>
    <title>Return to House on Haunted Hill</title>
    <meta>
        <imdb>tt0827782</imdb>
        <content>movie</content>
        <title>Return to House on Haunted Hill</title>
        <year>2007</year>
    </meta>
    <link>
        <sublink>search</sublink>
        <sublink>searchsd</sublink>
    </link>
    <thumbnail>https://image.tmdb.org/t/p/w1280//gBXOOz9KWjWlfeZxIIat7NGJPZd.jpg</thumbnail>
    <fanart>https://image.tmdb.org/t/p/w1280//64PtUjtD7xV9hwuk4ETQILrOuJ8.jpg</fanart>
</item>
<item>
    <title>Rogue</title>
    <meta>
        <imdb>tt0479528</imdb>
        <content>movie</content>
        <title>Rogue</title>
        <year>2007</year>
    </meta>
    <link>
        <sublink>search</sublink>
        <sublink>searchsd</sublink>
    </link>
    <thumbnail>https://image.tmdb.org/t/p/w1280//pZC9HA9ngsG68vsGzwZwpSYFnDh.jpg</thumbnail>
    <fanart>https://image.tmdb.org/t/p/w1280//2HpxNuR5iNSxSbEBRxd0YXJv3f6.jpg</fanart>
</item>
<item>
    <title>Saw IV</title>
    <meta>
        <imdb>tt0890870</imdb>
        <content>movie</content>
        <title>Saw IV</title>
        <year>2007</year>
    </meta>
    <link>
        <sublink>search</sublink>
        <sublink>searchsd</sublink>
    </link>
    <thumbnail>https://image.tmdb.org/t/p/w1280//veApHw5ARGHWf3ptKf30rOGFY9n.jpg</thumbnail>
    <fanart>https://image.tmdb.org/t/p/w1280//yKATxJtGY67cXdOmlbWwW6EgPqn.jpg</fanart>
</item>
<item>
    <title>Shrooms</title>
    <meta>
        <imdb>tt0492486</imdb>
        <content>movie</content>
        <title>Shrooms</title>
        <year>2007</year>
    </meta>
    <link>
        <sublink>search</sublink>
        <sublink>searchsd</sublink>
    </link>
    <thumbnail>https://image.tmdb.org/t/p/w1280//hPzqg3NTDaW6y7L0QCBxMxhOQjK.jpg</thumbnail>
    <fanart>https://image.tmdb.org/t/p/w1280//xO7hRapQMxOe6OZN2GNxzZlGF15.jpg</fanart>
</item>
<item>
    <title>The Signal</title>
    <meta>
        <imdb>tt0780607</imdb>
        <content>movie</content>
        <title>The Signal</title>
        <year>2007</year>
    </meta>
    <link>
        <sublink>search</sublink>
        <sublink>searchsd</sublink>
    </link>
    <thumbnail>https://image.tmdb.org/t/p/w1280//OdJHcbCRcL03HKaxHGI1q6HrYM.jpg</thumbnail>
    <fanart>https://image.tmdb.org/t/p/w1280//aKlYnWGNO8ES073TWtFLYMP9pmo.jpg</fanart>
</item>
<item>
    <title>Sweeney Todd: The Demon Barber of Fleet Street</title>
    <meta>
        <imdb>tt0408236</imdb>
        <content>movie</content>
        <title>Sweeney Todd: The Demon Barber of Fleet Street</title>
        <year>2007</year>
    </meta>
    <link>
        <sublink>search</sublink>
        <sublink>searchsd</sublink>
    </link>
    <thumbnail>https://image.tmdb.org/t/p/w1280//v2pOGxz1wi3plr9aT0zScH6Em4X.jpg</thumbnail>
    <fanart>https://image.tmdb.org/t/p/w1280//oZRsdp7H8ZIvo4ZH4IDOLpPjlMI.jpg</fanart>
</item>
<item>
    <title>Teeth</title>
    <meta>
        <imdb>tt0780622</imdb>
        <content>movie</content>
        <title>Teeth</title>
        <year>2007</year>
    </meta>
    <link>
        <sublink>search</sublink>
        <sublink>searchsd</sublink>
    </link>
    <thumbnail>https://image.tmdb.org/t/p/w1280//1zM9nnN4G0Bt1FmOaGNzF9wnD5K.jpg</thumbnail>
    <fanart>https://image.tmdb.org/t/p/w1280//eqkim3J4A5XEM5FqrubatKu0ooP.jpg</fanart>
</item>
<item>
    <title>Trick 'r Treat</title>
    <meta>
        <imdb>tt0862856</imdb>
        <content>movie</content>
        <title>Trick 'r Treat</title>
        <year>2007</year>
    </meta>
    <link>
        <sublink>search</sublink>
        <sublink>searchsd</sublink>
    </link>
    <thumbnail>https://image.tmdb.org/t/p/w1280//w0nmol4g7n6MFfhfphV7GzHHYjB.jpg</thumbnail>
    <fanart>https://image.tmdb.org/t/p/w1280//oFxeGxRjlwzf0qct3g1HGBujGqH.jpg</fanart>
</item>
<item>
    <title>Vacancy</title>
    <meta>
        <imdb>tt0452702</imdb>
        <content>movie</content>
        <title>Vacancy</title>
        <year>2007</year>
    </meta>
    <link>
        <sublink>search</sublink>
        <sublink>searchsd</sublink>
    </link>
    <thumbnail>https://image.tmdb.org/t/p/w1280//raagPxrhC5098rvMh4QbnlJp7aG.jpg</thumbnail>
    <fanart>https://image.tmdb.org/t/p/w1280//n2ayb7ko6OpKTqgsAmWROoDgB9b.jpg</fanart>
</item>
<item>
    <title>Wind Chill</title>
    <meta>
        <imdb>tt0486051</imdb>
        <content>movie</content>
        <title>Wind Chill</title>
        <year>2007</year>
    </meta>
    <link>
        <sublink>search</sublink>
        <sublink>searchsd</sublink>
    </link>
    <thumbnail>https://image.tmdb.org/t/p/w1280//pEVChTdLzgXO1fBvlSYFsukWlP4.jpg</thumbnail>
    <fanart>https://image.tmdb.org/t/p/w1280//22GnNdZgrWlsSWobEu9vm2c6Hyl.jpg</fanart>
</item>
<item>
    <title>[REC]</title>
    <meta>
        <imdb>tt1038988</imdb>
        <content>movie</content>
        <title>[REC]</title>
        <year>2007</year>
    </meta>
    <link>
        <sublink>search</sublink>
        <sublink>searchsd</sublink>
    </link>
    <thumbnail>https://image.tmdb.org/t/p/w1280//lLSXs26iZe0aIzYrobr3FruUG36.jpg</thumbnail>
    <fanart>https://image.tmdb.org/t/p/w1280//3WxTBxAJzYrS8MP8vdjuCxFTCkr.jpg</fanart>
</item>
