<item>
    <title>Antichrist</title>
    <meta>
        <imdb>tt0870984</imdb>
        <content>movie</content>
        <title>Antichrist</title>
        <year>2009</year>
    </meta>
    <link>
        <sublink>search</sublink>
        <sublink>searchsd</sublink>
    </link>
    <thumbnail>https://image.tmdb.org/t/p/w1280//lY4Y9buUIZY17vpvL5dsBpbORo0.jpg</thumbnail>
    <fanart>https://image.tmdb.org/t/p/w1280//tC9q69NLP4qLqPcloWYNkdWFkXa.jpg</fanart>
</item>
<item>
    <title>Blood: The Last Vampire</title>
    <meta>
        <imdb>tt0806027</imdb>
        <content>movie</content>
        <title>Blood: The Last Vampire</title>
        <year>2009</year>
    </meta>
    <link>
        <sublink>search</sublink>
        <sublink>searchsd</sublink>
    </link>
    <thumbnail>https://image.tmdb.org/t/p/w1280//cchu94PVGceYyjl73SToIVRYNba.jpg</thumbnail>
    <fanart>https://image.tmdb.org/t/p/w1280//nqy6gNEDEpAJdXO3n5znWpY3YJe.jpg</fanart>
</item>
<item>
    <title>Cabin Fever 2: Spring Fever</title>
    <meta>
        <imdb>tt0961722</imdb>
        <content>movie</content>
        <title>Cabin Fever 2: Spring Fever</title>
        <year>2009</year>
    </meta>
    <link>
        <sublink>search</sublink>
        <sublink>searchsd</sublink>
    </link>
    <thumbnail>https://image.tmdb.org/t/p/w1280//eCL830fKjc3rkKO8RxAcSwrbpfN.jpg</thumbnail>
    <fanart>https://image.tmdb.org/t/p/w1280//55BfYV2mz3V1hDqPIpvFo9JgUdl.jpg</fanart>
</item>
<item>
    <title>Carriers</title>
    <meta>
        <imdb>tt0806203</imdb>
        <content>movie</content>
        <title>Carriers</title>
        <year>2009</year>
    </meta>
    <link>
        <sublink>search</sublink>
        <sublink>searchsd</sublink>
    </link>
    <thumbnail>https://image.tmdb.org/t/p/w1280//6DM0qexULlnAIteeApZiChneuvL.jpg</thumbnail>
    <fanart>https://image.tmdb.org/t/p/w1280//yv2s856C1zOQqmsmZl5vIatHqeL.jpg</fanart>
</item>
<item>
    <title>Case 39</title>
    <meta>
        <imdb>tt0795351</imdb>
        <content>movie</content>
        <title>Case 39</title>
        <year>2009</year>
    </meta>
    <link>
        <sublink>search</sublink>
        <sublink>searchsd</sublink>
    </link>
    <thumbnail>https://image.tmdb.org/t/p/w1280//xSyj4F1UVtAXhqSGpNCZRaBsKAJ.jpg</thumbnail>
    <fanart>https://image.tmdb.org/t/p/w1280//luTLwjU4WpQR2zBxJAKdK1D7C8T.jpg</fanart>
</item>
<item>
    <title>Children of the Corn</title>
    <meta>
        <imdb>tt1290135</imdb>
        <content>movie</content>
        <title>Children of the Corn</title>
        <year>2009</year>
    </meta>
    <link>
        <sublink>search</sublink>
        <sublink>searchsd</sublink>
    </link>
    <thumbnail>https://image.tmdb.org/t/p/w1280//uPN6jFFU3vpXE86Yjo6a3S5SNLx.jpg</thumbnail>
    <fanart>https://image.tmdb.org/t/p/w1280//iGWizVQUhJBN9rHA7oZlywFSdFC.jpg</fanart>
</item>
<item>
    <title>The Collector</title>
    <meta>
        <imdb>tt0844479</imdb>
        <content>movie</content>
        <title>The Collector</title>
        <year>2009</year>
    </meta>
    <link>
        <sublink>search</sublink>
        <sublink>searchsd</sublink>
    </link>
    <thumbnail>https://image.tmdb.org/t/p/w1280//mAJccHaJ17u40Xm8wXb73eqGQKD.jpg</thumbnail>
    <fanart>https://image.tmdb.org/t/p/w1280//qGaTWV4nJRREsPqmfKaFpvPiSd0.jpg</fanart>
</item>
<item>
    <title>The Descent: Part 2</title>
    <meta>
        <imdb>tt1073105</imdb>
        <content>movie</content>
        <title>The Descent: Part 2</title>
        <year>2009</year>
    </meta>
    <link>
        <sublink>search</sublink>
        <sublink>searchsd</sublink>
    </link>
    <thumbnail>https://image.tmdb.org/t/p/w1280//hdiPZ3vnM6fPvfvbGY6C3gfTFEn.jpg</thumbnail>
    <fanart>https://image.tmdb.org/t/p/w1280//6negeW7Y401KLpsF00jdZcg22jS.jpg</fanart>
</item>
<item>
    <title>Doghouse</title>
    <meta>
        <imdb>tt1023500</imdb>
        <content>movie</content>
        <title>Doghouse</title>
        <year>2009</year>
    </meta>
    <link>
        <sublink>search</sublink>
        <sublink>searchsd</sublink>
    </link>
    <thumbnail>https://image.tmdb.org/t/p/w1280//vuSBoB8aJgGy312z1kV9yiaMdje.jpg</thumbnail>
    <fanart>https://image.tmdb.org/t/p/w1280//9wDPMV1QBOdnNkppoCuTx24xw8N.jpg</fanart>
</item>
<item>
    <title>Drag Me to Hell</title>
    <meta>
        <imdb>tt1127180</imdb>
        <content>movie</content>
        <title>Drag Me to Hell</title>
        <year>2009</year>
    </meta>
    <link>
        <sublink>search</sublink>
        <sublink>searchsd</sublink>
    </link>
    <thumbnail>https://image.tmdb.org/t/p/w1280//4trULrbj4AoPLKSiIoQUTm2tPAG.jpg</thumbnail>
    <fanart>https://image.tmdb.org/t/p/w1280//1hPXuj5wMvfeKxLRNIFuWojXSU6.jpg</fanart>
</item>
<item>
    <title>Dread</title>
    <meta>
        <imdb>tt1331307</imdb>
        <content>movie</content>
        <title>Dread</title>
        <year>2009</year>
    </meta>
    <link>
        <sublink>search</sublink>
        <sublink>searchsd</sublink>
    </link>
    <thumbnail>https://image.tmdb.org/t/p/w1280//6W3d0ZruFVlJpen27xSoAmx0GuO.jpg</thumbnail>
    <fanart>https://image.tmdb.org/t/p/w1280//AmDM8b4dwZaWofPsQS3cT1fmK44.jpg</fanart>
</item>
<item>
    <title>Dead Snow</title>
    <meta>
        <imdb>tt1278340</imdb>
        <content>movie</content>
        <title>Dead Snow</title>
        <year>2009</year>
    </meta>
    <link>
        <sublink>search</sublink>
        <sublink>searchsd</sublink>
    </link>
    <thumbnail>https://image.tmdb.org/t/p/w1280//nDWI0SP3go01b5STPcAwQSK3eCc.jpg</thumbnail>
    <fanart>https://image.tmdb.org/t/p/w1280//ctwDTO8iOC4xnktJhnHVSLJTYMr.jpg</fanart>
</item>
<item>
    <title>The Final Destination</title>
    <meta>
        <imdb>tt1144884</imdb>
        <content>movie</content>
        <title>The Final Destination</title>
        <year>2009</year>
    </meta>
    <link>
        <sublink>search</sublink>
        <sublink>searchsd</sublink>
    </link>
    <thumbnail>https://image.tmdb.org/t/p/w1280//5vxXrr1MqGsT4NNeRITpfDnl4Rq.jpg</thumbnail>
    <fanart>https://image.tmdb.org/t/p/w1280//pr51cIxAn1RlpKBzQuojCqb8p6X.jpg</fanart>
</item>
<item>
    <title>The Fourth Kind</title>
    <meta>
        <imdb>tt1220198</imdb>
        <content>movie</content>
        <title>The Fourth Kind</title>
        <year>2009</year>
    </meta>
    <link>
        <sublink>search</sublink>
        <sublink>searchsd</sublink>
    </link>
    <thumbnail>https://image.tmdb.org/t/p/w1280//usUYAvVCiGZ4YlX3xBS8fLzjtiO.jpg</thumbnail>
    <fanart>https://image.tmdb.org/t/p/w1280//rDgSKqw3zs0zQh3d2OSxR1klny3.jpg</fanart>
</item>
<item>
    <title>Friday the 13th</title>
    <meta>
        <imdb>tt0758746</imdb>
        <content>movie</content>
        <title>Friday the 13th</title>
        <year>2009</year>
    </meta>
    <link>
        <sublink>search</sublink>
        <sublink>searchsd</sublink>
    </link>
    <thumbnail>https://image.tmdb.org/t/p/w1280//ewNYItHBmxHj3IEDhj1VnnLoTmb.jpg</thumbnail>
    <fanart>https://image.tmdb.org/t/p/w1280//m7vZl6YTFIHm917fCBgNOb9c4Sp.jpg</fanart>
</item>
<item>
    <title>Grace</title>
    <meta>
        <imdb>tt1220213</imdb>
        <content>movie</content>
        <title>Grace</title>
        <year>2009</year>
    </meta>
    <link>
        <sublink>search</sublink>
        <sublink>searchsd</sublink>
    </link>
    <thumbnail>https://image.tmdb.org/t/p/w1280//jqJGJB2GH7TpOqikBDDpVXOd5jX.jpg</thumbnail>
    <fanart>https://image.tmdb.org/t/p/w1280//jcCjE0HEhdZ0mNYkq3GmfqDKKtU.jpg</fanart>
</item>
<item>
    <title>The Grudge 3</title>
    <meta>
        <imdb>tt1053859</imdb>
        <content>movie</content>
        <title>The Grudge 3</title>
        <year>2009</year>
    </meta>
    <link>
        <sublink>search</sublink>
        <sublink>searchsd</sublink>
    </link>
    <thumbnail>https://image.tmdb.org/t/p/w1280//vYCVXrk7K5BaFdz3kxdsC8515gQ.jpg</thumbnail>
    <fanart>https://image.tmdb.org/t/p/w1280//33E1uX8tOvaUI1NKZqQZIonQzai.jpg</fanart>
</item>
<item>
    <title>Halloween II</title>
    <meta>
        <imdb>tt1311067</imdb>
        <content>movie</content>
        <title>Halloween II</title>
        <year>2009</year>
    </meta>
    <link>
        <sublink>search</sublink>
        <sublink>searchsd</sublink>
    </link>
    <thumbnail>https://image.tmdb.org/t/p/w1280//h1dZl05QjHfoTWrItqn0KVtTHru.jpg</thumbnail>
    <fanart>https://image.tmdb.org/t/p/w1280//1ucA7DaevpJWIsb291hYNXyy73M.jpg</fanart>
</item>
<item>
    <title>The Haunting in Connecticut</title>
    <meta>
        <imdb>tt0492044</imdb>
        <content>movie</content>
        <title>The Haunting in Connecticut</title>
        <year>2009</year>
    </meta>
    <link>
        <sublink>search</sublink>
        <sublink>searchsd</sublink>
    </link>
    <thumbnail>https://image.tmdb.org/t/p/w1280//8WEkxaRQJSsZ1Yy4advVCVK18Gv.jpg</thumbnail>
    <fanart>https://image.tmdb.org/t/p/w1280//na8T1ykPKAYmseM8gkSjuoHOZP.jpg</fanart>
</item>
<item>
    <title>Heartless</title>
    <meta>
        <imdb>tt1220214</imdb>
        <content>movie</content>
        <title>Heartless</title>
        <year>2009</year>
    </meta>
    <link>
        <sublink>search</sublink>
        <sublink>searchsd</sublink>
    </link>
    <thumbnail>https://image.tmdb.org/t/p/w1280//wFCdR5DQmGVdGX444udgwB57uCc.jpg</thumbnail>
    <fanart>https://image.tmdb.org/t/p/w1280//b6zcGWpOjxcp8U5arJy7pgOwQ7Y.jpg</fanart>
</item>
<item>
    <title>The House of the Devil</title>
    <meta>
        <imdb>tt1172994</imdb>
        <content>movie</content>
        <title>The House of the Devil</title>
        <year>2009</year>
    </meta>
    <link>
        <sublink>search</sublink>
        <sublink>searchsd</sublink>
    </link>
    <thumbnail>https://image.tmdb.org/t/p/w1280//covH6buvTjzrjQLNNA23obaLPXl.jpg</thumbnail>
    <fanart>https://image.tmdb.org/t/p/w1280//ql41YDr40CjKRqhPVJufEOIgsmr.jpg</fanart>
</item>
<item>
    <title>The Human Centipede (First Sequence)</title>
    <meta>
        <imdb>tt1467304</imdb>
        <content>movie</content>
        <title>The Human Centipede (First Sequence)</title>
        <year>2009</year>
    </meta>
    <link>
        <sublink>search</sublink>
        <sublink>searchsd</sublink>
    </link>
    <thumbnail>https://image.tmdb.org/t/p/w1280//rhy5WMyLVmYQ9PfEM60pg25E3TL.jpg</thumbnail>
    <fanart>https://image.tmdb.org/t/p/w1280//j2RqEGY3DW9teKb1vExFIFapWPc.jpg</fanart>
</item>
<item>
    <title>Jennifer's Body</title>
    <meta>
        <imdb>tt1131734</imdb>
        <content>movie</content>
        <title>Jennifer's Body</title>
        <year>2009</year>
    </meta>
    <link>
        <sublink>search</sublink>
        <sublink>searchsd</sublink>
    </link>
    <thumbnail>https://image.tmdb.org/t/p/w1280//tdNlGoHmz77XQlBB21tL8qtxFHq.jpg</thumbnail>
    <fanart>https://image.tmdb.org/t/p/w1280//mqbLNRXYzjSkaN8ECP9XxAoCTQO.jpg</fanart>
</item>
<item>
    <title>The Horde</title>
    <meta>
        <imdb>tt1183276</imdb>
        <content>movie</content>
        <title>The Horde</title>
        <year>2009</year>
    </meta>
    <link>
        <sublink>search</sublink>
        <sublink>searchsd</sublink>
    </link>
    <thumbnail>https://image.tmdb.org/t/p/w1280//qcRQnEGeco8RZqzD1vyrPaBa6z2.jpg</thumbnail>
    <fanart>https://image.tmdb.org/t/p/w1280//wvhDX0KtvuVvH8KcLMsNCSK3VWK.jpg</fanart>
</item>
<item>
    <title>Laid to Rest</title>
    <meta>
        <imdb>tt1228933</imdb>
        <content>movie</content>
        <title>Laid to Rest</title>
        <year>2009</year>
    </meta>
    <link>
        <sublink>search</sublink>
        <sublink>searchsd</sublink>
    </link>
    <thumbnail>https://image.tmdb.org/t/p/w1280//6JhOu2G3YdlNJlZcppEOCjL7Mmq.jpg</thumbnail>
    <fanart>https://image.tmdb.org/t/p/w1280//ywtlIQ9FHUbncObObqYz6Enqwtb.jpg</fanart>
</item>
<item>
    <title>The Last House on the Left</title>
    <meta>
        <imdb>tt0844708</imdb>
        <content>movie</content>
        <title>The Last House on the Left</title>
        <year>2009</year>
    </meta>
    <link>
        <sublink>search</sublink>
        <sublink>searchsd</sublink>
    </link>
    <thumbnail>https://image.tmdb.org/t/p/w1280//2Y35XCUS8U8vC8vs0HDEVkPu1BM.jpg</thumbnail>
    <fanart>https://image.tmdb.org/t/p/w1280//7Z9OmWJszjjvjh5N2Mv14uYmLoC.jpg</fanart>
</item>
<item>
    <title>Lesbian Vampire Killers</title>
    <meta>
        <imdb>tt1020885</imdb>
        <content>movie</content>
        <title>Lesbian Vampire Killers</title>
        <year>2009</year>
    </meta>
    <link>
        <sublink>search</sublink>
        <sublink>searchsd</sublink>
    </link>
    <thumbnail>https://image.tmdb.org/t/p/w1280//oMZt9qOqesBXwcOC52de54POXhS.jpg</thumbnail>
    <fanart>https://image.tmdb.org/t/p/w1280//eImirNCS7sbfzq8AJRTd40PGSuS.jpg</fanart>
</item>
<item>
    <title>The Loved Ones</title>
    <meta>
        <imdb>tt1316536</imdb>
        <content>movie</content>
        <title>The Loved Ones</title>
        <year>2009</year>
    </meta>
    <link>
        <sublink>search</sublink>
        <sublink>searchsd</sublink>
    </link>
    <thumbnail>https://image.tmdb.org/t/p/w1280//fJXQRtkMKAAmnEYDPaZ4BtsAhL3.jpg</thumbnail>
    <fanart>https://image.tmdb.org/t/p/w1280//adrELaBtSEFvcIlUBQ4SGrrl3Rs.jpg</fanart>
</item>
<item>
    <title>Malibu Shark Attack</title>
    <meta>
        <imdb>tt1478325</imdb>
        <content>movie</content>
        <title>Malibu Shark Attack</title>
        <year>2009</year>
    </meta>
    <link>
        <sublink>search</sublink>
        <sublink>searchsd</sublink>
    </link>
    <thumbnail>https://image.tmdb.org/t/p/w1280//vcWWOd2vxxvG2qJEIKhLySG9Qut.jpg</thumbnail>
    <fanart>https://image.tmdb.org/t/p/w1280//5MpLYHikK11vvc1KhSJh588QxlP.jpg</fanart>
</item>
<item>
    <title>My Bloody Valentine</title>
    <meta>
        <imdb>tt1179891</imdb>
        <content>movie</content>
        <title>My Bloody Valentine</title>
        <year>2009</year>
    </meta>
    <link>
        <sublink>search</sublink>
        <sublink>searchsd</sublink>
    </link>
    <thumbnail>https://image.tmdb.org/t/p/w1280//5PmyVS5Hs9f0OrvYOQPZJSBFz75.jpg</thumbnail>
    <fanart>https://image.tmdb.org/t/p/w1280//sWgf8vXNFFcUSThDs0P8r7ol5Me.jpg</fanart>
</item>
<item>
    <title>Orphan</title>
    <meta>
        <imdb>tt1148204</imdb>
        <content>movie</content>
        <title>Orphan</title>
        <year>2009</year>
    </meta>
    <link>
        <sublink>search</sublink>
        <sublink>searchsd</sublink>
    </link>
    <thumbnail>https://image.tmdb.org/t/p/w1280//52izb01N4y8JehddYlsxAKK18M9.jpg</thumbnail>
    <fanart>https://image.tmdb.org/t/p/w1280//4lgsLqm3H1G0pueeDwqzPJwqpQr.jpg</fanart>
</item>
<item>
    <title>Pandorum</title>
    <meta>
        <imdb>tt1188729</imdb>
        <content>movie</content>
        <title>Pandorum</title>
        <year>2009</year>
    </meta>
    <link>
        <sublink>search</sublink>
        <sublink>searchsd</sublink>
    </link>
    <thumbnail>https://image.tmdb.org/t/p/w1280//qFd7dNvV1neXBV5OZdU5jOhdDZ6.jpg</thumbnail>
    <fanart>https://image.tmdb.org/t/p/w1280//srxnkz09MEB2ow59FnC7VHQIaAQ.jpg</fanart>
</item>
<item>
    <title>Paranormal Entity</title>
    <meta>
        <imdb>tt1586261</imdb>
        <content>movie</content>
        <title>Paranormal Entity</title>
        <year>2009</year>
    </meta>
    <link>
        <sublink>search</sublink>
        <sublink>searchsd</sublink>
    </link>
    <thumbnail>https://image.tmdb.org/t/p/w1280//mvoL4oqsWjSEU56MeTyrJ554mCC.jpg</thumbnail>
    <fanart>https://image.tmdb.org/t/p/w1280//d9UA2VPu7p84vI4ZM5dLhdVzb78.jpg</fanart>
</item>
<item>
    <title>Perkins' 14</title>
    <meta>
        <imdb>tt1230211</imdb>
        <content>movie</content>
        <title>Perkins' 14</title>
        <year>2009</year>
    </meta>
    <link>
        <sublink>search</sublink>
        <sublink>searchsd</sublink>
    </link>
    <thumbnail>https://image.tmdb.org/t/p/w1280//dAIqnudJXutwx9dCu5fhzaBuzx9.jpg</thumbnail>
    <fanart>https://image.tmdb.org/t/p/w1280//scB0OICIG7Csjx3REw70LvYd8Hf.jpg</fanart>
</item>
<item>
    <title>Saw VI</title>
    <meta>
        <imdb>tt1233227</imdb>
        <content>movie</content>
        <title>Saw VI</title>
        <year>2009</year>
    </meta>
    <link>
        <sublink>search</sublink>
        <sublink>searchsd</sublink>
    </link>
    <thumbnail>https://image.tmdb.org/t/p/w1280//iCVk1uniEoQLXdluUGUXBaAgD1H.jpg</thumbnail>
    <fanart>https://image.tmdb.org/t/p/w1280//mfL91mRgncWZLGprAW1ZCKAOawG.jpg</fanart>
</item>
<item>
    <title>Sorority Row</title>
    <meta>
        <imdb>tt1232783</imdb>
        <content>movie</content>
        <title>Sorority Row</title>
        <year>2009</year>
    </meta>
    <link>
        <sublink>search</sublink>
        <sublink>searchsd</sublink>
    </link>
    <thumbnail>https://image.tmdb.org/t/p/w1280//rbZU0hrndaubP7ovlmeCf670Ojh.jpg</thumbnail>
    <fanart>https://image.tmdb.org/t/p/w1280//dKiQPDMCIDdwDLlh1ZKOI5QMXKL.jpg</fanart>
</item>
<item>
    <title>Stan Helsing</title>
    <meta>
        <imdb>tt1185266</imdb>
        <content>movie</content>
        <title>Stan Helsing</title>
        <year>2009</year>
    </meta>
    <link>
        <sublink>search</sublink>
        <sublink>searchsd</sublink>
    </link>
    <thumbnail>https://image.tmdb.org/t/p/w1280//qGNf73jikJrYWAzzEGnscTmZbvF.jpg</thumbnail>
    <fanart>https://image.tmdb.org/t/p/w1280//lTA7e0uK0fQmjmVzrqHNc2J7Hlf.jpg</fanart>
</item>
<item>
    <title>The Stepfather</title>
    <meta>
        <imdb>tt0814335</imdb>
        <content>movie</content>
        <title>The Stepfather</title>
        <year>2009</year>
    </meta>
    <link>
        <sublink>search</sublink>
        <sublink>searchsd</sublink>
    </link>
    <thumbnail>https://image.tmdb.org/t/p/w1280//x4hPqqqZcXYbC1lWkFaLRJUASJ.jpg</thumbnail>
    <fanart>https://image.tmdb.org/t/p/w1280//t2cp1A2cu8netWzv8EqHYp05Wwz.jpg</fanart>
</item>
<item>
    <title>Summer's Blood</title>
    <meta>
        <imdb>tt1285010</imdb>
        <content>movie</content>
        <title>Summer's Blood</title>
        <year>2009</year>
    </meta>
    <link>
        <sublink>search</sublink>
        <sublink>searchsd</sublink>
    </link>
    <thumbnail>https://image.tmdb.org/t/p/w1280//gdtqWvxwpI7gFN0SVXivv5IPEEd.jpg</thumbnail>
    <fanart>https://image.tmdb.org/t/p/w1280//sWBgz1tWIfV8OHPic42SVbet5H6.jpg</fanart>
</item>
<item>
    <title>The Thaw</title>
    <meta>
        <imdb>tt1235448</imdb>
        <content>movie</content>
        <title>The Thaw</title>
        <year>2009</year>
    </meta>
    <link>
        <sublink>search</sublink>
        <sublink>searchsd</sublink>
    </link>
    <thumbnail>https://image.tmdb.org/t/p/w1280//6oxJ75L6rB88TeSspcnPA7JqjWw.jpg</thumbnail>
    <fanart>https://image.tmdb.org/t/p/w1280//igrH4zMc0skRQ9VWRG2wB5TYwPJ.jpg</fanart>
</item>
<item>
    <title>Tormented</title>
    <meta>
        <imdb>tt1100053</imdb>
        <content>movie</content>
        <title>Tormented</title>
        <year>2009</year>
    </meta>
    <link>
        <sublink>search</sublink>
        <sublink>searchsd</sublink>
    </link>
    <thumbnail>https://image.tmdb.org/t/p/w1280//ApONFA4846wfc5ONmYjYmmeRiVG.jpg</thumbnail>
    <fanart>https://image.tmdb.org/t/p/w1280//s8skHxQ4uuefR6Fsi10N1OY0vp2.jpg</fanart>
</item>
<item>
    <title>Triangle</title>
    <meta>
        <imdb>tt1187064</imdb>
        <content>movie</content>
        <title>Triangle</title>
        <year>2009</year>
    </meta>
    <link>
        <sublink>search</sublink>
        <sublink>searchsd</sublink>
    </link>
    <thumbnail>https://image.tmdb.org/t/p/w1280//hjC00Wus7IoCywVTHt68W8QxcyW.jpg</thumbnail>
    <fanart>https://image.tmdb.org/t/p/w1280//cL1R5nz7BUVU3d2shLDTaDcU0Ga.jpg</fanart>
</item>
<item>
    <title>The Unborn</title>
    <meta>
        <imdb>tt1139668</imdb>
        <content>movie</content>
        <title>The Unborn</title>
        <year>2009</year>
    </meta>
    <link>
        <sublink>search</sublink>
        <sublink>searchsd</sublink>
    </link>
    <thumbnail>https://image.tmdb.org/t/p/w1280//dxjxszWxiaYKd5kKoTUpY6jQMzO.jpg</thumbnail>
    <fanart>https://image.tmdb.org/t/p/w1280//6tiWjJPSwBIiQiosOQ0oqJe8UHB.jpg</fanart>
</item>
<item>
    <title>The Uninvited</title>
    <meta>
        <imdb>tt0815245</imdb>
        <content>movie</content>
        <title>The Uninvited</title>
        <year>2009</year>
    </meta>
    <link>
        <sublink>search</sublink>
        <sublink>searchsd</sublink>
    </link>
    <thumbnail>https://image.tmdb.org/t/p/w1280//2EK387xtxj7ypUXKXdoV8RRYXga.jpg</thumbnail>
    <fanart>https://image.tmdb.org/t/p/w1280//wfHmHHL1EVv0WOnJlpF82oj7yRX.jpg</fanart>
</item>
<item>
    <title>High Lane</title>
    <meta>
        <imdb>tt1433562</imdb>
        <content>movie</content>
        <title>High Lane</title>
        <year>2009</year>
    </meta>
    <link>
        <sublink>search</sublink>
        <sublink>searchsd</sublink>
    </link>
    <thumbnail>https://image.tmdb.org/t/p/w1280//pVPuTQ49NjJ8LiuhN7z1FNtPT4K.jpg</thumbnail>
    <fanart>https://image.tmdb.org/t/p/w1280//9vGEzfyGwOq5z3PQ8rBVy4MK6V3.jpg</fanart>
</item>
<item>
    <title>Wrong Turn 3: Left for Dead</title>
    <meta>
        <imdb>tt1261978</imdb>
        <content>movie</content>
        <title>Wrong Turn 3: Left for Dead</title>
        <year>2009</year>
    </meta>
    <link>
        <sublink>search</sublink>
        <sublink>searchsd</sublink>
    </link>
    <thumbnail>https://image.tmdb.org/t/p/w1280//9J4Me7ZxiTqtF7KyFWp15j0PKqh.jpg</thumbnail>
    <fanart>https://image.tmdb.org/t/p/w1280//xywrNUGd9TYsa2lxRMbVRd8hsom.jpg</fanart>
</item>
<item>
    <title>Zombieland</title>
    <meta>
        <imdb>tt1156398</imdb>
        <content>movie</content>
        <title>Zombieland</title>
        <year>2009</year>
    </meta>
    <link>
        <sublink>search</sublink>
        <sublink>searchsd</sublink>
    </link>
    <thumbnail>https://image.tmdb.org/t/p/w1280//vUzzDpVrab1BOG3ogxhRGfLN94d.jpg</thumbnail>
    <fanart>https://image.tmdb.org/t/p/w1280//lLgLFzSZduH9kBxrk6BvoHc1gg0.jpg</fanart>
</item>
<item>
    <title>[REC]2</title>
    <meta>
        <imdb>tt1245112</imdb>
        <content>movie</content>
        <title>[REC]2</title>
        <year>2009</year>
    </meta>
    <link>
        <sublink>search</sublink>
        <sublink>searchsd</sublink>
    </link>
    <thumbnail>https://image.tmdb.org/t/p/w1280//5TtMZGiZCM1JLtogK5Xj8UaKQSn.jpg</thumbnail>
    <fanart>https://image.tmdb.org/t/p/w1280//hBfzloLznfN0FWLfheSEObyicqs.jpg</fanart>
</item>
<item>
    <title>Ju-on: White Ghost</title>
    <meta>
        <imdb>tt1422675</imdb>
        <content>movie</content>
        <title>Ju-on: White Ghost</title>
        <year>2009</year>
    </meta>
    <link>
        <sublink>search</sublink>
        <sublink>searchsd</sublink>
    </link>
    <thumbnail>https://image.tmdb.org/t/p/w1280//uQX6REgHptgd0dDlU4UBQs8SOmI.jpg</thumbnail>
    <fanart>https://image.tmdb.org/t/p/w1280//iv8lilV331ECunaz3gPJAwUksMK.jpg</fanart>
</item>
<item>
    <title>Ju-on: Black Ghost</title>
    <meta>
        <imdb>tt1422674</imdb>
        <content>movie</content>
        <title>Ju-on: Black Ghost</title>
        <year>2009</year>
    </meta>
    <link>
        <sublink>search</sublink>
        <sublink>searchsd</sublink>
    </link>
    <thumbnail>https://image.tmdb.org/t/p/w1280//13M03HmqUu1ifaLLcDcmUkldOr7.jpg</thumbnail>
    <fanart>https://image.tmdb.org/t/p/w1280//guLW621qUDxgTexX50rKmWSOTRg.jpg</fanart>
</item>
<item>
    <title>Thirst</title>
    <meta>
        <imdb>tt0762073</imdb>
        <content>movie</content>
        <title>Thirst</title>
        <year>2009</year>
    </meta>
    <link>
        <sublink>search</sublink>
        <sublink>searchsd</sublink>
    </link>
    <thumbnail>https://image.tmdb.org/t/p/w1280//dq71ERVOLjCFKny8AADYdwJCpgR.jpg</thumbnail>
    <fanart>https://image.tmdb.org/t/p/w1280//rl1eB7vbxM4SdgQOH1hshE6Cnhl.jpg</fanart>
</item>
