<item>
    <title>30 Days of Night: Dark Days</title>
    <meta>
        <imdb>tt1320304</imdb>
        <content>movie</content>
        <title>30 Days of Night: Dark Days</title>
        <year>2010</year>
    </meta>
    <link>
        <sublink>search</sublink>
        <sublink>searchsd</sublink>
    </link>
    <thumbnail>https://image.tmdb.org/t/p/w1280//y3GK3hpDNPsPN7uQ7A8GO53UJWZ.jpg</thumbnail>
    <fanart>https://image.tmdb.org/t/p/w1280//oh8diqIewgp0raZpmW5hRgXAS9s.jpg</fanart>
</item>
<item>
    <title>A Nightmare on Elm Street</title>
    <meta>
        <imdb>tt1179056</imdb>
        <content>movie</content>
        <title>A Nightmare on Elm Street</title>
        <year>2010</year>
    </meta>
    <link>
        <sublink>search</sublink>
        <sublink>searchsd</sublink>
    </link>
    <thumbnail>https://image.tmdb.org/t/p/w1280//zPdMcikD993AQRd92iNv0Dxb67T.jpg</thumbnail>
    <fanart>https://image.tmdb.org/t/p/w1280//17vWkOFksf8479W5kHRto6sR98f.jpg</fanart>
</item>
<item>
    <title>And Soon the Darkness</title>
    <meta>
        <imdb>tt1391034</imdb>
        <content>movie</content>
        <title>And Soon the Darkness</title>
        <year>2010</year>
    </meta>
    <link>
        <sublink>search</sublink>
        <sublink>searchsd</sublink>
    </link>
    <thumbnail>https://image.tmdb.org/t/p/w1280//axUlSzxeMCb6HzRaaGvvQpxgqkP.jpg</thumbnail>
    <fanart>https://image.tmdb.org/t/p/w1280//o7S3sKJTza6ETCtN1ETTlMO79Aw.jpg</fanart>
</item>
<item>
    <title>Atrocious</title>
    <meta>
        <imdb>tt1734067</imdb>
        <content>movie</content>
        <title>Atrocious</title>
        <year>2010</year>
    </meta>
    <link>
        <sublink>search</sublink>
        <sublink>searchsd</sublink>
    </link>
    <thumbnail>https://image.tmdb.org/t/p/w1280//zTeJe7BP9NIh1LL9Y357LvNYAqT.jpg</thumbnail>
    <fanart>https://image.tmdb.org/t/p/w1280//cgDbg2z3ZlSARCEdSL8P0WWH4I2.jpg</fanart>
</item>
<item>
    <title>The Last Circus</title>
    <meta>
        <imdb>tt1572491</imdb>
        <content>movie</content>
        <title>The Last Circus</title>
        <year>2010</year>
    </meta>
    <link>
        <sublink>search</sublink>
        <sublink>searchsd</sublink>
    </link>
    <thumbnail>https://image.tmdb.org/t/p/w1280//tCvpByVxpg2Jn4YSIYLlGkK9upM.jpg</thumbnail>
    <fanart>https://image.tmdb.org/t/p/w1280//lLsoiD6JHiAQzaosxdJxVEpjdno.jpg</fanart>
</item>
<item>
    <title>Bereavement</title>
    <meta>
        <imdb>tt1100051</imdb>
        <content>movie</content>
        <title>Bereavement</title>
        <year>2010</year>
    </meta>
    <link>
        <sublink>search</sublink>
        <sublink>searchsd</sublink>
    </link>
    <thumbnail>https://image.tmdb.org/t/p/w1280//jMMOIVcFtCDUsNjJo1t1Wl5d3CJ.jpg</thumbnail>
    <fanart>https://image.tmdb.org/t/p/w1280//59kvQ7mtI4n0MMUxSBpSm8jHruN.jpg</fanart>
</item>
<item>
    <title>Black Death</title>
    <meta>
        <imdb>tt1181791</imdb>
        <content>movie</content>
        <title>Black Death</title>
        <year>2010</year>
    </meta>
    <link>
        <sublink>search</sublink>
        <sublink>searchsd</sublink>
    </link>
    <thumbnail>https://image.tmdb.org/t/p/w1280//gXRERDpyT9s3m2yk6wNmrTWbZfG.jpg</thumbnail>
    <fanart>https://image.tmdb.org/t/p/w1280//qqmi8TAsSSOdi1pgHYtTA05W7OB.jpg</fanart>
</item>
<item>
    <title>Black Swan</title>
    <meta>
        <imdb>tt0947798</imdb>
        <content>movie</content>
        <title>Black Swan</title>
        <year>2010</year>
    </meta>
    <link>
        <sublink>search</sublink>
        <sublink>searchsd</sublink>
    </link>
    <thumbnail>https://image.tmdb.org/t/p/w1280//dQ7uxvsVTspVIsqjfgQj8usJpwX.jpg</thumbnail>
    <fanart>https://image.tmdb.org/t/p/w1280//t8jFs6cOl1YVSfXXZivWtEb14tF.jpg</fanart>
</item>
<item>
    <title>Burning Bright</title>
    <meta>
        <imdb>tt1244658</imdb>
        <content>movie</content>
        <title>Burning Bright</title>
        <year>2012</year>
    </meta>
    <link>
        <sublink>search</sublink>
        <sublink>searchsd</sublink>
    </link>
    <thumbnail>https://image.tmdb.org/t/p/w1280//boLSX8XzkTnOecD0JU6YxhD6RjQ.jpg</thumbnail>
    <fanart>https://image.tmdb.org/t/p/w1280//tpevhryhrcSWdb8DOevQMnCh5Ct.jpg</fanart>
</item>
<item>
    <title>Chain Letter</title>
    <meta>
        <imdb>tt1148200</imdb>
        <content>movie</content>
        <title>Chain Letter</title>
        <year>2010</year>
    </meta>
    <link>
        <sublink>search</sublink>
        <sublink>searchsd</sublink>
    </link>
    <thumbnail>https://image.tmdb.org/t/p/w1280//u2EC5A7QlEVFwxoHFXj3i6pmmRq.jpg</thumbnail>
    <fanart>https://image.tmdb.org/t/p/w1280//jHaZZIQUMO45LbFLfWgRJMtJlhu.jpg</fanart>
</item>
<item>
    <title>The Crazies</title>
    <meta>
        <imdb>tt0455407</imdb>
        <content>movie</content>
        <title>The Crazies</title>
        <year>2010</year>
    </meta>
    <link>
        <sublink>search</sublink>
        <sublink>searchsd</sublink>
    </link>
    <thumbnail>https://image.tmdb.org/t/p/w1280//s15bIs5uLEqPEQERH5YqjCjY6gd.jpg</thumbnail>
    <fanart>https://image.tmdb.org/t/p/w1280//9payiNC2a617CoAat8vxIRiVC1Z.jpg</fanart>
</item>
<item>
    <title>Devil</title>
    <meta>
        <imdb>tt1314655</imdb>
        <content>movie</content>
        <title>Devil</title>
        <year>2010</year>
    </meta>
    <link>
        <sublink>search</sublink>
        <sublink>searchsd</sublink>
    </link>
    <thumbnail>https://image.tmdb.org/t/p/w1280//m54c0mMcsQfNcRk2As2qH8Y5DQG.jpg</thumbnail>
    <fanart>https://image.tmdb.org/t/p/w1280//n5q3X8tuhsTiU9EPYY50MqjaYRA.jpg</fanart>
</item>
<item>
    <title>Dinocroc vs. Supergator</title>
    <meta>
        <imdb>tt1453409</imdb>
        <content>movie</content>
        <title>Dinocroc vs. Supergator</title>
        <year>2010</year>
    </meta>
    <link>
        <sublink>search</sublink>
        <sublink>searchsd</sublink>
    </link>
    <thumbnail>https://image.tmdb.org/t/p/w1280//jSWRwtO9sh3XZ5Kzw3X8PAhdN4U.jpg</thumbnail>
    <fanart>https://image.tmdb.org/t/p/w1280//zD7Izs2FVdEb0SQtlo9UzhUjHv3.jpg</fanart>
</item>
<item>
    <title>Don't Be Afraid of the Dark</title>
    <meta>
        <imdb>tt1270761</imdb>
        <content>movie</content>
        <title>Don't Be Afraid of the Dark</title>
        <year>2010</year>
    </meta>
    <link>
        <sublink>search</sublink>
        <sublink>searchsd</sublink>
    </link>
    <thumbnail>https://image.tmdb.org/t/p/w1280//5RGZI8ZjV5u1KUlNEejvG43At4c.jpg</thumbnail>
    <fanart>https://image.tmdb.org/t/p/w1280//zW9Ia77f4ROD5IPWBIjBCxGBs9E.jpg</fanart>
</item>
<item>
    <title>Frozen</title>
    <meta>
        <imdb>tt1323045</imdb>
        <content>movie</content>
        <title>Frozen</title>
        <year>2010</year>
    </meta>
    <link>
        <sublink>search</sublink>
        <sublink>searchsd</sublink>
    </link>
    <thumbnail>https://image.tmdb.org/t/p/w1280//lfZNJlAZoheNVHPBhTTlpkBQj4B.jpg</thumbnail>
    <fanart>https://image.tmdb.org/t/p/w1280//kiZpArvuH2va7c4QV0bgX2KFKgB.jpg</fanart>
</item>
<item>
    <title>Hatchet II</title>
    <meta>
        <imdb>tt1270835</imdb>
        <content>movie</content>
        <title>Hatchet II</title>
        <year>2010</year>
    </meta>
    <link>
        <sublink>search</sublink>
        <sublink>searchsd</sublink>
    </link>
    <thumbnail>https://image.tmdb.org/t/p/w1280//a8Hh6DIOjPE73Hw5ZihDr3k1JDw.jpg</thumbnail>
    <fanart>https://image.tmdb.org/t/p/w1280//xFk3B0PbenYp2GRJfpYTdspEWIU.jpg</fanart>
</item>
<item>
    <title>I Spit on Your Grave</title>
    <meta>
        <imdb>tt1242432</imdb>
        <content>movie</content>
        <title>I Spit on Your Grave</title>
        <year>2010</year>
    </meta>
    <link>
        <sublink>search</sublink>
        <sublink>searchsd</sublink>
    </link>
    <thumbnail>https://image.tmdb.org/t/p/w1280//7hA8FfUAwBJut4MSIhR6eCF8li7.jpg</thumbnail>
    <fanart>https://image.tmdb.org/t/p/w1280//g9V4nHoYaWCcZ43VB1v2aF2X0R.jpg</fanart>
</item>
<item>
    <title>Insidious</title>
    <meta>
        <imdb>tt1591095</imdb>
        <content>movie</content>
        <title>Insidious</title>
        <year>2010</year>
    </meta>
    <link>
        <sublink>search</sublink>
        <sublink>searchsd</sublink>
    </link>
    <thumbnail>https://image.tmdb.org/t/p/w1280//6Tjg6DWVo2cpqDLxrOQNw1UvIMB.jpg</thumbnail>
    <fanart>https://image.tmdb.org/t/p/w1280//xVNR5eperbCm1DI1JfGhUXd4lqm.jpg</fanart>
</item>
<item>
    <title>Rabies</title>
    <meta>
        <imdb>tt1754000</imdb>
        <content>movie</content>
        <title>Rabies</title>
        <year>2010</year>
    </meta>
    <link>
        <sublink>search</sublink>
        <sublink>searchsd</sublink>
    </link>
    <thumbnail>https://image.tmdb.org/t/p/w1280//pAklVYYF4fuHsGlLm6H2ASzUMyh.jpg</thumbnail>
    <fanart>https://image.tmdb.org/t/p/w1280//gcEN10huAteNacaJVv67RRupIW6.jpg</fanart>
</item>
<item>
    <title>The Silent House</title>
    <meta>
        <imdb>tt1646973</imdb>
        <content>movie</content>
        <title>The Silent House</title>
        <year>2010</year>
    </meta>
    <link>
        <sublink>search</sublink>
        <sublink>searchsd</sublink>
    </link>
    <thumbnail>https://image.tmdb.org/t/p/w1280//hxOVa21hfMB2071OpEbTAHmX7fi.jpg</thumbnail>
    <fanart>https://image.tmdb.org/t/p/w1280//wMDY2W1PGq8UEQ7xD7S69qkV8nA.jpg</fanart>
</item>
<item>
    <title>The Last Exorcism</title>
    <meta>
        <imdb>tt1320244</imdb>
        <content>movie</content>
        <title>The Last Exorcism</title>
        <year>2010</year>
    </meta>
    <link>
        <sublink>search</sublink>
        <sublink>searchsd</sublink>
    </link>
    <thumbnail>https://image.tmdb.org/t/p/w1280//eOo9tgGjxdsQEgqc6g7E1NL8460.jpg</thumbnail>
    <fanart>https://image.tmdb.org/t/p/w1280//swXcukNqS52UffiBSrG0M1pm3t6.jpg</fanart>
</item>
<item>
    <title>Legion</title>
    <meta>
        <imdb>tt1038686</imdb>
        <content>movie</content>
        <title>Legion</title>
        <year>2010</year>
    </meta>
    <link>
        <sublink>search</sublink>
        <sublink>searchsd</sublink>
    </link>
    <thumbnail>https://image.tmdb.org/t/p/w1280//mXJJPsVfQdf0OWxgoWgDUFyzJQo.jpg</thumbnail>
    <fanart>https://image.tmdb.org/t/p/w1280//gWaMoxVrkiMJ5xgvnXDhpKtP10E.jpg</fanart>
</item>
<item>
    <title>Let Me In</title>
    <meta>
        <imdb>tt1228987</imdb>
        <content>movie</content>
        <title>Let Me In</title>
        <year>2010</year>
    </meta>
    <link>
        <sublink>search</sublink>
        <sublink>searchsd</sublink>
    </link>
    <thumbnail>https://image.tmdb.org/t/p/w1280//90Y8RVSlOnWsG8PO6evI4ycXItg.jpg</thumbnail>
    <fanart>https://image.tmdb.org/t/p/w1280//uLhpV983X2BLSpnfzwASZWmgEUL.jpg</fanart>
</item>
<item>
    <title>Julia's Eyes</title>
    <meta>
        <imdb>tt1512685</imdb>
        <content>movie</content>
        <title>Julia's Eyes</title>
        <year>2010</year>
    </meta>
    <link>
        <sublink>search</sublink>
        <sublink>searchsd</sublink>
    </link>
    <thumbnail>https://image.tmdb.org/t/p/w1280//yfic6sjnDdnv8OhNFuR2ocwhiPl.jpg</thumbnail>
    <fanart>https://image.tmdb.org/t/p/w1280//qLX8o4JxPzCpQFPOVUHgnnsiGQ5.jpg</fanart>
</item>
<item>
    <title>Mothman</title>
    <meta>
        <imdb>tt1514425</imdb>
        <content>movie</content>
        <title>Mothman</title>
        <year>2010</year>
    </meta>
    <link>
        <sublink>search</sublink>
        <sublink>searchsd</sublink>
    </link>
    <thumbnail>https://image.tmdb.org/t/p/w1280//ncP2KQOsKHOgOLZY4FKjLjzFWbY.jpg</thumbnail>
    <fanart>https://image.tmdb.org/t/p/w1280//qcSKhtK6excFjDQZiUr1EpIfHop.jpg</fanart>
</item>
<item>
    <title>My Soul to Take</title>
    <meta>
        <imdb>tt0872230</imdb>
        <content>movie</content>
        <title>My Soul to Take</title>
        <year>2010</year>
    </meta>
    <link>
        <sublink>search</sublink>
        <sublink>searchsd</sublink>
    </link>
    <thumbnail>https://image.tmdb.org/t/p/w1280//96LAzRlBdYyajKRZroLnae9qrpX.jpg</thumbnail>
    <fanart>https://image.tmdb.org/t/p/w1280//7iLtecAcFPpWXS0bpTBoPWa2ACR.jpg</fanart>
</item>
<item>
    <title>Paranormal Activity 2</title>
    <meta>
        <imdb>tt1536044</imdb>
        <content>movie</content>
        <title>Paranormal Activity 2</title>
        <year>2010</year>
    </meta>
    <link>
        <sublink>search</sublink>
        <sublink>searchsd</sublink>
    </link>
    <thumbnail>https://image.tmdb.org/t/p/w1280//f11EPBUhWdNh2K4lkL9giISPIVq.jpg</thumbnail>
    <fanart>https://image.tmdb.org/t/p/w1280//dhaxwFoaOGIKnJiqHl5hndmyU0s.jpg</fanart>
</item>
<item>
    <title>Piranha 3D</title>
    <meta>
        <imdb>tt0464154</imdb>
        <content>movie</content>
        <title>Piranha 3D</title>
        <year>2010</year>
    </meta>
    <link>
        <sublink>search</sublink>
        <sublink>searchsd</sublink>
    </link>
    <thumbnail>https://image.tmdb.org/t/p/w1280//q112cRpvz05fg8T2nXMhbH8yPPP.jpg</thumbnail>
    <fanart>https://image.tmdb.org/t/p/w1280//hFrACHovSTgTqPNH6qyIEj1KUjv.jpg</fanart>
</item>
<item>
    <title>Predators</title>
    <meta>
        <imdb>tt1424381</imdb>
        <content>movie</content>
        <title>Predators</title>
        <year>2010</year>
    </meta>
    <link>
        <sublink>search</sublink>
        <sublink>searchsd</sublink>
    </link>
    <thumbnail>https://image.tmdb.org/t/p/w1280//wdniP8NDaJIydi1hMxhpbJMUfr6.jpg</thumbnail>
    <fanart>https://image.tmdb.org/t/p/w1280//sLn5HvFwLIL7Fof2Jj0JEeJSrGC.jpg</fanart>
</item>
<item>
    <title>Rammbock: Berlin Undead</title>
    <meta>
        <imdb>tt1583356</imdb>
        <content>movie</content>
        <title>Rammbock: Berlin Undead</title>
        <year>2010</year>
    </meta>
    <link>
        <sublink>search</sublink>
        <sublink>searchsd</sublink>
    </link>
    <thumbnail>https://image.tmdb.org/t/p/w1280//uhtH3pU9SPBGjb0pcVgVxYB8bOR.jpg</thumbnail>
    <fanart>https://image.tmdb.org/t/p/w1280//n5uCOUAnMDhKihcV7iVoTygVmLn.jpg</fanart>
</item>
<item>
    <title>Rare Exports: A Christmas Tale</title>
    <meta>
        <imdb>tt1401143</imdb>
        <content>movie</content>
        <title>Rare Exports: A Christmas Tale</title>
        <year>2010</year>
    </meta>
    <link>
        <sublink>search</sublink>
        <sublink>searchsd</sublink>
    </link>
    <thumbnail>https://image.tmdb.org/t/p/w1280//5i8HjOfLxmklmVETvypRJH001pP.jpg</thumbnail>
    <fanart>https://image.tmdb.org/t/p/w1280//fDYF8Mt5JeZPzIhlZedA6LWuJFc.jpg</fanart>
</item>
<item>
    <title>The Reef</title>
    <meta>
        <imdb>tt1320291</imdb>
        <content>movie</content>
        <title>The Reef</title>
        <year>2010</year>
    </meta>
    <link>
        <sublink>search</sublink>
        <sublink>searchsd</sublink>
    </link>
    <thumbnail>https://image.tmdb.org/t/p/w1280//gJqOW1UZTm9b50eHXTNzXvRlENm.jpg</thumbnail>
    <fanart>https://image.tmdb.org/t/p/w1280//iHxSRdZLYmS7dfwmS0sBP4z9nSC.jpg</fanart>
</item>
<item>
    <title>Resident Evil: Afterlife</title>
    <meta>
        <imdb>tt1220634</imdb>
        <content>movie</content>
        <title>Resident Evil: Afterlife</title>
        <year>2010</year>
    </meta>
    <link>
        <sublink>search</sublink>
        <sublink>searchsd</sublink>
    </link>
    <thumbnail>https://image.tmdb.org/t/p/w1280//szUA5nI2209cCQIv8iIP6tOw8Rf.jpg</thumbnail>
    <fanart>https://image.tmdb.org/t/p/w1280//neCo3TGNu508QvrIpcpef6zYJ00.jpg</fanart>
</item>
<item>
    <title>Rubber</title>
    <meta>
        <imdb>tt1612774</imdb>
        <content>movie</content>
        <title>Rubber</title>
        <year>2010</year>
    </meta>
    <link>
        <sublink>search</sublink>
        <sublink>searchsd</sublink>
    </link>
    <thumbnail>https://image.tmdb.org/t/p/w1280//6zaq4lSe4SLUxeSMkjk29CBmqrD.jpg</thumbnail>
    <fanart>https://image.tmdb.org/t/p/w1280//rFsiQwX0xl2VjQvjlMVMEAteXr8.jpg</fanart>
</item>
<item>
    <title>Saw: The Final Chapter</title>
    <meta>
        <imdb>tt1477076</imdb>
        <content>movie</content>
        <title>Saw: The Final Chapter</title>
        <year>2010</year>
    </meta>
    <link>
        <sublink>search</sublink>
        <sublink>searchsd</sublink>
    </link>
    <thumbnail>https://image.tmdb.org/t/p/w1280//mBQX4TCfDEk2a5mvu0Z0PFeFoUp.jpg</thumbnail>
    <fanart>https://image.tmdb.org/t/p/w1280//sAMbPP5APevu6oJdUT4YNgpyR8o.jpg</fanart>
</item>
<item>
    <title>Shelter</title>
    <meta>
        <imdb>tt1179069</imdb>
        <content>movie</content>
        <title>Shelter</title>
        <year>2010</year>
    </meta>
    <link>
        <sublink>search</sublink>
        <sublink>searchsd</sublink>
    </link>
    <thumbnail>https://image.tmdb.org/t/p/w1280//iFtUI5KB83bXTk23kB2ldoOQX8z.jpg</thumbnail>
    <fanart>https://image.tmdb.org/t/p/w1280//w37BURBF9CIuW1fJpHh15pJRXLI.jpg</fanart>
</item>
<item>
    <title>The Shrine</title>
    <meta>
        <imdb>tt1341710</imdb>
        <content>movie</content>
        <title>The Shrine</title>
        <year>2010</year>
    </meta>
    <link>
        <sublink>search</sublink>
        <sublink>searchsd</sublink>
    </link>
    <thumbnail>https://image.tmdb.org/t/p/w1280//dcBws9y87pflawgqvbHzYFJ8Y0V.jpg</thumbnail>
    <fanart>https://image.tmdb.org/t/p/w1280//b6NJwLEt7lD70honReHFHWGBnBd.jpg</fanart>
</item>
<item>
    <title>Saint</title>
    <meta>
        <imdb>tt1167675</imdb>
        <content>movie</content>
        <title>Saint</title>
        <year>2010</year>
    </meta>
    <link>
        <sublink>search</sublink>
        <sublink>searchsd</sublink>
    </link>
    <thumbnail>https://image.tmdb.org/t/p/w1280//eMDgTtYeLxG7TBJaX3dR52oeZ4K.jpg</thumbnail>
    <fanart>https://image.tmdb.org/t/p/w1280//iJz43pkfZGvvC8UR1d3VwyhcxbH.jpg</fanart>
</item>
<item>
    <title>A Serbian Film</title>
    <meta>
        <imdb>tt1273235</imdb>
        <content>movie</content>
        <title>A Serbian Film</title>
        <year>2010</year>
    </meta>
    <link>
        <sublink>search</sublink>
        <sublink>searchsd</sublink>
    </link>
    <thumbnail>https://image.tmdb.org/t/p/w1280//edM906NOM5WxaaAMeTsgDeqnBDr.jpg</thumbnail>
    <fanart>https://image.tmdb.org/t/p/w1280//19qAk3bQZ6ulspbwhPw1A0bNpii.jpg</fanart>
</item>
<item>
    <title>Stake Land</title>
    <meta>
        <imdb>tt1464580</imdb>
        <content>movie</content>
        <title>Stake Land</title>
        <year>2010</year>
    </meta>
    <link>
        <sublink>search</sublink>
        <sublink>searchsd</sublink>
    </link>
    <thumbnail>https://image.tmdb.org/t/p/w1280//xohrZtjqSsP5hWK5J3dn8YyelKY.jpg</thumbnail>
    <fanart>https://image.tmdb.org/t/p/w1280//gg44CEzDnr0FZSxNuKyy1A5T5qz.jpg</fanart>
</item>
<item>
    <title>Survival of the Dead</title>
    <meta>
        <imdb>tt1134854</imdb>
        <content>movie</content>
        <title>Survival of the Dead</title>
        <year>2010</year>
    </meta>
    <link>
        <sublink>search</sublink>
        <sublink>searchsd</sublink>
    </link>
    <thumbnail>https://image.tmdb.org/t/p/w1280//oGTMVwgQqwyJxJ841MNmVzoUgRg.jpg</thumbnail>
    <fanart>https://image.tmdb.org/t/p/w1280//dxX7F8rSZ8c6YyQZylRroErN8hy.jpg</fanart>
</item>
<item>
    <title>Troll Hunter</title>
    <meta>
        <imdb>tt1740707</imdb>
        <content>movie</content>
        <title>Troll Hunter</title>
        <year>2010</year>
    </meta>
    <link>
        <sublink>search</sublink>
        <sublink>searchsd</sublink>
    </link>
    <thumbnail>https://image.tmdb.org/t/p/w1280//hee6nsDsmemyxpO26TZ7wiODnDO.jpg</thumbnail>
    <fanart>https://image.tmdb.org/t/p/w1280//ruopuPKZZv7L5Wwgj9tt3Rm3gtG.jpg</fanart>
</item>
<item>
    <title>Tucker and Dale vs Evil</title>
    <meta>
        <imdb>tt1465522</imdb>
        <content>movie</content>
        <title>Tucker and Dale vs Evil</title>
        <year>2010</year>
    </meta>
    <link>
        <sublink>search</sublink>
        <sublink>searchsd</sublink>
    </link>
    <thumbnail>https://image.tmdb.org/t/p/w1280//lNaivZXcad1bXDoptUzV3PQ2Ms0.jpg</thumbnail>
    <fanart>https://image.tmdb.org/t/p/w1280//mjsS5mcMjLPE31yGTU5mMqRhyCc.jpg</fanart>
</item>
<item>
    <title>Vanishing on 7th Street</title>
    <meta>
        <imdb>tt1452628</imdb>
        <content>movie</content>
        <title>Vanishing on 7th Street</title>
        <year>2010</year>
    </meta>
    <link>
        <sublink>search</sublink>
        <sublink>searchsd</sublink>
    </link>
    <thumbnail>https://image.tmdb.org/t/p/w1280//u28Utjvana3RxQmOeBT4FTTwm12.jpg</thumbnail>
    <fanart>https://image.tmdb.org/t/p/w1280//hmZYvFGuMu5uVY7OaPYy63VboT2.jpg</fanart>
</item>
<item>
    <title>The Ward</title>
    <meta>
        <imdb>tt1369706</imdb>
        <content>movie</content>
        <title>The Ward</title>
        <year>2010</year>
    </meta>
    <link>
        <sublink>search</sublink>
        <sublink>searchsd</sublink>
    </link>
    <thumbnail>https://image.tmdb.org/t/p/w1280//cMApNxaSq4udLTYBAd755E8VJok.jpg</thumbnail>
    <fanart>https://image.tmdb.org/t/p/w1280//j01PwweLdwHk3e5pTAZazvAp2VS.jpg</fanart>
</item>
<item>
    <title>The Wolfman</title>
    <meta>
        <imdb>tt0780653</imdb>
        <content>movie</content>
        <title>The Wolfman</title>
        <year>2010</year>
    </meta>
    <link>
        <sublink>search</sublink>
        <sublink>searchsd</sublink>
    </link>
    <thumbnail>https://image.tmdb.org/t/p/w1280//igiSz8bGHE0BegZ8xvlokAQgAk3.jpg</thumbnail>
    <fanart>https://image.tmdb.org/t/p/w1280//kUXciLXDo2Igxw9PDPhXWIDkA5E.jpg</fanart>
</item>
<item>
    <title>Cold Fish</title>
    <meta>
        <imdb>tt1632547</imdb>
        <content>movie</content>
        <title>Cold Fish</title>
        <year>2010</year>
    </meta>
    <link>
        <sublink>search</sublink>
        <sublink>searchsd</sublink>
    </link>
    <thumbnail>https://image.tmdb.org/t/p/w1280//ik773Er5AyJ7kOc0t5RPioyncAP.jpg</thumbnail>
    <fanart>https://image.tmdb.org/t/p/w1280//lCR2wcqu6BBF7vFF3TqqDartccO.jpg</fanart>
</item>
<item>
    <title>Dream Home</title>
    <meta>
        <imdb>tt1407972</imdb>
        <content>movie</content>
        <title>Dream Home</title>
        <year>2010</year>
    </meta>
    <link>
        <sublink>search</sublink>
        <sublink>searchsd</sublink>
    </link>
    <thumbnail>https://image.tmdb.org/t/p/w1280//edY2IRaCGEKuJstuLLJ9MQNAYKX.jpg</thumbnail>
    <fanart>https://image.tmdb.org/t/p/w1280//vEJM59bB5WWXjai0LKelKwU4PmI.jpg</fanart>
</item>
<item>
    <title>Bedevilled</title>
    <meta>
        <imdb>tt1646959</imdb>
        <content>movie</content>
        <title>Bedevilled</title>
        <year>2010</year>
    </meta>
    <link>
        <sublink>search</sublink>
        <sublink>searchsd</sublink>
    </link>
    <thumbnail>https://image.tmdb.org/t/p/w1280//9rr6koprl9MQT4phzXXMTjlRmIY.jpg</thumbnail>
    <fanart>https://image.tmdb.org/t/p/w1280//jYtk5dspuiKNbL6n6Uh66aHvbOb.jpg</fanart>
</item>
<item>
    <title>I Saw the Devil</title>
    <meta>
        <imdb>tt1588170</imdb>
        <content>movie</content>
        <title>I Saw the Devil</title>
        <year>2010</year>
    </meta>
    <link>
        <sublink>search</sublink>
        <sublink>searchsd</sublink>
    </link>
    <thumbnail>https://image.tmdb.org/t/p/w1280//xhlXnzQRlDab04sUMVR9bzyDPpr.jpg</thumbnail>
    <fanart>https://image.tmdb.org/t/p/w1280//vz3LZDCJLaeai4iMdPkTOztHXS9.jpg</fanart>
</item>
