<item>
    <title>11-11-11</title>
    <meta>
        <imdb>tt1712159</imdb>
        <content>movie</content>
        <title>11-11-11</title>
        <year>2011</year>
    </meta>
    <link>
        <sublink>search</sublink>
        <sublink>searchsd</sublink>
    </link>
    <thumbnail>https://image.tmdb.org/t/p/w1280//qndJCrG6Z1mpAwitDaiEC8494Tl.jpg</thumbnail>
    <fanart>https://image.tmdb.org/t/p/w1280//Ak0QAlJh05jLSmFl5zDU8c0PXyD.jpg</fanart>
</item>
<item>
    <title>23:59</title>
    <meta>
        <imdb>tt2100376</imdb>
        <content>movie</content>
        <title>23:59</title>
        <year>2011</year>
    </meta>
    <link>
        <sublink>search</sublink>
        <sublink>searchsd</sublink>
    </link>
    <thumbnail>https://image.tmdb.org/t/p/w1280//qSTQud8EbnHvE3Z1izEocjvaGiD.jpg</thumbnail>
    <fanart>https://image.tmdb.org/t/p/w1280//sMBHfFPVHThZz45VZamw1lTsvsd.jpg</fanart>
</item>
<item>
    <title>Absentia</title>
    <meta>
        <imdb>tt1610996</imdb>
        <content>movie</content>
        <title>Absentia</title>
        <year>2011</year>
    </meta>
    <link>
        <sublink>search</sublink>
        <sublink>searchsd</sublink>
    </link>
    <thumbnail>https://image.tmdb.org/t/p/w1280//pj7aP0kN787m6uYT03fmoT08dwW.jpg</thumbnail>
    <fanart>https://image.tmdb.org/t/p/w1280//5tU6uHzBTyvHDC6DEhfsGi9AbIY.jpg</fanart>
</item>
<item>
    <title>The Amityville Haunting</title>
    <meta>
        <imdb>tt2042447</imdb>
        <content>movie</content>
        <title>The Amityville Haunting</title>
        <year>2011</year>
    </meta>
    <link>
        <sublink>search</sublink>
        <sublink>searchsd</sublink>
    </link>
    <thumbnail>https://image.tmdb.org/t/p/w1280//iHpniKbJBU1Ddgmea93jB97w1tK.jpg</thumbnail>
    <fanart>https://image.tmdb.org/t/p/w1280//3yvWvHREJ7CCggSYzbyraqHzE7C.jpg</fanart>
</item>
<item>
    <title>Apollo 18</title>
    <meta>
        <imdb>tt1772240</imdb>
        <content>movie</content>
        <title>Apollo 18</title>
        <year>2011</year>
    </meta>
    <link>
        <sublink>search</sublink>
        <sublink>searchsd</sublink>
    </link>
    <thumbnail>https://image.tmdb.org/t/p/w1280//xmvkYqK28ds9JM4gyBJCSoYpm9T.jpg</thumbnail>
    <fanart>https://image.tmdb.org/t/p/w1280//aHE8y4A4mlRCQbJ5oLbPkr5iznx.jpg</fanart>
</item>
<item>
    <title>Attack the Block</title>
    <meta>
        <imdb>tt1478964</imdb>
        <content>movie</content>
        <title>Attack the Block</title>
        <year>2011</year>
    </meta>
    <link>
        <sublink>search</sublink>
        <sublink>searchsd</sublink>
    </link>
    <thumbnail>https://image.tmdb.org/t/p/w1280//n2qLb5UPj0sKUnlzkthp30wM0g2.jpg</thumbnail>
    <fanart>https://image.tmdb.org/t/p/w1280//zTXg44hfBR8ph9QljLnKeftxkky.jpg</fanart>
</item>
<item>
    <title>The Awakening</title>
    <meta>
        <imdb>tt1687901</imdb>
        <content>movie</content>
        <title>The Awakening</title>
        <year>2011</year>
    </meta>
    <link>
        <sublink>search</sublink>
        <sublink>searchsd</sublink>
    </link>
    <thumbnail>https://image.tmdb.org/t/p/w1280//1iIB1eR9pFxoOdAp4FhPCYwQ1TA.jpg</thumbnail>
    <fanart>https://image.tmdb.org/t/p/w1280//ntdakjgQNmRNscwWgKQBTVw1UqY.jpg</fanart>
</item>
<item>
    <title>The Caller</title>
    <meta>
        <imdb>tt1525890</imdb>
        <content>movie</content>
        <title>The Caller</title>
        <year>2011</year>
    </meta>
    <link>
        <sublink>search</sublink>
        <sublink>searchsd</sublink>
    </link>
    <thumbnail>https://image.tmdb.org/t/p/w1280//tlhbXjcSCpNqLQTTtFSXLbV5yQg.jpg</thumbnail>
    <fanart>https://image.tmdb.org/t/p/w1280//s4WMBIM18cFjw1NEdPaJ4k2brzr.jpg</fanart>
</item>
<item>
    <title>Children of the Corn: Genesis</title>
    <meta>
        <imdb>tt1745672</imdb>
        <content>movie</content>
        <title>Children of the Corn: Genesis</title>
        <year>2011</year>
    </meta>
    <link>
        <sublink>search</sublink>
        <sublink>searchsd</sublink>
    </link>
    <thumbnail>https://image.tmdb.org/t/p/w1280//94Cc2YJMsCtezYRcmL1PyBNhE1y.jpg</thumbnail>
    <fanart>https://image.tmdb.org/t/p/w1280//uRDrnv4ZfalWYjH7sxyv4KOXWTb.jpg</fanart>
</item>
<item>
    <title>Detention</title>
    <meta>
        <imdb>tt1701990</imdb>
        <content>movie</content>
        <title>Detention</title>
        <year>2011</year>
    </meta>
    <link>
        <sublink>search</sublink>
        <sublink>searchsd</sublink>
    </link>
    <thumbnail>https://image.tmdb.org/t/p/w1280//wLuMoe16Z27DH96B2vg4FQNiAjj.jpg</thumbnail>
    <fanart>https://image.tmdb.org/t/p/w1280//q7POqe3WNigP29OSV6NvmwUNWTi.jpg</fanart>
</item>
<item>
    <title>The Divide</title>
    <meta>
        <imdb>tt1535616</imdb>
        <content>movie</content>
        <title>The Divide</title>
        <year>2011</year>
    </meta>
    <link>
        <sublink>search</sublink>
        <sublink>searchsd</sublink>
    </link>
    <thumbnail>https://image.tmdb.org/t/p/w1280//rmENz2ulMToAhVk3qWwmNVl6uoO.jpg</thumbnail>
    <fanart>https://image.tmdb.org/t/p/w1280//lxfQlCTmGuz9u9kxa7lcWLs3JI7.jpg</fanart>
</item>
<item>
    <title>Dream House</title>
    <meta>
        <imdb>tt1462041</imdb>
        <content>movie</content>
        <title>Dream House</title>
        <year>2011</year>
    </meta>
    <link>
        <sublink>search</sublink>
        <sublink>searchsd</sublink>
    </link>
    <thumbnail>https://image.tmdb.org/t/p/w1280//8MDE7wXp7gxf61yRDptSLowU2e6.jpg</thumbnail>
    <fanart>https://image.tmdb.org/t/p/w1280//jA4sN4MEzs3J96nb3CJJfCPP77Z.jpg</fanart>
</item>
<item>
    <title>Emergo</title>
    <meta>
        <imdb>tt1757742</imdb>
        <content>movie</content>
        <title>Emergo</title>
        <year>2011</year>
    </meta>
    <link>
        <sublink>search</sublink>
        <sublink>searchsd</sublink>
    </link>
    <thumbnail>https://image.tmdb.org/t/p/w1280//a0tcW68cDpyHMimogCpLHEQGF01.jpg</thumbnail>
    <fanart>https://image.tmdb.org/t/p/w1280//ojMWlgggH5KGHPD9MChxj2GtAiw.jpg</fanart>
</item>
<item>
    <title>Enter Nowhere</title>
    <meta>
        <imdb>tt1631707</imdb>
        <content>movie</content>
        <title>Enter Nowhere</title>
        <year>2011</year>
    </meta>
    <link>
        <sublink>search</sublink>
        <sublink>searchsd</sublink>
    </link>
    <thumbnail>https://image.tmdb.org/t/p/w1280//xI3vLeDYqoaPmJ9RCgERhSRJsZJ.jpg</thumbnail>
    <fanart>https://image.tmdb.org/t/p/w1280//2OYkD6dVs45IpmpGtz9fAqFbHJ4.jpg</fanart>
</item>
<item>
    <title>Final Destination 5</title>
    <meta>
        <imdb>tt1622979</imdb>
        <content>movie</content>
        <title>Final Destination 5</title>
        <year>2011</year>
    </meta>
    <link>
        <sublink>search</sublink>
        <sublink>searchsd</sublink>
    </link>
    <thumbnail>https://image.tmdb.org/t/p/w1280//m4xhyjrybUGGY2p6bjrF4AO5Osl.jpg</thumbnail>
    <fanart>https://image.tmdb.org/t/p/w1280//3ngwmwSSSymtg7XXw2rgjnML2yT.jpg</fanart>
</item>
<item>
    <title>Fright Night</title>
    <meta>
        <imdb>tt1438176</imdb>
        <content>movie</content>
        <title>Fright Night</title>
        <year>2011</year>
    </meta>
    <link>
        <sublink>search</sublink>
        <sublink>searchsd</sublink>
    </link>
    <thumbnail>https://image.tmdb.org/t/p/w1280//6bpthoORc53b2SEG3JwFBRZQnT5.jpg</thumbnail>
    <fanart>https://image.tmdb.org/t/p/w1280//kCPv7HlXXXDfm3QlCG93FS8wDY7.jpg</fanart>
</item>
<item>
    <title>Grave Encounters</title>
    <meta>
        <imdb>tt1703199</imdb>
        <content>movie</content>
        <title>Grave Encounters</title>
        <year>2011</year>
    </meta>
    <link>
        <sublink>search</sublink>
        <sublink>searchsd</sublink>
    </link>
    <thumbnail>https://image.tmdb.org/t/p/w1280//gIWvlqOsAM0E6TOHCMP19TmVVLC.jpg</thumbnail>
    <fanart>https://image.tmdb.org/t/p/w1280//dLYgcIYNafDMFhKdLZNV4rxE6Q8.jpg</fanart>
</item>
<item>
    <title>Haunted</title>
    <meta>
        <imdb>tt1887763</imdb>
        <content>movie</content>
        <title>Haunted</title>
        <year>2011</year>
    </meta>
    <link>
        <sublink>search</sublink>
        <sublink>searchsd</sublink>
    </link>
    <thumbnail>https://image.tmdb.org/t/p/w1280//5HLWetN64BYL82T7koHBmsYhAxo.jpg</thumbnail>
    <fanart/>
</item>
<item>
    <title>Hellraiser: Revelations</title>
    <meta>
        <imdb>tt1716747</imdb>
        <content>movie</content>
        <title>Hellraiser: Revelations</title>
        <year>2011</year>
    </meta>
    <link>
        <sublink>search</sublink>
        <sublink>searchsd</sublink>
    </link>
    <thumbnail>https://image.tmdb.org/t/p/w1280//iRvm4Ql8BsYHcEWuq9y0REuFRY8.jpg</thumbnail>
    <fanart>https://image.tmdb.org/t/p/w1280//lUJTk3RPJtWbKHhOMIAprCDZxg1.jpg</fanart>
</item>
<item>
    <title>Hostel: Part III</title>
    <meta>
        <imdb>tt1255916</imdb>
        <content>movie</content>
        <title>Hostel: Part III</title>
        <year>2011</year>
    </meta>
    <link>
        <sublink>search</sublink>
        <sublink>searchsd</sublink>
    </link>
    <thumbnail>https://image.tmdb.org/t/p/w1280//yElnsRDzujnHDHli5UuAgrCVQsT.jpg</thumbnail>
    <fanart>https://image.tmdb.org/t/p/w1280//zM789ZAcn9wVskspFyzKavWKv8N.jpg</fanart>
</item>
<item>
    <title>The Human Centipede 2 (Full Sequence)</title>
    <meta>
        <imdb>tt1530509</imdb>
        <content>movie</content>
        <title>The Human Centipede 2 (Full Sequence)</title>
        <year>2011</year>
    </meta>
    <link>
        <sublink>search</sublink>
        <sublink>searchsd</sublink>
    </link>
    <thumbnail>https://image.tmdb.org/t/p/w1280//kFtAdkCO0vXN2RWu2oMcR9GZ9Hi.jpg</thumbnail>
    <fanart>https://image.tmdb.org/t/p/w1280//rPfyX0pkmn8Ea4gh3DfsmzFUf05.jpg</fanart>
</item>
<item>
    <title>Inbred</title>
    <meta>
        <imdb>tt1723124</imdb>
        <content>movie</content>
        <title>Inbred</title>
        <year>2011</year>
    </meta>
    <link>
        <sublink>search</sublink>
        <sublink>searchsd</sublink>
    </link>
    <thumbnail>https://image.tmdb.org/t/p/w1280//9fKswnksV8AMPIMedNmCLOJNMw1.jpg</thumbnail>
    <fanart>https://image.tmdb.org/t/p/w1280//6UuWedysH2gHgl7smMraeXJgCp5.jpg</fanart>
</item>
<item>
    <title>Asylum Blackout</title>
    <meta>
        <imdb>tt1027820</imdb>
        <content>movie</content>
        <title>Asylum Blackout</title>
        <year>2011</year>
    </meta>
    <link>
        <sublink>search</sublink>
        <sublink>searchsd</sublink>
    </link>
    <thumbnail>https://image.tmdb.org/t/p/w1280//iX6yJZDiS1K2CmyK7naKYBhx4mi.jpg</thumbnail>
    <fanart>https://image.tmdb.org/t/p/w1280//wolZVd1tZoJIWC8SpHag6882OKo.jpg</fanart>
</item>
<item>
    <title>The Innkeepers</title>
    <meta>
        <imdb>tt1594562</imdb>
        <content>movie</content>
        <title>The Innkeepers</title>
        <year>2011</year>
    </meta>
    <link>
        <sublink>search</sublink>
        <sublink>searchsd</sublink>
    </link>
    <thumbnail>https://image.tmdb.org/t/p/w1280//z8bx4DjqhjcMU6T1cU0FuZFboQ3.jpg</thumbnail>
    <fanart>https://image.tmdb.org/t/p/w1280//99RPIKlnYgWocabu6KbA9Miczxf.jpg</fanart>
</item>
<item>
    <title>Intruders</title>
    <meta>
        <imdb>tt1634121</imdb>
        <content>movie</content>
        <title>Intruders</title>
        <year>2011</year>
    </meta>
    <link>
        <sublink>search</sublink>
        <sublink>searchsd</sublink>
    </link>
    <thumbnail>https://image.tmdb.org/t/p/w1280//doK1kQ6ZqGpNnghH0YFPu3Gihqu.jpg</thumbnail>
    <fanart>https://image.tmdb.org/t/p/w1280//gdv5QELPZBACsqJbkwFj3fhl5KG.jpg</fanart>
</item>
<item>
    <title>Juan of the Dead</title>
    <meta>
        <imdb>tt1838571</imdb>
        <content>movie</content>
        <title>Juan of the Dead</title>
        <year>2011</year>
    </meta>
    <link>
        <sublink>search</sublink>
        <sublink>searchsd</sublink>
    </link>
    <thumbnail>https://image.tmdb.org/t/p/w1280//1CmYbZ7Jt1bACxmMouPFm3vuuP0.jpg</thumbnail>
    <fanart>https://image.tmdb.org/t/p/w1280//p5HXxEHY5u32xAFhU4QKm6KLOj.jpg</fanart>
</item>
<item>
    <title>Kill List</title>
    <meta>
        <imdb>tt1788391</imdb>
        <content>movie</content>
        <title>Kill List</title>
        <year>2011</year>
    </meta>
    <link>
        <sublink>search</sublink>
        <sublink>searchsd</sublink>
    </link>
    <thumbnail>https://image.tmdb.org/t/p/w1280//3MIEta9ptOegQAtawCgnwpCZsR.jpg</thumbnail>
    <fanart>https://image.tmdb.org/t/p/w1280//ugTOWovCYRe99FPGmN1Bk9o2cEy.jpg</fanart>
</item>
<item>
    <title>The Skin I Live In</title>
    <meta>
        <imdb>tt1189073</imdb>
        <content>movie</content>
        <title>The Skin I Live In</title>
        <year>2011</year>
    </meta>
    <link>
        <sublink>search</sublink>
        <sublink>searchsd</sublink>
    </link>
    <thumbnail>https://image.tmdb.org/t/p/w1280//iFIgRIhz3CdWDuKBqEDURV4a4Ly.jpg</thumbnail>
    <fanart>https://image.tmdb.org/t/p/w1280//dagoulteDXu2CPWmoNJKq8K5Lo6.jpg</fanart>
</item>
<item>
    <title>Little Deaths</title>
    <meta>
        <imdb>tt1614456</imdb>
        <content>movie</content>
        <title>Little Deaths</title>
        <year>2011</year>
    </meta>
    <link>
        <sublink>search</sublink>
        <sublink>searchsd</sublink>
    </link>
    <thumbnail>https://image.tmdb.org/t/p/w1280//aOHbf3DtzeiP6qDFVtwqmx3moN3.jpg</thumbnail>
    <fanart>https://image.tmdb.org/t/p/w1280//iZ77fpUF6ZKiMT3ZH5INbWgc2fz.jpg</fanart>
</item>
<item>
    <title>Livid</title>
    <meta>
        <imdb>tt1727516</imdb>
        <content>movie</content>
        <title>Livid</title>
        <year>2011</year>
    </meta>
    <link>
        <sublink>search</sublink>
        <sublink>searchsd</sublink>
    </link>
    <thumbnail>https://image.tmdb.org/t/p/w1280//yiTvnlBDgUmGK26WYftZ930U3Zo.jpg</thumbnail>
    <fanart>https://image.tmdb.org/t/p/w1280//pUN6hCe8gUaZdF9oV1sskzbb2b4.jpg</fanart>
</item>
<item>
    <title>Sleep Tight</title>
    <meta>
        <imdb>tt1437358</imdb>
        <content>movie</content>
        <title>Sleep Tight</title>
        <year>2011</year>
    </meta>
    <link>
        <sublink>search</sublink>
        <sublink>searchsd</sublink>
    </link>
    <thumbnail>https://image.tmdb.org/t/p/w1280//sQMAkEFRNnIBYVONqr0bDqOE995.jpg</thumbnail>
    <fanart>https://image.tmdb.org/t/p/w1280//baBSyzGArztqGdGamUBKGowCSuz.jpg</fanart>
</item>
<item>
    <title>The Moth Diaries</title>
    <meta>
        <imdb>tt1407065</imdb>
        <content>movie</content>
        <title>The Moth Diaries</title>
        <year>2011</year>
    </meta>
    <link>
        <sublink>search</sublink>
        <sublink>searchsd</sublink>
    </link>
    <thumbnail>https://image.tmdb.org/t/p/w1280//lFWcxNFzoKXq7SCIhmD65ApeUA6.jpg</thumbnail>
    <fanart>https://image.tmdb.org/t/p/w1280//mHqllmhxtc7BMZjh6NcKfPUgLn8.jpg</fanart>
</item>
<item>
    <title>Paranormal Activity 3</title>
    <meta>
        <imdb>tt1778304</imdb>
        <content>movie</content>
        <title>Paranormal Activity 3</title>
        <year>2011</year>
    </meta>
    <link>
        <sublink>search</sublink>
        <sublink>searchsd</sublink>
    </link>
    <thumbnail>https://image.tmdb.org/t/p/w1280//uDO3wyyxrMm93lZZBuslLQxNMgJ.jpg</thumbnail>
    <fanart>https://image.tmdb.org/t/p/w1280//7b0ksqDWSZzmfOLSOok7Hh8eKqk.jpg</fanart>
</item>
<item>
    <title>Priest</title>
    <meta>
        <imdb>tt0822847</imdb>
        <content>movie</content>
        <title>Priest</title>
        <year>2011</year>
    </meta>
    <link>
        <sublink>search</sublink>
        <sublink>searchsd</sublink>
    </link>
    <thumbnail>https://image.tmdb.org/t/p/w1280//pE28BDqICBPe3FgphsYSxtH6FcZ.jpg</thumbnail>
    <fanart>https://image.tmdb.org/t/p/w1280//tFLnn1ZqYy0dopI09SYY87Ov1sz.jpg</fanart>
</item>
<item>
    <title>Quarantine 2: Terminal</title>
    <meta>
        <imdb>tt1699231</imdb>
        <content>movie</content>
        <title>Quarantine 2: Terminal</title>
        <year>2011</year>
    </meta>
    <link>
        <sublink>search</sublink>
        <sublink>searchsd</sublink>
    </link>
    <thumbnail>https://image.tmdb.org/t/p/w1280//oyDKxHiAqOrH6hN48OE5nyXdA6g.jpg</thumbnail>
    <fanart>https://image.tmdb.org/t/p/w1280//7LFfyXcN0DBuNRvhIiaWt4iTkPN.jpg</fanart>
</item>
<item>
    <title>Red Riding Hood</title>
    <meta>
        <imdb>tt1486185</imdb>
        <content>movie</content>
        <title>Red Riding Hood</title>
        <year>2011</year>
    </meta>
    <link>
        <sublink>search</sublink>
        <sublink>searchsd</sublink>
    </link>
    <thumbnail>https://image.tmdb.org/t/p/w1280//btUc7lekzeRjEFzxhKwW0l3kdJn.jpg</thumbnail>
    <fanart>https://image.tmdb.org/t/p/w1280//1hPMsHO2KMBCtVLevPdXtN1ohrA.jpg</fanart>
</item>
<item>
    <title>Red State</title>
    <meta>
        <imdb>tt0873886</imdb>
        <content>movie</content>
        <title>Red State</title>
        <year>2011</year>
    </meta>
    <link>
        <sublink>search</sublink>
        <sublink>searchsd</sublink>
    </link>
    <thumbnail>https://image.tmdb.org/t/p/w1280//h43jPTebYOabSXqNQqrRQpg6DPc.jpg</thumbnail>
    <fanart>https://image.tmdb.org/t/p/w1280//mKWrj4BAeuzAWOoShVcmhwmyza6.jpg</fanart>
</item>
<item>
    <title>The Rite</title>
    <meta>
        <imdb>tt1161864</imdb>
        <content>movie</content>
        <title>The Rite</title>
        <year>2011</year>
    </meta>
    <link>
        <sublink>search</sublink>
        <sublink>searchsd</sublink>
    </link>
    <thumbnail>https://image.tmdb.org/t/p/w1280//94jKSKAOfM3EU4bPsOPkVB9AOHT.jpg</thumbnail>
    <fanart>https://image.tmdb.org/t/p/w1280//yaF4JUgdNy3NKXVtptTkKawZtlB.jpg</fanart>
</item>
<item>
    <title>The Roommate</title>
    <meta>
        <imdb>tt1265990</imdb>
        <content>movie</content>
        <title>The Roommate</title>
        <year>2011</year>
    </meta>
    <link>
        <sublink>search</sublink>
        <sublink>searchsd</sublink>
    </link>
    <thumbnail>https://image.tmdb.org/t/p/w1280//yvKZBncLbuNd3HX7dcqcepq83qy.jpg</thumbnail>
    <fanart>https://image.tmdb.org/t/p/w1280//7jkhsizAjyEsQ2fynDINDrdHo3p.jpg</fanart>
</item>
<item>
    <title>Scream 4</title>
    <meta>
        <imdb>tt1262416</imdb>
        <content>movie</content>
        <title>Scream 4</title>
        <year>2011</year>
    </meta>
    <link>
        <sublink>search</sublink>
        <sublink>searchsd</sublink>
    </link>
    <thumbnail>https://image.tmdb.org/t/p/w1280//eT2y8SLxLwPFPuShV4i2FoZnOwU.jpg</thumbnail>
    <fanart>https://image.tmdb.org/t/p/w1280//gTKnZWf3zpb1ooKcL5hDcqITiaw.jpg</fanart>
</item>
<item>
    <title>Seconds Apart</title>
    <meta>
        <imdb>tt1601475</imdb>
        <content>movie</content>
        <title>Seconds Apart</title>
        <year>2011</year>
    </meta>
    <link>
        <sublink>search</sublink>
        <sublink>searchsd</sublink>
    </link>
    <thumbnail>https://image.tmdb.org/t/p/w1280//uIP6QJ1RJtNH2MsmsvsCoDB18Ph.jpg</thumbnail>
    <fanart>https://image.tmdb.org/t/p/w1280//swbczpGiNTmlqwhW79EoZMOEOJR.jpg</fanart>
</item>
<item>
    <title>Shark Night</title>
    <meta>
        <imdb>tt1633356</imdb>
        <content>movie</content>
        <title>Shark Night</title>
        <year>2011</year>
    </meta>
    <link>
        <sublink>search</sublink>
        <sublink>searchsd</sublink>
    </link>
    <thumbnail>https://image.tmdb.org/t/p/w1280//ckvd7BKUYwAVViKmyYPh15eONdc.jpg</thumbnail>
    <fanart>https://image.tmdb.org/t/p/w1280//xAwoCLIw0v8zG5gXPLZVgmfN82H.jpg</fanart>
</item>
<item>
    <title>Super 8</title>
    <meta>
        <imdb>tt1650062</imdb>
        <content>movie</content>
        <title>Super 8</title>
        <year>2011</year>
    </meta>
    <link>
        <sublink>search</sublink>
        <sublink>searchsd</sublink>
    </link>
    <thumbnail>https://image.tmdb.org/t/p/w1280//1JAKnHjENVz1adurNjtsWZnVQGY.jpg</thumbnail>
    <fanart>https://image.tmdb.org/t/p/w1280//9gh3kcihkCH5EWjxBtb19pdQxhm.jpg</fanart>
</item>
<item>
    <title>The Task</title>
    <meta>
        <imdb>tt1621446</imdb>
        <content>movie</content>
        <title>The Task</title>
        <year>2011</year>
    </meta>
    <link>
        <sublink>search</sublink>
        <sublink>searchsd</sublink>
    </link>
    <thumbnail>https://image.tmdb.org/t/p/w1280//27tOuCZe2i5eU2RweO5B5qv3pKT.jpg</thumbnail>
    <fanart>https://image.tmdb.org/t/p/w1280//yh3aiD9kqHYpk5tRBuWibajHiRJ.jpg</fanart>
</item>
<item>
    <title>The Thing</title>
    <meta>
        <imdb>tt0905372</imdb>
        <content>movie</content>
        <title>The Thing</title>
        <year>2011</year>
    </meta>
    <link>
        <sublink>search</sublink>
        <sublink>searchsd</sublink>
    </link>
    <thumbnail>https://image.tmdb.org/t/p/w1280//a2Cme25fHcSdIQ2wW6aWmE4owUI.jpg</thumbnail>
    <fanart>https://image.tmdb.org/t/p/w1280//mspjoQKJ8NSvJZ6BzaM1XKNzofD.jpg</fanart>
</item>
<item>
    <title>The Tunnel</title>
    <meta>
        <imdb>tt1735485</imdb>
        <content>movie</content>
        <title>The Tunnel</title>
        <year>2011</year>
    </meta>
    <link>
        <sublink>search</sublink>
        <sublink>searchsd</sublink>
    </link>
    <thumbnail>https://image.tmdb.org/t/p/w1280//GRxnYP5lp04xyfeDn2PTaOgtoc.jpg</thumbnail>
    <fanart>https://image.tmdb.org/t/p/w1280//zMNyDSAzGWfFuTW8Q5q9JcOGrKs.jpg</fanart>
</item>
<item>
    <title>Twixt</title>
    <meta>
        <imdb>tt1756851</imdb>
        <content>movie</content>
        <title>Twixt</title>
        <year>2011</year>
    </meta>
    <link>
        <sublink>search</sublink>
        <sublink>searchsd</sublink>
    </link>
    <thumbnail>https://image.tmdb.org/t/p/w1280//croUg2bSjSMZwFgrTBv3FauRc6b.jpg</thumbnail>
    <fanart>https://image.tmdb.org/t/p/w1280//ugfwELnXmAjIHgRIJRvDkv6xZZt.jpg</fanart>
</item>
<item>
    <title>The Wicker Tree</title>
    <meta>
        <imdb>tt0323808</imdb>
        <content>movie</content>
        <title>The Wicker Tree</title>
        <year>2011</year>
    </meta>
    <link>
        <sublink>search</sublink>
        <sublink>searchsd</sublink>
    </link>
    <thumbnail>https://image.tmdb.org/t/p/w1280//7ZsEaCfKkIm5DerhU3qx0TJdJMy.jpg</thumbnail>
    <fanart>https://image.tmdb.org/t/p/w1280//mfsJlzCDihws1MeoAllILAroQ46.jpg</fanart>
</item>
<item>
    <title>The Woman</title>
    <meta>
        <imdb>tt1714208</imdb>
        <content>movie</content>
        <title>The Woman</title>
        <year>2011</year>
    </meta>
    <link>
        <sublink>search</sublink>
        <sublink>searchsd</sublink>
    </link>
    <thumbnail>https://image.tmdb.org/t/p/w1280//uLH2rtHFJatxbXtUZfBhP8pJmGu.jpg</thumbnail>
    <fanart>https://image.tmdb.org/t/p/w1280//vrQUd5yjD86aGyc2AFPBKnHpJ7g.jpg</fanart>
</item>
<item>
    <title>Wrong Turn 4: Bloody Beginnings</title>
    <meta>
        <imdb>tt1865567</imdb>
        <content>movie</content>
        <title>Wrong Turn 4: Bloody Beginnings</title>
        <year>2011</year>
    </meta>
    <link>
        <sublink>search</sublink>
        <sublink>searchsd</sublink>
    </link>
    <thumbnail>https://image.tmdb.org/t/p/w1280//ogAYr3SdD5j2bFRX5briSOhe0Rw.jpg</thumbnail>
    <fanart>https://image.tmdb.org/t/p/w1280//lWU9q6992huj0TPi53kemgYGPo8.jpg</fanart>
</item>
<item>
    <title>You're Next</title>
    <meta>
        <imdb>tt1853739</imdb>
        <content>movie</content>
        <title>You're Next</title>
        <year>2011</year>
    </meta>
    <link>
        <sublink>search</sublink>
        <sublink>searchsd</sublink>
    </link>
    <thumbnail>https://image.tmdb.org/t/p/w1280//tCQowhMukynSnIPJAh4zNdyDulG.jpg</thumbnail>
    <fanart>https://image.tmdb.org/t/p/w1280//zzfGL8FggF2owX9ZQfhqvaANFlY.jpg</fanart>
</item>
