<item>
    <title>House at the End of the Street</title>
    <meta>
        <content>movie</content>
        <imdb>tt1582507</imdb>
        <title>House at the End of the Street</title>
        <year>2012</year>
    </meta>
    <link>
        <sublink>search</sublink>
        <sublink>searchsd</sublink>
    </link>
    <thumbnail>https://image.tmdb.org/t/p/w1280//g33AdUWEVjG9ib15bganWBJs4yC.jpg</thumbnail>
    <fanart>https://image.tmdb.org/t/p/w1280//xRfK7mUyMx9a0tGIc7NiHts2mgd.jpg</fanart>
</item>
<item>
    <title>Sinister</title>
    <meta>
        <content>movie</content>
        <imdb>tt1922777</imdb>
        <title>Sinister</title>
        <year>2012</year>
    </meta>
    <link>
        <sublink>search</sublink>
        <sublink>searchsd</sublink>
    </link>
    <thumbnail>https://image.tmdb.org/t/p/w1280//hrRYY7FcRc46Ue7h9jcKiW1xqJ3.jpg</thumbnail>
    <fanart>https://image.tmdb.org/t/p/w1280//f8jTjoxYCPi7SSsBc4p4pmadxoT.jpg</fanart>
</item>
<item>
    <title>The Woman in Black</title>
    <meta>
        <content>movie</content>
        <imdb>tt1596365</imdb>
        <title>The Woman in Black</title>
        <year>2012</year>
    </meta>
    <link>
        <sublink>search</sublink>
        <sublink>searchsd</sublink>
    </link>
    <thumbnail>https://image.tmdb.org/t/p/w1280//y4Z9m5jbPhFAEMWsMHo71Bh1vzi.jpg</thumbnail>
    <fanart>https://image.tmdb.org/t/p/w1280//xkXB31hBfU6A5bZlaGjNLvdfiYc.jpg</fanart>
</item>
<item>
    <title>V/H/S</title>
    <meta>
        <content>movie</content>
        <imdb>tt2105044</imdb>
        <title>V/H/S</title>
        <year>2012</year>
    </meta>
    <link>
        <sublink>search</sublink>
        <sublink>searchsd</sublink>
    </link>
    <thumbnail>https://image.tmdb.org/t/p/w1280//yo49x6Jhr1ecCjy1ByFqwAbtARJ.jpg</thumbnail>
    <fanart>https://image.tmdb.org/t/p/w1280//eiaB76naGG6w9pgV16j2bo88krO.jpg</fanart>
</item>
<item>
    <title>The Possession</title>
    <meta>
        <content>movie</content>
        <imdb>tt0431021</imdb>
        <title>The Possession</title>
        <year>2012</year>
    </meta>
    <link>
        <sublink>search</sublink>
        <sublink>searchsd</sublink>
    </link>
    <thumbnail>https://image.tmdb.org/t/p/w1280//4QjzFuaZmB4btGnLwAgdp23BzIU.jpg</thumbnail>
    <fanart>https://image.tmdb.org/t/p/w1280//h4ApNjVe5z1lZzqC7i4r1jZqgha.jpg</fanart>
</item>
<item>
    <title>Silent Hill: Revelation 3D</title>
    <meta>
        <content>movie</content>
        <imdb>tt0938330</imdb>
        <title>Silent Hill: Revelation 3D</title>
        <year>2012</year>
    </meta>
    <link>
        <sublink>search</sublink>
        <sublink>searchsd</sublink>
    </link>
    <thumbnail>https://image.tmdb.org/t/p/w1280//iYueyvEfJ4lPzjyWSI9Yy0bJGjH.jpg</thumbnail>
    <fanart>https://image.tmdb.org/t/p/w1280//kO9papQXeuekzj3Fcc3ZcIqjfm5.jpg</fanart>
</item>
<item>
    <title>The Devil Inside</title>
    <meta>
        <content>movie</content>
        <imdb>tt1560985</imdb>
        <title>The Devil Inside</title>
        <year>2012</year>
    </meta>
    <link>
        <sublink>search</sublink>
        <sublink>searchsd</sublink>
    </link>
    <thumbnail>https://image.tmdb.org/t/p/w1280//xClxu7PoHWMpCHHaqd3ZRdwOCnr.jpg</thumbnail>
    <fanart>https://image.tmdb.org/t/p/w1280//jp4uQV79C1WzAaVjW5hRTu1iSxd.jpg</fanart>
</item>
<item>
    <title>Chernobyl Diaries</title>
    <meta>
        <content>movie</content>
        <imdb>tt1991245</imdb>
        <title>Chernobyl Diaries</title>
        <year>2012</year>
    </meta>
    <link>
        <sublink>search</sublink>
        <sublink>searchsd</sublink>
    </link>
    <thumbnail>https://image.tmdb.org/t/p/w1280//sSjARwbHdUabVJs3y1TtoCfpckx.jpg</thumbnail>
    <fanart>https://image.tmdb.org/t/p/w1280//qDbkMnSB1Flp0krrglNtwSZTLEg.jpg</fanart>
</item>
<item>
    <title>Abraham Lincoln: Vampire Hunter</title>
    <meta>
        <content>movie</content>
        <imdb>tt1611224</imdb>
        <title>Abraham Lincoln: Vampire Hunter</title>
        <year>2012</year>
    </meta>
    <link>
        <sublink>search</sublink>
        <sublink>searchsd</sublink>
    </link>
    <thumbnail>https://image.tmdb.org/t/p/w1280//lHcaLiPDDrLmJAL2MTlMzgM2s2x.jpg</thumbnail>
    <fanart>https://image.tmdb.org/t/p/w1280//6dJgvOSLD6DKYqd29HsC10Cjyii.jpg</fanart>
</item>
<item>
    <title>Paranormal Activity 4</title>
    <meta>
        <content>movie</content>
        <imdb>tt2109184</imdb>
        <title>Paranormal Activity 4</title>
        <year>2012</year>
    </meta>
    <link>
        <sublink>search</sublink>
        <sublink>searchsd</sublink>
    </link>
    <thumbnail>https://image.tmdb.org/t/p/w1280//7Nr5SNxpjJrHiluYXvvcf8Esslo.jpg</thumbnail>
    <fanart>https://image.tmdb.org/t/p/w1280//9ZEEf9O2vJ6DDQ8cHDCS2YS2Wd2.jpg</fanart>
</item>
<item>
    <title>Resident Evil: Retribution</title>
    <meta>
        <content>movie</content>
        <imdb>tt1855325</imdb>
        <title>Resident Evil: Retribution</title>
        <year>2012</year>
    </meta>
    <link>
        <sublink>search</sublink>
        <sublink>searchsd</sublink>
    </link>
    <thumbnail>https://image.tmdb.org/t/p/w1280//qRhi9UDgfstP9aIJTCoO9u13Q7t.jpg</thumbnail>
    <fanart>https://image.tmdb.org/t/p/w1280//6H1ZMkxCOewI3o4017L2La6wReo.jpg</fanart>
</item>
<item>
    <title>[REC]3 Genesis</title>
    <meta>
        <content>movie</content>
        <imdb>tt1649444</imdb>
        <title>[REC]3 Genesis</title>
        <year>2012</year>
    </meta>
    <link>
        <sublink>search</sublink>
        <sublink>searchsd</sublink>
    </link>
    <thumbnail>https://image.tmdb.org/t/p/w1280//xVo5vRdq8siODzQTBCbmYaihqre.jpg</thumbnail>
    <fanart>https://image.tmdb.org/t/p/w1280//i6bYZEBo20PNVrugPkAlNnvxlb6.jpg</fanart>
</item>
<item>
    <title>Prometheus</title>
    <meta>
        <content>movie</content>
        <imdb>tt1446714</imdb>
        <title>Prometheus</title>
        <year>2012</year>
    </meta>
    <link>
        <sublink>search</sublink>
        <sublink>searchsd</sublink>
    </link>
    <thumbnail>https://image.tmdb.org/t/p/w1280//ng8ALjSDhUmwLl7vtjUWIZNQSlt.jpg</thumbnail>
    <fanart>https://image.tmdb.org/t/p/w1280//rRhoMIqgdX9wEtRUOLsqXKkH9I0.jpg</fanart>
</item>
<item>
    <title>The Lords of Salem</title>
    <meta>
        <content>movie</content>
        <imdb>tt1731697</imdb>
        <title>The Lords of Salem</title>
        <year>2012</year>
    </meta>
    <link>
        <sublink>search</sublink>
        <sublink>searchsd</sublink>
    </link>
    <thumbnail>https://image.tmdb.org/t/p/w1280//1McyfXZO1F0zfrpbqqz3DvvlZ73.jpg</thumbnail>
    <fanart>https://image.tmdb.org/t/p/w1280//kCPm2YcsQWIlv6iGm0063FGk27n.jpg</fanart>
</item>
<item>
    <title>Excision</title>
    <meta>
        <content>movie</content>
        <imdb>tt1984153</imdb>
        <title>Excision</title>
        <year>2012</year>
    </meta>
    <link>
        <sublink>search</sublink>
        <sublink>searchsd</sublink>
    </link>
    <thumbnail>https://image.tmdb.org/t/p/w1280//q35er2FCLnlcbVPepD8Oj8YER6O.jpg</thumbnail>
    <fanart>https://image.tmdb.org/t/p/w1280//kSGTfnJYuAWTEVHtgSJsMRvJO3K.jpg</fanart>
</item>
<item>
    <title>The ABCs of Death</title>
    <meta>
        <content>movie</content>
        <imdb>tt1935896</imdb>
        <title>The ABCs of Death</title>
        <year>2013</year>
    </meta>
    <link>
        <sublink>search</sublink>
        <sublink>searchsd</sublink>
    </link>
    <thumbnail>https://image.tmdb.org/t/p/w1280//9rAaRHk7GkYCxjOlBnJLC0kXrSy.jpg</thumbnail>
    <fanart>https://image.tmdb.org/t/p/w1280//ni9zaNf9pjpodVFkZio26wfM5wN.jpg</fanart>
</item>
<item>
    <title>The Bay</title>
    <meta>
        <content>movie</content>
        <imdb>tt1713476</imdb>
        <title>The Bay</title>
        <year>2012</year>
    </meta>
    <link>
        <sublink>search</sublink>
        <sublink>searchsd</sublink>
    </link>
    <thumbnail>https://image.tmdb.org/t/p/w1280//rbQuZIgV7BrclmVkTTRKp5rzdI1.jpg</thumbnail>
    <fanart>https://image.tmdb.org/t/p/w1280//uPRHgxygdwyIdso3cHDARV4trov.jpg</fanart>
</item>
<item>
    <title>The Pact</title>
    <meta>
        <content>movie</content>
        <imdb>tt2040560</imdb>
        <title>The Pact</title>
        <year>2012</year>
    </meta>
    <link>
        <sublink>search</sublink>
        <sublink>searchsd</sublink>
    </link>
    <thumbnail>https://image.tmdb.org/t/p/w1280//cXEpkawNx6yduTuR5qzt5uTfpP.jpg</thumbnail>
    <fanart>https://image.tmdb.org/t/p/w1280//uz8KRkFIDsHejtVqOw4mENAzV7A.jpg</fanart>
</item>
<item>
    <title>The Tall Man</title>
    <meta>
        <content>movie</content>
        <imdb>tt1658837</imdb>
        <title>The Tall Man</title>
        <year>2012</year>
    </meta>
    <link>
        <sublink>search</sublink>
        <sublink>searchsd</sublink>
    </link>
    <thumbnail>https://image.tmdb.org/t/p/w1280//1fc87E3ppCq6xBnZJ63Sa9FKRUd.jpg</thumbnail>
    <fanart>https://image.tmdb.org/t/p/w1280//6a5keKsnRickHy6TImQ9b3RsTQQ.jpg</fanart>
</item>
<item>
    <title>Grave Encounters 2</title>
    <meta>
        <content>movie</content>
        <imdb>tt2231554</imdb>
        <title>Grave Encounters 2</title>
        <year>2012</year>
    </meta>
    <link>
        <sublink>search</sublink>
        <sublink>searchsd</sublink>
    </link>
    <thumbnail>https://image.tmdb.org/t/p/w1280//kzx8h6mDnFULOKHWbG9w5x58YU7.jpg</thumbnail>
    <fanart>https://image.tmdb.org/t/p/w1280//5FGUlHeKhHvYhhvk1y5cyy1rNN9.jpg</fanart>
</item>
<item>
    <title>Piranha 3DD</title>
    <meta>
        <content>movie</content>
        <imdb>tt1714203</imdb>
        <title>Piranha 3DD</title>
        <year>2012</year>
    </meta>
    <link>
        <sublink>search</sublink>
        <sublink>searchsd</sublink>
    </link>
    <thumbnail>https://image.tmdb.org/t/p/w1280//xua3x47piJTIRCVtVGjzXPDrbsN.jpg</thumbnail>
    <fanart>https://image.tmdb.org/t/p/w1280//yVfZlZyOtE8QoBSL6gojfopMxr8.jpg</fanart>
</item>
<item>
    <title>John Dies at the End</title>
    <meta>
        <content>movie</content>
        <imdb>tt1783732</imdb>
        <title>John Dies at the End</title>
        <year>2012</year>
    </meta>
    <link>
        <sublink>search</sublink>
        <sublink>searchsd</sublink>
    </link>
    <thumbnail>https://image.tmdb.org/t/p/w1280//gmSAPITSI46LWAJ7GeR9hx3lwYl.jpg</thumbnail>
    <fanart>https://image.tmdb.org/t/p/w1280//7njpOiTRTilJRU8GQjXrfk2aSUp.jpg</fanart>
</item>
<item>
    <title>Maniac</title>
    <meta>
        <content>movie</content>
        <imdb>tt2103217</imdb>
        <title>Maniac</title>
        <year>2012</year>
    </meta>
    <link>
        <sublink>search</sublink>
        <sublink>searchsd</sublink>
    </link>
    <thumbnail>https://image.tmdb.org/t/p/w1280//ag1IgAqYartblOy0IiDIMNoJUVI.jpg</thumbnail>
    <fanart>https://image.tmdb.org/t/p/w1280//odQo2A4azexczCcrmtGuWOkRPgA.jpg</fanart>
</item>
<item>
    <title>Silent Night</title>
    <meta>
        <content>movie</content>
        <imdb>tt2347497</imdb>
        <title>Silent Night</title>
        <year>2012</year>
    </meta>
    <link>
        <sublink>search</sublink>
        <sublink>searchsd</sublink>
    </link>
    <thumbnail>https://image.tmdb.org/t/p/w1280//f5UMEIJEIbWz9wnBSxACxu5crz.jpg</thumbnail>
    <fanart>https://image.tmdb.org/t/p/w1280//fLP19oyg6LKsmp4gLdDGle8gDBC.jpg</fanart>
</item>
<item>
    <title>American Mary</title>
    <meta>
        <content>movie</content>
        <imdb>tt1959332</imdb>
        <title>American Mary</title>
        <year>2012</year>
    </meta>
    <link>
        <sublink>search</sublink>
        <sublink>searchsd</sublink>
    </link>
    <thumbnail>https://image.tmdb.org/t/p/w1280//vLy2Ldg3vGlpXwF8ZeUL40iDtLK.jpg</thumbnail>
    <fanart>https://image.tmdb.org/t/p/w1280//8JredzZYoEoyXtRbx65rbUFEPUz.jpg</fanart>
</item>
<item>
    <title>The Apparition</title>
    <meta>
        <content>movie</content>
        <imdb>tt1433822</imdb>
        <title>The Apparition</title>
        <year>2012</year>
    </meta>
    <link>
        <sublink>search</sublink>
        <sublink>searchsd</sublink>
    </link>
    <thumbnail>https://image.tmdb.org/t/p/w1280//qEHx7H3Gvt1zYM1AyitTA8c2XOH.jpg</thumbnail>
    <fanart>https://image.tmdb.org/t/p/w1280//u0ftVPnkRCsg2xZ1EkYzX2fZf7K.jpg</fanart>
</item>
<item>
    <title>Chained</title>
    <meta>
        <content>movie</content>
        <imdb>tt1989475</imdb>
        <title>Chained</title>
        <year>2012</year>
    </meta>
    <link>
        <sublink>search</sublink>
        <sublink>searchsd</sublink>
    </link>
    <thumbnail>https://image.tmdb.org/t/p/w1280//A8KPBlng5BJZb6O0z5fHefYFZbq.jpg</thumbnail>
    <fanart>https://image.tmdb.org/t/p/w1280//1MCCMyhmbOOZho2jgUQckQMh824.jpg</fanart>
</item>
<item>
    <title>The Seasoning House</title>
    <meta>
        <content>movie</content>
        <imdb>tt1555093</imdb>
        <title>The Seasoning House</title>
        <year>2012</year>
    </meta>
    <link>
        <sublink>search</sublink>
        <sublink>searchsd</sublink>
    </link>
    <thumbnail>https://image.tmdb.org/t/p/w1280//kqh4MxJ1uHKFbw7SQERSCDyE69K.jpg</thumbnail>
    <fanart>https://image.tmdb.org/t/p/w1280//yTxqr5u6fOrk38z4dj0srLNDXcj.jpg</fanart>
</item>
<item>
    <title>No One Lives</title>
    <meta>
        <content>movie</content>
        <imdb>tt1763264</imdb>
        <title>No One Lives</title>
        <year>2013</year>
    </meta>
    <link>
        <sublink>search</sublink>
        <sublink>searchsd</sublink>
    </link>
    <thumbnail>https://image.tmdb.org/t/p/w1280//fQarG0ddQM5XddKz0BXd7qTGK9j.jpg</thumbnail>
    <fanart>https://image.tmdb.org/t/p/w1280//3Gq51vyGQM3xhLb0AUweaEPOk9J.jpg</fanart>
</item>
<item>
    <title>Smiley</title>
    <meta>
        <content>movie</content>
        <imdb>tt2025667</imdb>
        <title>Smiley</title>
        <year>2012</year>
    </meta>
    <link>
        <sublink>search</sublink>
        <sublink>searchsd</sublink>
    </link>
    <thumbnail>https://image.tmdb.org/t/p/w1280//3KXmNphZZQhHTnF1YUDBSNOEjFB.jpg</thumbnail>
    <fanart>https://image.tmdb.org/t/p/w1280//aTz1i48Ig8ENLncoHI4DWD2X4Wu.jpg</fanart>
</item>
<item>
    <title>Would You Rather</title>
    <meta>
        <content>movie</content>
        <imdb>tt1999995</imdb>
        <title>Would You Rather</title>
        <year>2012</year>
    </meta>
    <link>
        <sublink>search</sublink>
        <sublink>searchsd</sublink>
    </link>
    <thumbnail>https://image.tmdb.org/t/p/w1280//yOAU7HHVw4RrDGK97i6ll46JVfj.jpg</thumbnail>
    <fanart>https://image.tmdb.org/t/p/w1280//6x2WjNkHTOPuRs7bKbtYjk8qsG8.jpg</fanart>
</item>
<item>
    <title>The Collection</title>
    <meta>
        <content>movie</content>
        <imdb>tt1748227</imdb>
        <title>The Collection</title>
        <year>2012</year>
    </meta>
    <link>
        <sublink>search</sublink>
        <sublink>searchsd</sublink>
    </link>
    <thumbnail>https://image.tmdb.org/t/p/w1280//9d534e6SzjliZDaiR4AwgvKknMf.jpg</thumbnail>
    <fanart>https://image.tmdb.org/t/p/w1280//pToJnYKV3llPG6U9AWcgHZaEjDo.jpg</fanart>
</item>
<item>
    <title>Red Lights</title>
    <meta>
        <content>movie</content>
        <imdb>tt1748179</imdb>
        <title>Red Lights</title>
        <year>2012</year>
    </meta>
    <link>
        <sublink>search</sublink>
        <sublink>searchsd</sublink>
    </link>
    <thumbnail>https://image.tmdb.org/t/p/w1280//iiNGtxUhO2oDeCci7E6OF7OEASk.jpg</thumbnail>
    <fanart>https://image.tmdb.org/t/p/w1280//yG0cB6TCVC7eWNnXp7IIYOjHzY.jpg</fanart>
</item>
<item>
    <title>Grabbers</title>
    <meta>
        <content>movie</content>
        <imdb>tt1525366</imdb>
        <title>Grabbers</title>
        <year>2012</year>
    </meta>
    <link>
        <sublink>search</sublink>
        <sublink>searchsd</sublink>
    </link>
    <thumbnail>https://image.tmdb.org/t/p/w1280//eZ9hd0p2QXRSv1xoKaFDERLyadJ.jpg</thumbnail>
    <fanart>https://image.tmdb.org/t/p/w1280//j1PN1v9eP1y1mwkVLA0dcIwhM6g.jpg</fanart>
</item>
<item>
    <title>Apartment 1303 3D</title>
    <meta>
        <content>movie</content>
        <imdb>tt1540767</imdb>
        <title>Apartment 1303 3D</title>
        <year>2012</year>
    </meta>
    <link>
        <sublink>search</sublink>
        <sublink>searchsd</sublink>
    </link>
    <thumbnail>https://image.tmdb.org/t/p/w1280//5U2XEdcyELojXDEu17m4M9KwBoA.jpg</thumbnail>
    <fanart>https://image.tmdb.org/t/p/w1280//gidBcPPvYHznxoitzX8f9HEBHRK.jpg</fanart>
</item>
<item>
    <title>Antiviral</title>
    <meta>
        <content>movie</content>
        <imdb>tt2099556</imdb>
        <title>Antiviral</title>
        <year>2012</year>
    </meta>
    <link>
        <sublink>search</sublink>
        <sublink>searchsd</sublink>
    </link>
    <thumbnail>https://image.tmdb.org/t/p/w1280//6HPqLO3A743rPGmbQkNjRgUX7uN.jpg</thumbnail>
    <fanart>https://image.tmdb.org/t/p/w1280//3TlLl3jCJ9iG8yLpkj86GpqG3FU.jpg</fanart>
</item>
<item>
    <title>The Barrens</title>
    <meta>
        <content>movie</content>
        <imdb>tt2050633</imdb>
        <title>The Barrens</title>
        <year>2012</year>
    </meta>
    <link>
        <sublink>search</sublink>
        <sublink>searchsd</sublink>
    </link>
    <thumbnail>https://image.tmdb.org/t/p/w1280//aUN3od4cpNfPutGGLgAGWMgNFFA.jpg</thumbnail>
    <fanart>https://image.tmdb.org/t/p/w1280//x5oTBA6zRN1NNxPUfTaPDqAMsXZ.jpg</fanart>
</item>
<item>
    <title>Sightseers</title>
    <meta>
        <content>movie</content>
        <imdb>tt2023690</imdb>
        <title>Sightseers</title>
        <year>2012</year>
    </meta>
    <link>
        <sublink>search</sublink>
        <sublink>searchsd</sublink>
    </link>
    <thumbnail>https://image.tmdb.org/t/p/w1280//zyXbeDmxPMbEhoOtzyIBPmGMe8x.jpg</thumbnail>
    <fanart>https://image.tmdb.org/t/p/w1280//6koMB7FpqCRNv7b7Xo54RQCE9F8.jpg</fanart>
</item>
<item>
    <title>Cockneys vs Zombies</title>
    <meta>
        <content>movie</content>
        <imdb>tt1362058</imdb>
        <title>Cockneys vs Zombies</title>
        <year>2012</year>
    </meta>
    <link>
        <sublink>search</sublink>
        <sublink>searchsd</sublink>
    </link>
    <thumbnail>https://image.tmdb.org/t/p/w1280//gBy11fass089dzCC8jddlt3sJdc.jpg</thumbnail>
    <fanart>https://image.tmdb.org/t/p/w1280//6Unm63NmYdf9zdDGRw0sMdVZ568.jpg</fanart>
</item>
<item>
    <title>Byzantium</title>
    <meta>
        <content>movie</content>
        <imdb>tt1531901</imdb>
        <title>Byzantium</title>
        <year>2012</year>
    </meta>
    <link>
        <sublink>search</sublink>
        <sublink>searchsd</sublink>
    </link>
    <thumbnail>https://image.tmdb.org/t/p/w1280//pSnlpdh27luQ6GcchSkPomZ5fyr.jpg</thumbnail>
    <fanart>https://image.tmdb.org/t/p/w1280//7ujUCqM0aFZfKqpZN4O5Zh2Q4ei.jpg</fanart>
</item>
<item>
    <title>Dracula 3D</title>
    <meta>
        <content>movie</content>
        <imdb>tt1852770</imdb>
        <title>Dracula 3D</title>
        <year>2012</year>
    </meta>
    <link>
        <sublink>search</sublink>
        <sublink>searchsd</sublink>
    </link>
    <thumbnail>https://image.tmdb.org/t/p/w1280//gBTESdCrJnGHEqn8zgbWCYPggzz.jpg</thumbnail>
    <fanart>https://image.tmdb.org/t/p/w1280//hpqTUjNbwEFESY6JZZ2igavV2Ni.jpg</fanart>
</item>
<item>
    <title>Stitches</title>
    <meta>
        <content>movie</content>
        <imdb>tt2126362</imdb>
        <title>Stitches</title>
        <year>2012</year>
    </meta>
    <link>
        <sublink>search</sublink>
        <sublink>searchsd</sublink>
    </link>
    <thumbnail>https://image.tmdb.org/t/p/w1280//jKqDN8NfvkMEiMN7deaaB2K05EY.jpg</thumbnail>
    <fanart>https://image.tmdb.org/t/p/w1280//9jAQTw2uLxx5L5oFTiV6TrYQzzi.jpg</fanart>
</item>
<item>
    <title>100 Bloody Acres</title>
    <meta>
        <content>movie</content>
        <imdb>tt2290065</imdb>
        <title>100 Bloody Acres</title>
        <year>2012</year>
    </meta>
    <link>
        <sublink>search</sublink>
        <sublink>searchsd</sublink>
    </link>
    <thumbnail>https://image.tmdb.org/t/p/w1280//6icp1nvpudMbtRyJap76cy0UDCa.jpg</thumbnail>
    <fanart>https://image.tmdb.org/t/p/w1280//p0wBpjG3VlH0KSYhCvE1SXirvlO.jpg</fanart>
</item>
<item>
    <title>Berberian Sound Studio</title>
    <meta>
        <content>movie</content>
        <imdb>tt1833844</imdb>
        <title>Berberian Sound Studio</title>
        <year>2012</year>
    </meta>
    <link>
        <sublink>search</sublink>
        <sublink>searchsd</sublink>
    </link>
    <thumbnail>https://image.tmdb.org/t/p/w1280//qCYsa3dCztQYM6tIXMB8ySgLj1B.jpg</thumbnail>
    <fanart>https://image.tmdb.org/t/p/w1280//pFsTuSY34i1QVzr9cPVuTZX5opd.jpg</fanart>
</item>
<item>
    <title>When the Lights Went Out</title>
    <meta>
        <content>movie</content>
        <imdb>tt1743993</imdb>
        <title>When the Lights Went Out</title>
        <year>2012</year>
    </meta>
    <link>
        <sublink>search</sublink>
        <sublink>searchsd</sublink>
    </link>
    <thumbnail>https://image.tmdb.org/t/p/w1280//snDr746dBoqy6EsI5s1AxL5tyna.jpg</thumbnail>
    <fanart>https://image.tmdb.org/t/p/w1280//1jlgsTRedIVKvKM8evme3mrL8jb.jpg</fanart>
</item>
<item>
    <title>Ghost</title>
    <meta>
        <content>movie</content>
        <imdb>tt2175671</imdb>
        <title>Ghost</title>
        <year>2012</year>
    </meta>
    <link>
        <sublink>search</sublink>
        <sublink>searchsd</sublink>
    </link>
    <thumbnail>https://image.tmdb.org/t/p/w1280//dRsRjlea0wrKcBdMoNmcR3WLkiu.jpg</thumbnail>
    <fanart>https://image.tmdb.org/t/p/w1280//uf4fvezdcDDwuG6IEdHlqdn1LET.jpg</fanart>
</item>
<item>
    <title>Citadel</title>
    <meta>
        <content>movie</content>
        <imdb>tt1641975</imdb>
        <title>Citadel</title>
        <year>2012</year>
    </meta>
    <link>
        <sublink>search</sublink>
        <sublink>searchsd</sublink>
    </link>
    <thumbnail>https://image.tmdb.org/t/p/w1280//275Ri3oRoi0HRX8OFKF4QewQu4g.jpg</thumbnail>
    <fanart>https://image.tmdb.org/t/p/w1280//ydOnw3JaT4G7nlOZmWJk6qCTUUN.jpg</fanart>
</item>
<item>
    <title>The Cabin in the Woods</title>
    <meta>
        <content>movie</content>
        <imdb>tt1259521</imdb>
        <title>The Cabin in the Woods</title>
        <year>2012</year>
    </meta>
    <link>
        <sublink>search</sublink>
        <sublink>searchsd</sublink>
    </link>
    <thumbnail>https://image.tmdb.org/t/p/w1280//utfJuX6DfR28Mv2FMfnPFAYOmTU.jpg</thumbnail>
    <fanart>https://image.tmdb.org/t/p/w1280//214TKe8WBBbFXVrBRV9RECeE4oW.jpg</fanart>
</item>