<item>
    <title>A Haunted House</title>
    <meta>
        <imdb>tt2243537</imdb>
        <content>movie</content>
        <title>A Haunted House</title>
        <year>2013</year>
    </meta>
    <link>
        <sublink>search</sublink>
        <sublink>searchsd</sublink>
    </link>
    <thumbnail>https://image.tmdb.org/t/p/w1280//e2PehlDPj2WEeEuMVJZTOyTnZZZ.jpg</thumbnail>
    <fanart>https://image.tmdb.org/t/p/w1280//AbgdeWvmTv3UI2zknDWzKiuFwrU.jpg</fanart>
</item>
<item>
    <title>All Cheerleaders Die</title>
    <meta>
        <imdb>tt2527186</imdb>
        <content>movie</content>
        <title>All Cheerleaders Die</title>
        <year>2013</year>
    </meta>
    <link>
        <sublink>search</sublink>
        <sublink>searchsd</sublink>
    </link>
    <thumbnail>https://image.tmdb.org/t/p/w1280//hH4wcEvT5YUJdGc6ripkIVRQImW.jpg</thumbnail>
    <fanart>https://image.tmdb.org/t/p/w1280//oGz4ayP9MOESYB4Xy8k3SAQyaqX.jpg</fanart>
</item>
<dir>
    <title>Almost Human</title>
    <meta>
        <imdb>tt2654580</imdb>
        <content>tvshow</content>
        <tvshowtitle>Almost Human</tvshowtitle>
        <year>2013</year>
    </meta>
    <link>tmdb_tv_show(51019, 2013, Almost Human)</link>
    <thumbnail>https://image.tmdb.org/t/p/w1280//a4E70yZs4m056i32Y4ZamtCd5iM.jpg</thumbnail>
    <fanart>https://image.tmdb.org/t/p/w1280//l4ZYWRwSwJsTWQhNshYFpszqVs2.jpg</fanart>
</dir>
<item>
    <title>The Amityville Asylum</title>
    <meta>
        <imdb>tt2216212</imdb>
        <content>movie</content>
        <title>The Amityville Asylum</title>
        <year>2013</year>
    </meta>
    <link>
        <sublink>search</sublink>
        <sublink>searchsd</sublink>
    </link>
    <thumbnail>https://image.tmdb.org/t/p/w1280//wXYJG2vVVC8zxI0ZuTgFujBuFLF.jpg</thumbnail>
    <fanart>https://image.tmdb.org/t/p/w1280//zS2r1rMP7zyvnviQHprcEj3N3m1.jpg</fanart>
</item>
<item>
    <title>Bad Milo</title>
    <meta>
        <imdb>tt2274570</imdb>
        <content>movie</content>
        <title>Bad Milo</title>
        <year>2013</year>
    </meta>
    <link>
        <sublink>search</sublink>
        <sublink>searchsd</sublink>
    </link>
    <thumbnail>https://image.tmdb.org/t/p/w1280//1dmHunFILNXKzjOkl1A7IIsTI58.jpg</thumbnail>
    <fanart>https://image.tmdb.org/t/p/w1280//p1Q9Jgj5SLGjy2EwqNH1ZbnJJo4.jpg</fanart>
</item>
<item>
    <title>The Borderlands</title>
    <meta>
        <imdb>tt2781832</imdb>
        <content>movie</content>
        <title>The Borderlands</title>
        <year>2013</year>
    </meta>
    <link>
        <sublink>search</sublink>
        <sublink>searchsd</sublink>
    </link>
    <thumbnail>https://image.tmdb.org/t/p/w1280//5Ko3AKXDTL9CV5epydSWZNUnvOA.jpg</thumbnail>
    <fanart>https://image.tmdb.org/t/p/w1280//4HS7cfjhxKhxYhP3klnrAgnjZnO.jpg</fanart>
</item>
<item>
    <title>Carrie</title>
    <meta>
        <imdb>tt1939659</imdb>
        <content>movie</content>
        <title>Carrie</title>
        <year>2013</year>
    </meta>
    <link>
        <sublink>search</sublink>
        <sublink>searchsd</sublink>
    </link>
    <thumbnail>https://image.tmdb.org/t/p/w1280//j0999NYddCGcishJlxluDRQIn6k.jpg</thumbnail>
    <fanart>https://image.tmdb.org/t/p/w1280//7gTvjByEOx959HtetwcczO2eOJi.jpg</fanart>
</item>
<item>
    <title>Cheap Thrills</title>
    <meta>
        <imdb>tt2389182</imdb>
        <content>movie</content>
        <title>Cheap Thrills</title>
        <year>2013</year>
    </meta>
    <link>
        <sublink>search</sublink>
        <sublink>searchsd</sublink>
    </link>
    <thumbnail>https://image.tmdb.org/t/p/w1280//183jUshuMLtEBo6bf9q2VBISjQy.jpg</thumbnail>
    <fanart>https://image.tmdb.org/t/p/w1280//3quTTfM8DW5uErJmoq70beJH6k5.jpg</fanart>
</item>
<item>
    <title>The Conjuring</title>
    <meta>
        <imdb>tt1457767</imdb>
        <content>movie</content>
        <title>The Conjuring</title>
        <year>2013</year>
    </meta>
    <link>
        <sublink>search</sublink>
        <sublink>searchsd</sublink>
    </link>
    <thumbnail>https://image.tmdb.org/t/p/w1280//xYGkdhOEVoFrLNUotuTXemtQAWd.jpg</thumbnail>
    <fanart>https://image.tmdb.org/t/p/w1280//ksV4twEYj9HUjq2MP6q2dM0rxWX.jpg</fanart>
</item>
<item>
    <title>Contracted</title>
    <meta>
        <imdb>tt2281159</imdb>
        <content>movie</content>
        <title>Contracted</title>
        <year>2013</year>
    </meta>
    <link>
        <sublink>search</sublink>
        <sublink>searchsd</sublink>
    </link>
    <thumbnail>https://image.tmdb.org/t/p/w1280//dNzgdkb9TA4k5me9ZIMXSb2piMj.jpg</thumbnail>
    <fanart>https://image.tmdb.org/t/p/w1280//jQdCuASg7nKHluSRcj8hsYTDRbT.jpg</fanart>
</item>
<item>
    <title>Curse of Chucky</title>
    <meta>
        <imdb>tt2230358</imdb>
        <content>movie</content>
        <title>Curse of Chucky</title>
        <year>2013</year>
    </meta>
    <link>
        <sublink>search</sublink>
        <sublink>searchsd</sublink>
    </link>
    <thumbnail>https://image.tmdb.org/t/p/w1280//qoFfZa6b9xsr1dJwdb6SCiw2KHs.jpg</thumbnail>
    <fanart>https://image.tmdb.org/t/p/w1280//kk6xncJIEa09lOncWVbBFKS9uq0.jpg</fanart>
</item>
<item>
    <title>Dark Circles</title>
    <meta>
        <imdb>tt1863201</imdb>
        <content>movie</content>
        <title>Dark Circles</title>
        <year>2013</year>
    </meta>
    <link>
        <sublink>search</sublink>
        <sublink>searchsd</sublink>
    </link>
    <thumbnail>https://image.tmdb.org/t/p/w1280//i0NjcIMTUZAobBjCbumqGmzUh8N.jpg</thumbnail>
    <fanart>https://image.tmdb.org/t/p/w1280//8gQx0zQl736oCg1cvXPR5Q58LrQ.jpg</fanart>
</item>
<item>
    <title>Dark Skies</title>
    <meta>
        <imdb>tt2387433</imdb>
        <content>movie</content>
        <title>Dark Skies</title>
        <year>2013</year>
    </meta>
    <link>
        <sublink>search</sublink>
        <sublink>searchsd</sublink>
    </link>
    <thumbnail>https://image.tmdb.org/t/p/w1280//kaqkurs0iDCJGmJBBa6DRGacfA8.jpg</thumbnail>
    <fanart>https://image.tmdb.org/t/p/w1280//cuTt0S1Pl04HYrIYFIfF8JK8Ce1.jpg</fanart>
</item>
<item>
    <title>Dark Touch</title>
    <meta>
        <imdb>tt2328549</imdb>
        <content>movie</content>
        <title>Dark Touch</title>
        <year>2013</year>
    </meta>
    <link>
        <sublink>search</sublink>
        <sublink>searchsd</sublink>
    </link>
    <thumbnail>https://image.tmdb.org/t/p/w1280//qxN3v8XxRzzkhKvAKN6eRFxIVnr.jpg</thumbnail>
    <fanart>https://image.tmdb.org/t/p/w1280//9Lm2WQcozv1VHr6HPsD6pJPDJA4.jpg</fanart>
</item>
<item>
    <title>The Den</title>
    <meta>
        <imdb>tt2503154</imdb>
        <content>movie</content>
        <title>The Den</title>
        <year>2013</year>
    </meta>
    <link>
        <sublink>search</sublink>
        <sublink>searchsd</sublink>
    </link>
    <thumbnail>https://image.tmdb.org/t/p/w1280//mTf6MDQugVHE9BytUtbyG7jQL0V.jpg</thumbnail>
    <fanart>https://image.tmdb.org/t/p/w1280//7mVX06snb7FBuesr5LF9g4qXLVr.jpg</fanart>
</item>
<item>
    <title>The Dyatlov Pass Incident</title>
    <meta>
        <imdb>tt1905040</imdb>
        <content>movie</content>
        <title>The Dyatlov Pass Incident</title>
        <year>2013</year>
    </meta>
    <link>
        <sublink>search</sublink>
        <sublink>searchsd</sublink>
    </link>
    <thumbnail>https://image.tmdb.org/t/p/w1280//3JQbPneTS10fxhgiRXfe4FXtT8S.jpg</thumbnail>
    <fanart>https://image.tmdb.org/t/p/w1280//xRxI1oeXtG2Kxh5YQ2PjjQVizfY.jpg</fanart>
</item>
<item>
    <title>Escape from Tomorrow</title>
    <meta>
        <imdb>tt2187884</imdb>
        <content>movie</content>
        <title>Escape from Tomorrow</title>
        <year>2013</year>
    </meta>
    <link>
        <sublink>search</sublink>
        <sublink>searchsd</sublink>
    </link>
    <thumbnail>https://image.tmdb.org/t/p/w1280//lmAyBNWIMqj3hMPdnf6tObvuaua.jpg</thumbnail>
    <fanart>https://image.tmdb.org/t/p/w1280//fG4YQr408RIpPD1Xibb55TA8fyD.jpg</fanart>
</item>
<item>
    <title>Europa Report</title>
    <meta>
        <imdb>tt2051879</imdb>
        <content>movie</content>
        <title>Europa Report</title>
        <year>2013</year>
    </meta>
    <link>
        <sublink>search</sublink>
        <sublink>searchsd</sublink>
    </link>
    <thumbnail>https://image.tmdb.org/t/p/w1280//73lAZvmcuZjevJfHxcm5uGyqSMj.jpg</thumbnail>
    <fanart>https://image.tmdb.org/t/p/w1280//w7duQ0vVhhKmhq8VpJgVjbr3NeR.jpg</fanart>
</item>
<item>
    <title>Evil Dead</title>
    <meta>
        <imdb>tt1288558</imdb>
        <content>movie</content>
        <title>Evil Dead</title>
        <year>2013</year>
    </meta>
    <link>
        <sublink>search</sublink>
        <sublink>searchsd</sublink>
    </link>
    <thumbnail>https://image.tmdb.org/t/p/w1280//z56CMoFXOhq4zieKMsokLaiB4qE.jpg</thumbnail>
    <fanart>https://image.tmdb.org/t/p/w1280//6sIvoRBrX6YqCFquQ6sKMUQN9qX.jpg</fanart>
</item>
<item>
    <title>Frankenstein's Army</title>
    <meta>
        <imdb>tt1925435</imdb>
        <content>movie</content>
        <title>Frankenstein's Army</title>
        <year>2013</year>
    </meta>
    <link>
        <sublink>search</sublink>
        <sublink>searchsd</sublink>
    </link>
    <thumbnail>https://image.tmdb.org/t/p/w1280//AvTrBNQMwpl10I9eIbZ3GomuUC8.jpg</thumbnail>
    <fanart>https://image.tmdb.org/t/p/w1280//2fwcrUNwBryBLRXL75S4jxW1ByM.jpg</fanart>
</item>
<item>
    <title>Garden of Hedon</title>
    <meta>
        <imdb>tt1737794</imdb>
        <content>movie</content>
        <title>Garden of Hedon</title>
        <year>2013</year>
    </meta>
    <link>
        <sublink>search</sublink>
        <sublink>searchsd</sublink>
    </link>
    <thumbnail>https://image.tmdb.org/t/p/w1280//i2t5ZqQ6uhpkbrkEbbcATjpdmeF.jpg</thumbnail>
    <fanart/>
</item>
<item>
    <title>Hansel & Gretel: Witch Hunters</title>
    <meta>
        <imdb>tt1428538</imdb>
        <content>movie</content>
        <title>Hansel & Gretel: Witch Hunters</title>
        <year>2013</year>
    </meta>
    <link>
        <sublink>search</sublink>
        <sublink>searchsd</sublink>
    </link>
    <thumbnail>https://image.tmdb.org/t/p/w1280//3bQHHXuzZDu2Ju3VFjIM72E9TSw.jpg</thumbnail>
    <fanart>https://image.tmdb.org/t/p/w1280//plssy6J0zmEmodjiyHVtceZB0yQ.jpg</fanart>
</item>
<item>
    <title>The Harvest</title>
    <meta>
        <imdb>tt2543336</imdb>
        <content>movie</content>
        <title>The Harvest</title>
        <year>2013</year>
    </meta>
    <link>
        <sublink>search</sublink>
        <sublink>searchsd</sublink>
    </link>
    <thumbnail>https://image.tmdb.org/t/p/w1280//jzQuSdbgHQit7Js6j7WQWgGFxkB.jpg</thumbnail>
    <fanart>https://image.tmdb.org/t/p/w1280//VlNJZXBn3SDyTSH4JVJ7eC0lR3.jpg</fanart>
</item>
<item>
    <title>Hatchet III</title>
    <meta>
        <imdb>tt1870419</imdb>
        <content>movie</content>
        <title>Hatchet III</title>
        <year>2013</year>
    </meta>
    <link>
        <sublink>search</sublink>
        <sublink>searchsd</sublink>
    </link>
    <thumbnail>https://image.tmdb.org/t/p/w1280//6k4lQlDMMoxcnEjnWlivNnZj6xx.jpg</thumbnail>
    <fanart>https://image.tmdb.org/t/p/w1280//jMBXArRB02mFB5H4qZIZwojeG1S.jpg</fanart>
</item>
<item>
    <title>Haunter</title>
    <meta>
        <imdb>tt2345567</imdb>
        <content>movie</content>
        <title>Haunter</title>
        <year>2013</year>
    </meta>
    <link>
        <sublink>search</sublink>
        <sublink>searchsd</sublink>
    </link>
    <thumbnail>https://image.tmdb.org/t/p/w1280//vq9kFAIPxhfpnIqlE7Gp5H7UwIg.jpg</thumbnail>
    <fanart>https://image.tmdb.org/t/p/w1280//p5rhvTBf0X6sNyyUQYakXnDshyk.jpg</fanart>
</item>
<item>
    <title>The Haunting in Connecticut 2: Ghosts of Georgia</title>
    <meta>
        <imdb>tt1457765</imdb>
        <content>movie</content>
        <title>The Haunting in Connecticut 2: Ghosts of Georgia</title>
        <year>2013</year>
    </meta>
    <link>
        <sublink>search</sublink>
        <sublink>searchsd</sublink>
    </link>
    <thumbnail>https://image.tmdb.org/t/p/w1280//fmMxrwMW6MVxPHLgjY7NTP5olIY.jpg</thumbnail>
    <fanart>https://image.tmdb.org/t/p/w1280//xFfOfiA8g6Xe9bpiYrPbftPmRQi.jpg</fanart>
</item>
<item>
    <title>Horns</title>
    <meta>
        <imdb>tt1528071</imdb>
        <content>movie</content>
        <title>Horns</title>
        <year>2013</year>
    </meta>
    <link>
        <sublink>search</sublink>
        <sublink>searchsd</sublink>
    </link>
    <thumbnail>https://image.tmdb.org/t/p/w1280//632JG1wY6pGVxZxF5NaO5piNeFe.jpg</thumbnail>
    <fanart>https://image.tmdb.org/t/p/w1280//qTfzRTz1Rw3RXlY9isnqHPaWc04.jpg</fanart>
</item>
<item>
    <title>I Spit on Your Grave 2</title>
    <meta>
        <imdb>tt2537176</imdb>
        <content>movie</content>
        <title>I Spit on Your Grave 2</title>
        <year>2013</year>
    </meta>
    <link>
        <sublink>search</sublink>
        <sublink>searchsd</sublink>
    </link>
    <thumbnail>https://image.tmdb.org/t/p/w1280//qHCHcx5Kwl7bRPPbOK59yrzYAR9.jpg</thumbnail>
    <fanart>https://image.tmdb.org/t/p/w1280//lo5ILLHprdLKHPWbsWYN63YK28L.jpg</fanart>
</item>
<item>
    <title>Insidious: Chapter 2</title>
    <meta>
        <imdb>tt2226417</imdb>
        <content>movie</content>
        <title>Insidious: Chapter 2</title>
        <year>2013</year>
    </meta>
    <link>
        <sublink>search</sublink>
        <sublink>searchsd</sublink>
    </link>
    <thumbnail>https://image.tmdb.org/t/p/w1280//qjzk0pig5c7aTLlvKzcegD9PXA.jpg</thumbnail>
    <fanart>https://image.tmdb.org/t/p/w1280//59baGxEztxeXW1oFjs8EBgXxTXk.jpg</fanart>
</item>
<item>
    <title>Jug Face</title>
    <meta>
        <imdb>tt2620736</imdb>
        <content>movie</content>
        <title>Jug Face</title>
        <year>2013</year>
    </meta>
    <link>
        <sublink>search</sublink>
        <sublink>searchsd</sublink>
    </link>
    <thumbnail>https://image.tmdb.org/t/p/w1280//tt8B0YEpsMW06Jvom2GuRoA340Y.jpg</thumbnail>
    <fanart>https://image.tmdb.org/t/p/w1280//4RxnVVMDWrX3ZtRFt9MxULnnwOW.jpg</fanart>
</item>
<item>
    <title>The House at the End of Time</title>
    <meta>
        <imdb>tt2640474</imdb>
        <content>movie</content>
        <title>The House at the End of Time</title>
        <year>2013</year>
    </meta>
    <link>
        <sublink>search</sublink>
        <sublink>searchsd</sublink>
    </link>
    <thumbnail>https://image.tmdb.org/t/p/w1280//tXvbO6SgmIPdnRRfLpgLIlowv12.jpg</thumbnail>
    <fanart>https://image.tmdb.org/t/p/w1280//oZ2azbL9eWXhEyOO7BCdX80quir.jpg</fanart>
</item>
<item>
    <title>The Last Days on Mars</title>
    <meta>
        <imdb>tt1709143</imdb>
        <content>movie</content>
        <title>The Last Days on Mars</title>
        <year>2013</year>
    </meta>
    <link>
        <sublink>search</sublink>
        <sublink>searchsd</sublink>
    </link>
    <thumbnail>https://image.tmdb.org/t/p/w1280//m0uxoxv6iJz6AdAFx5YOjPEKpTe.jpg</thumbnail>
    <fanart>https://image.tmdb.org/t/p/w1280//2tenopPRkgQHfBCSq3280EjjJg6.jpg</fanart>
</item>
<item>
    <title>The Last Exorcism Part II</title>
    <meta>
        <imdb>tt2034139</imdb>
        <content>movie</content>
        <title>The Last Exorcism Part II</title>
        <year>2013</year>
    </meta>
    <link>
        <sublink>search</sublink>
        <sublink>searchsd</sublink>
    </link>
    <thumbnail>https://image.tmdb.org/t/p/w1280//jsk1EBoGZsXxiafwEhxnx83hOuR.jpg</thumbnail>
    <fanart>https://image.tmdb.org/t/p/w1280//wLUTb5Terk3ZRjAX9BoobhP1d0p.jpg</fanart>
</item>
<item>
    <title>Mama</title>
    <meta>
        <imdb>tt2023587</imdb>
        <content>movie</content>
        <title>Mama</title>
        <year>2013</year>
    </meta>
    <link>
        <sublink>search</sublink>
        <sublink>searchsd</sublink>
    </link>
    <thumbnail>https://image.tmdb.org/t/p/w1280//lPcwVnhg3T3MQBtTU31Rx4xwEQH.jpg</thumbnail>
    <fanart>https://image.tmdb.org/t/p/w1280//hAuZ9ZIQDbBzKlnmZheNMFQMc1z.jpg</fanart>
</item>
<item>
    <title>My Amityville Horror</title>
    <meta>
        <imdb>tt1727523</imdb>
        <content>movie</content>
        <title>My Amityville Horror</title>
        <year>2013</year>
    </meta>
    <link>
        <sublink>search</sublink>
        <sublink>searchsd</sublink>
    </link>
    <thumbnail>https://image.tmdb.org/t/p/w1280//26nXjfDHGVe4bxV6lMgstnvmwce.jpg</thumbnail>
    <fanart>https://image.tmdb.org/t/p/w1280//wFWrFqXyzgyTVtlOCNPRZhasQu8.jpg</fanart>
</item>
<item>
    <title>Nothing Left to Fear</title>
    <meta>
        <imdb>tt1662293</imdb>
        <content>movie</content>
        <title>Nothing Left to Fear</title>
        <year>2013</year>
    </meta>
    <link>
        <sublink>search</sublink>
        <sublink>searchsd</sublink>
    </link>
    <thumbnail>https://image.tmdb.org/t/p/w1280//qbukobfx9EdDEBKt1SK8Whj7FU3.jpg</thumbnail>
    <fanart>https://image.tmdb.org/t/p/w1280//1tElGo8qvssPTXs612lFovpPEXN.jpg</fanart>
</item>
<item>
    <title>Nurse 3-D</title>
    <meta>
        <imdb>tt1913166</imdb>
        <content>movie</content>
        <title>Nurse 3-D</title>
        <year>2013</year>
    </meta>
    <link>
        <sublink>search</sublink>
        <sublink>searchsd</sublink>
    </link>
    <thumbnail>https://image.tmdb.org/t/p/w1280//yuWH3471FAVjlqZWhsPeh4IKsNf.jpg</thumbnail>
    <fanart>https://image.tmdb.org/t/p/w1280//A0AxaDIVC6mHBJvPdneDLFYhDgG.jpg</fanart>
</item>
<item>
    <title>Oculus</title>
    <meta>
        <imdb>tt2388715</imdb>
        <content>movie</content>
        <title>Oculus</title>
        <year>2013</year>
    </meta>
    <link>
        <sublink>search</sublink>
        <sublink>searchsd</sublink>
    </link>
    <thumbnail>https://image.tmdb.org/t/p/w1280//ic8C94ylSfcoLkXqPOKzL6DqPcH.jpg</thumbnail>
    <fanart>https://image.tmdb.org/t/p/w1280//fiHOt3Te7LTfQmApychxYwx7Bry.jpg</fanart>
</item>
<item>
    <title>Odd Thomas</title>
    <meta>
        <imdb>tt1767354</imdb>
        <content>movie</content>
        <title>Odd Thomas</title>
        <year>2013</year>
    </meta>
    <link>
        <sublink>search</sublink>
        <sublink>searchsd</sublink>
    </link>
    <thumbnail>https://image.tmdb.org/t/p/w1280//oRtInIEPtLottEkcovT53G4F7Fh.jpg</thumbnail>
    <fanart>https://image.tmdb.org/t/p/w1280//bEu0Fe8nlc7japuTMp0n5A5QC4Y.jpg</fanart>
</item>
<item>
    <title>Open Grave</title>
    <meta>
        <imdb>tt2071550</imdb>
        <content>movie</content>
        <title>Open Grave</title>
        <year>2013</year>
    </meta>
    <link>
        <sublink>search</sublink>
        <sublink>searchsd</sublink>
    </link>
    <thumbnail>https://image.tmdb.org/t/p/w1280//uO9pr6aMgHz8ofLrOAjHvhv7J3e.jpg</thumbnail>
    <fanart>https://image.tmdb.org/t/p/w1280//9uYPUbJ2eagOQdDZMV2Ds9AksRZ.jpg</fanart>
</item>
<item>
    <title>The Purge</title>
    <meta>
        <imdb>tt2184339</imdb>
        <content>movie</content>
        <title>The Purge</title>
        <year>2013</year>
    </meta>
    <link>
        <sublink>search</sublink>
        <sublink>searchsd</sublink>
    </link>
    <thumbnail>https://image.tmdb.org/t/p/w1280//tGGJOuLHX7UDlTz57sjfhW1qreP.jpg</thumbnail>
    <fanart>https://image.tmdb.org/t/p/w1280//z6LEqUrlfK0oM3xuTbXABVdaX0Y.jpg</fanart>
</item>
<item>
    <title>Raze</title>
    <meta>
        <imdb>tt2111392</imdb>
        <content>movie</content>
        <title>Raze</title>
        <year>2013</year>
    </meta>
    <link>
        <sublink>search</sublink>
        <sublink>searchsd</sublink>
    </link>
    <thumbnail>https://image.tmdb.org/t/p/w1280//8sgLWUJMoqu2PXz16RgpCeYVYx6.jpg</thumbnail>
    <fanart>https://image.tmdb.org/t/p/w1280//57l9stjFkeX66zKf1UESszyLmbe.jpg</fanart>
</item>
<item>
    <title>The Sacrament</title>
    <meta>
        <imdb>tt2383068</imdb>
        <content>movie</content>
        <title>The Sacrament</title>
        <year>2013</year>
    </meta>
    <link>
        <sublink>search</sublink>
        <sublink>searchsd</sublink>
    </link>
    <thumbnail>https://image.tmdb.org/t/p/w1280//thdioQOYqqusDUfT6trgwMIoNaQ.jpg</thumbnail>
    <fanart>https://image.tmdb.org/t/p/w1280//zPlspnX73QXwXLbFfki5d5hv8jP.jpg</fanart>
</item>
<item>
    <title>Scary Movie 5</title>
    <meta>
        <imdb>tt0795461</imdb>
        <content>movie</content>
        <title>Scary Movie 5</title>
        <year>2013</year>
    </meta>
    <link>
        <sublink>search</sublink>
        <sublink>searchsd</sublink>
    </link>
    <thumbnail>https://image.tmdb.org/t/p/w1280//zYptQLRnePlv5rYg2kYOCZ3C31Q.jpg</thumbnail>
    <fanart>https://image.tmdb.org/t/p/w1280//jNoW4xqUljVyVQ1yrrhv9TGOWlM.jpg</fanart>
</item>
<item>
    <title>Stoker</title>
    <meta>
        <imdb>tt1682180</imdb>
        <content>movie</content>
        <title>Stoker</title>
        <year>2013</year>
    </meta>
    <link>
        <sublink>search</sublink>
        <sublink>searchsd</sublink>
    </link>
    <thumbnail>https://image.tmdb.org/t/p/w1280//mif93qTCI33RyoxhroEK0ANsGbk.jpg</thumbnail>
    <fanart>https://image.tmdb.org/t/p/w1280//6BqAHEKpm88t3z678mxJnpWNx55.jpg</fanart>
</item>
<item>
    <title>Texas Chainsaw 3D</title>
    <meta>
        <imdb>tt1572315</imdb>
        <content>movie</content>
        <title>Texas Chainsaw 3D</title>
        <year>2013</year>
    </meta>
    <link>
        <sublink>search</sublink>
        <sublink>searchsd</sublink>
    </link>
    <thumbnail>https://image.tmdb.org/t/p/w1280//p0kJOoNvwnWgmvKvL4GqlV3OPUV.jpg</thumbnail>
    <fanart>https://image.tmdb.org/t/p/w1280//l7hHzXb5cly5dlo6smdpUkOMaoI.jpg</fanart>
</item>
<item>
    <title>V/H/S/2</title>
    <meta>
        <imdb>tt2450186</imdb>
        <content>movie</content>
        <title>V/H/S/2</title>
        <year>2013</year>
    </meta>
    <link>
        <sublink>search</sublink>
        <sublink>searchsd</sublink>
    </link>
    <thumbnail>https://image.tmdb.org/t/p/w1280//t1lILqp0Yfg0SncPyEw0DtR72G5.jpg</thumbnail>
    <fanart>https://image.tmdb.org/t/p/w1280//fU2WG4FpEF7H60vYcrfRBWUrtGZ.jpg</fanart>
</item>
<item>
    <title>Warm Bodies</title>
    <meta>
        <imdb>tt1588173</imdb>
        <content>movie</content>
        <title>Warm Bodies</title>
        <year>2013</year>
    </meta>
    <link>
        <sublink>search</sublink>
        <sublink>searchsd</sublink>
    </link>
    <thumbnail>https://image.tmdb.org/t/p/w1280//jqJEkZKTqoAlmaexoWZIkjHdtA7.jpg</thumbnail>
    <fanart>https://image.tmdb.org/t/p/w1280//sKZdmmHRLweHnssV0VbkwE9oinc.jpg</fanart>
</item>
<item>
    <title>We Are What We Are</title>
    <meta>
        <imdb>tt2309021</imdb>
        <content>movie</content>
        <title>We Are What We Are</title>
        <year>2013</year>
    </meta>
    <link>
        <sublink>search</sublink>
        <sublink>searchsd</sublink>
    </link>
    <thumbnail>https://image.tmdb.org/t/p/w1280//evlXBQlXI99bcSSj6nLbriHaY3A.jpg</thumbnail>
    <fanart>https://image.tmdb.org/t/p/w1280//BKfK0XIkjLFeNJQGOS0tsF9F2D.jpg</fanart>
</item>
<item>
    <title>Willow Creek</title>
    <meta>
        <imdb>tt2885364</imdb>
        <content>movie</content>
        <title>Willow Creek</title>
        <year>2013</year>
    </meta>
    <link>
        <sublink>search</sublink>
        <sublink>searchsd</sublink>
    </link>
    <thumbnail>https://image.tmdb.org/t/p/w1280//8pP4tEeM7R6G4MSyxhFblwCja1P.jpg</thumbnail>
    <fanart>https://image.tmdb.org/t/p/w1280//libieDOffA59XdUdpZvgM9pdnoj.jpg</fanart>
</item>
<item>
    <title>World War Z</title>
    <meta>
        <imdb>tt0816711</imdb>
        <content>movie</content>
        <title>World War Z</title>
        <year>2013</year>
    </meta>
    <link>
        <sublink>search</sublink>
        <sublink>searchsd</sublink>
    </link>
    <thumbnail>https://image.tmdb.org/t/p/w1280//Ha5t0J21eyiq6Az1EXzx0iwsGH.jpg</thumbnail>
    <fanart>https://image.tmdb.org/t/p/w1280//xMOQVYLeIKBXenJ9KMeasj7S64y.jpg</fanart>
</item>
<item>
    <title>Rigor Mortis</title>
    <meta>
        <imdb>tt2771800</imdb>
        <content>movie</content>
        <title>Rigor Mortis</title>
        <year>2013</year>
    </meta>
    <link>
        <sublink>search</sublink>
        <sublink>searchsd</sublink>
    </link>
    <thumbnail>https://image.tmdb.org/t/p/w1280//sJ1uzZEbXNtZN31r0VUPBj1C4BO.jpg</thumbnail>
    <fanart>https://image.tmdb.org/t/p/w1280//brlbUBrl1L9Y3WHzbmohBlDwgGt.jpg</fanart>
</item>
