<item>
    <title>The Babadook</title>
    <meta>
        <content>movie</content>
        <imdb>tt2321549</imdb>
        <title>The Babadook</title>
        <year>2014</year>
    </meta>
    <link>
        <sublink>search</sublink>
        <sublink>searchsd</sublink>
    </link>
    <thumbnail>https://image.tmdb.org/t/p/w1280//4zPxsfmeNX438gf77hjb9eYGiLh.jpg</thumbnail>
    <fanart>https://image.tmdb.org/t/p/w1280//pJ10mpKs2mM2AXTUOmM4yl5PJi8.jpg</fanart>
</item>
<item>
    <title>It Follows</title>
    <meta>
        <content>movie</content>
        <imdb>tt3235888</imdb>
        <title>It Follows</title>
        <year>2014</year>
    </meta>
    <link>
        <sublink>search</sublink>
        <sublink>searchsd</sublink>
    </link>
    <thumbnail>https://image.tmdb.org/t/p/w1280//4MrwJZr0R9LbyOgZqwLNmtzzxbu.jpg</thumbnail>
    <fanart>https://image.tmdb.org/t/p/w1280//nwQgcgGVrKyjlxNzaDZud82pUly.jpg</fanart>
</item>
<item>
    <title>Starry Eyes</title>
    <meta>
        <content>movie</content>
        <imdb>tt2793490</imdb>
        <title>Starry Eyes</title>
        <year>2014</year>
    </meta>
    <link>
        <sublink>search</sublink>
        <sublink>searchsd</sublink>
    </link>
    <thumbnail>https://image.tmdb.org/t/p/w1280//8wXEaDd6lfTrKToCXKY4aECrfDF.jpg</thumbnail>
    <fanart>https://image.tmdb.org/t/p/w1280//dKIDvYQWVn9UxelOgpfoqzCZ9vv.jpg</fanart>
</item>
<item>
    <title>Annabelle</title>
    <meta>
        <content>movie</content>
        <imdb>tt3322940</imdb>
        <title>Annabelle</title>
        <year>2014</year>
    </meta>
    <link>
        <sublink>search</sublink>
        <sublink>searchsd</sublink>
    </link>
    <thumbnail>https://image.tmdb.org/t/p/w1280//yAgxM61Sn0dYML4C9v3MJFp5zPI.jpg</thumbnail>
    <fanart>https://image.tmdb.org/t/p/w1280//8pCFurneAWouGbBMEoBHqU1ejbb.jpg</fanart>
</item>
<item>
    <title>Creep</title>
    <meta>
        <content>movie</content>
        <imdb>tt2428170</imdb>
        <title>Creep</title>
        <year>2014</year>
    </meta>
    <link>
        <sublink>search</sublink>
        <sublink>searchsd</sublink>
    </link>
    <thumbnail>https://image.tmdb.org/t/p/w1280//nJDvKttufhPR4lfjp8jDZRbIfVh.jpg</thumbnail>
    <fanart>https://image.tmdb.org/t/p/w1280//2MUnA1TvZU64qL5pfSYbOBGWMch.jpg</fanart>
</item>
<item>
    <title>Housebound</title>
    <meta>
        <content>movie</content>
        <imdb>tt3504048</imdb>
        <title>Housebound</title>
        <year>2014</year>
    </meta>
    <link>
        <sublink>search</sublink>
        <sublink>searchsd</sublink>
    </link>
    <thumbnail>https://image.tmdb.org/t/p/w1280//5pooROOhs9ctkmMiZAfE9DDrh9j.jpg</thumbnail>
    <fanart>https://image.tmdb.org/t/p/w1280//jDlZkHKuF9yCqUadzFvs4COA0ae.jpg</fanart>
</item>
<item>
    <title>As Above, So Below</title>
    <meta>
        <content>movie</content>
        <imdb>tt2870612</imdb>
        <title>As Above, So Below</title>
        <year>2014</year>
    </meta>
    <link>
        <sublink>search</sublink>
        <sublink>searchsd</sublink>
    </link>
    <thumbnail>https://image.tmdb.org/t/p/w1280//rXhroOVTfR4Dde7Vci2L3FVGAZh.jpg</thumbnail>
    <fanart>https://image.tmdb.org/t/p/w1280//lzkZ0BA4XG30nuN4UgUyctuj3Fo.jpg</fanart>
</item>
<item>
    <title>A Girl Walks Home Alone at Night</title>
    <meta>
        <content>movie</content>
        <imdb>tt2326554</imdb>
        <title>A Girl Walks Home Alone at Night</title>
        <year>2014</year>
    </meta>
    <link>
        <sublink>search</sublink>
        <sublink>searchsd</sublink>
    </link>
    <thumbnail>https://image.tmdb.org/t/p/w1280//fJ9wX5BzJL4p5R5x8y7SjZOuEoO.jpg</thumbnail>
    <fanart>https://image.tmdb.org/t/p/w1280//u1jWWdqz8eDKzCxYPxBLD2q5QGW.jpg</fanart>
</item>
<item>
    <title>Dead Snow 2: Red vs. Dead</title>
    <meta>
        <content>movie</content>
        <imdb>tt2832470</imdb>
        <title>Dead Snow 2: Red vs. Dead</title>
        <year>2014</year>
    </meta>
    <link>
        <sublink>search</sublink>
        <sublink>searchsd</sublink>
    </link>
    <thumbnail>https://image.tmdb.org/t/p/w1280//dLd6A24aHTTBZo8R7OAFzthr6h2.jpg</thumbnail>
    <fanart>https://image.tmdb.org/t/p/w1280//Pbl2qhL8wnagw0xUiTgVm5QUj4.jpg</fanart>
</item>
<item>
    <title>Deliver Us from Evil</title>
    <meta>
        <content>movie</content>
        <imdb>tt2377322</imdb>
        <title>Deliver Us from Evil</title>
        <year>2014</year>
    </meta>
    <link>
        <sublink>search</sublink>
        <sublink>searchsd</sublink>
    </link>
    <thumbnail>https://image.tmdb.org/t/p/w1280//jgtStjg33PH3TwBrMKKhvNL5J1c.jpg</thumbnail>
    <fanart>https://image.tmdb.org/t/p/w1280//h0jrxKeDXS6VKnUnJayXLTo6PDx.jpg</fanart>
</item>
<item>
    <title>The Quiet Ones</title>
    <meta>
        <content>movie</content>
        <imdb>tt2235779</imdb>
        <title>The Quiet Ones</title>
        <year>2014</year>
    </meta>
    <link>
        <sublink>search</sublink>
        <sublink>searchsd</sublink>
    </link>
    <thumbnail>https://image.tmdb.org/t/p/w1280//dlMln6CldiB5pt9vSSJBiNL83bh.jpg</thumbnail>
    <fanart>https://image.tmdb.org/t/p/w1280//1htbrlfM4DNwIg1M353ZkO9uIlm.jpg</fanart>
</item>
<item>
    <title>Tusk</title>
    <meta>
        <content>movie</content>
        <imdb>tt3099498</imdb>
        <title>Tusk</title>
        <year>2014</year>
    </meta>
    <link>
        <sublink>search</sublink>
        <sublink>searchsd</sublink>
    </link>
    <thumbnail>https://image.tmdb.org/t/p/w1280//ntxILPesM4IRumijc1DRJQTks9t.jpg</thumbnail>
    <fanart>https://image.tmdb.org/t/p/w1280//8EQg8fsxEElycBPSb0JszATwm1l.jpg</fanart>
</item>
<item>
    <title>Late Phases</title>
    <meta>
        <content>movie</content>
        <imdb>tt2420756</imdb>
        <title>Late Phases</title>
        <year>2014</year>
    </meta>
    <link>
        <sublink>search</sublink>
        <sublink>searchsd</sublink>
    </link>
    <thumbnail>https://image.tmdb.org/t/p/w1280//aQCRLfu8XcKvvqrRvCYQK58xUiC.jpg</thumbnail>
    <fanart>https://image.tmdb.org/t/p/w1280//ptuzyLVOszxNSzWJlNEyHF1zrVP.jpg</fanart>
</item>
<item>
    <title>Jessabelle</title>
    <meta>
        <content>movie</content>
        <imdb>tt2300975</imdb>
        <title>Jessabelle</title>
        <year>2014</year>
    </meta>
    <link>
        <sublink>search</sublink>
        <sublink>searchsd</sublink>
    </link>
    <thumbnail>https://image.tmdb.org/t/p/w1280//zq1Er49rSBTkytVbinH9P1RoEOb.jpg</thumbnail>
    <fanart>https://image.tmdb.org/t/p/w1280//o7cOd6E3IXkkUcaDckdGdVqm55U.jpg</fanart>
</item>
<item>
    <title>The Taking of Deborah Logan</title>
    <meta>
        <content>movie</content>
        <imdb>tt3387648</imdb>
        <title>The Taking of Deborah Logan</title>
        <year>2014</year>
    </meta>
    <link>
        <sublink>search</sublink>
        <sublink>searchsd</sublink>
    </link>
    <thumbnail>https://image.tmdb.org/t/p/w1280//lVHsBxkEXSH25TaUfyYF4KfrhlB.jpg</thumbnail>
    <fanart>https://image.tmdb.org/t/p/w1280//dHDQ0PhyH6B21OPYqApndkni2B6.jpg</fanart>
</item>
<item>
    <title>The Purge: Anarchy</title>
    <meta>
        <content>movie</content>
        <imdb>tt2975578</imdb>
        <title>The Purge: Anarchy</title>
        <year>2014</year>
    </meta>
    <link>
        <sublink>search</sublink>
        <sublink>searchsd</sublink>
    </link>
    <thumbnail>https://image.tmdb.org/t/p/w1280//l1DRl40x2OWUoPP42v8fjKdS1Z3.jpg</thumbnail>
    <fanart>https://image.tmdb.org/t/p/w1280//zWGAnbxjjwY3xFGuOeR26LGbBlG.jpg</fanart>
</item>
<item>
    <title>Honeymoon</title>
    <meta>
        <content>movie</content>
        <imdb>tt3177316</imdb>
        <title>Honeymoon</title>
        <year>2014</year>
    </meta>
    <link>
        <sublink>search</sublink>
        <sublink>searchsd</sublink>
    </link>
    <thumbnail>https://image.tmdb.org/t/p/w1280//5jZRisBShiBpsH2k5rDYGEl9fSh.jpg</thumbnail>
    <fanart>https://image.tmdb.org/t/p/w1280//5G5rOi7Qkg5F3u94vpy1lrwr06W.jpg</fanart>
</item>
<item>
    <title>Paranormal Activity: The Marked Ones</title>
    <meta>
        <content>movie</content>
        <imdb>tt2473682</imdb>
        <title>Paranormal Activity: The Marked Ones</title>
        <year>2014</year>
    </meta>
    <link>
        <sublink>search</sublink>
        <sublink>searchsd</sublink>
    </link>
    <thumbnail>https://image.tmdb.org/t/p/w1280//fMC6CqCRDzQDxAibydeZF9XBAJ4.jpg</thumbnail>
    <fanart>https://image.tmdb.org/t/p/w1280//zEgaJ33dWkXBcl7J5IjRBTWdyLL.jpg</fanart>
</item>
<item>
    <title>Devil's Due</title>
    <meta>
        <content>movie</content>
        <imdb>tt2752758</imdb>
        <title>Devil's Due</title>
        <year>2014</year>
    </meta>
    <link>
        <sublink>search</sublink>
        <sublink>searchsd</sublink>
    </link>
    <thumbnail>https://image.tmdb.org/t/p/w1280//u8u1q4eu4Yxt8n1NXuykzguDjj8.jpg</thumbnail>
    <fanart>https://image.tmdb.org/t/p/w1280//jioFIVXRayU9UDTy9q4zWD4JSz9.jpg</fanart>
</item>
<item>
    <title>The Town that Dreaded Sundown</title>
    <meta>
        <content>movie</content>
        <imdb>tt2561546</imdb>
        <title>The Town that Dreaded Sundown</title>
        <year>2014</year>
    </meta>
    <link>
        <sublink>search</sublink>
        <sublink>searchsd</sublink>
    </link>
    <thumbnail>https://image.tmdb.org/t/p/w1280//i5lOLglMSMdJjxSTI7GZiLYzNHn.jpg</thumbnail>
    <fanart>https://image.tmdb.org/t/p/w1280//2DTxx7s2aGPFJKVwsJBAr9zqNKR.jpg</fanart>
</item>
<item>
    <title>Ouija</title>
    <meta>
        <content>movie</content>
        <imdb>tt1204977</imdb>
        <title>Ouija</title>
        <year>2014</year>
    </meta>
    <link>
        <sublink>search</sublink>
        <sublink>searchsd</sublink>
    </link>
    <thumbnail>https://image.tmdb.org/t/p/w1280//vHTXN00kJktCbSLV50Vbk9siNiX.jpg</thumbnail>
    <fanart>https://image.tmdb.org/t/p/w1280//9bHoFTTFacsReoDJRBlIx7V98TC.jpg</fanart>
</item>
<item>
    <title>The Canal</title>
    <meta>
        <content>movie</content>
        <imdb>tt2517658</imdb>
        <title>The Canal</title>
        <year>2014</year>
    </meta>
    <link>
        <sublink>search</sublink>
        <sublink>searchsd</sublink>
    </link>
    <thumbnail>https://image.tmdb.org/t/p/w1280//qfEykPXchXot1lcRdo7thz1wZOI.jpg</thumbnail>
    <fanart>https://image.tmdb.org/t/p/w1280//tOSXbzvyfBhDKq5rSZ4sjzjHurV.jpg</fanart>
</item>
<item>
    <title>13 Sins</title>
    <meta>
        <content>movie</content>
        <imdb>tt2059171</imdb>
        <title>13 Sins</title>
        <year>2014</year>
    </meta>
    <link>
        <sublink>search</sublink>
        <sublink>searchsd</sublink>
    </link>
    <thumbnail>https://image.tmdb.org/t/p/w1280//uYPy89cVgvE1ic0bN39YJrumxwo.jpg</thumbnail>
    <fanart>https://image.tmdb.org/t/p/w1280//6yLVPFisDzMuF1cgmQ61e07pWaM.jpg</fanart>
</item>
<item>
    <title>Zombeavers</title>
    <meta>
        <content>movie</content>
        <imdb>tt2784512</imdb>
        <title>Zombeavers</title>
        <year>2014</year>
    </meta>
    <link>
        <sublink>search</sublink>
        <sublink>searchsd</sublink>
    </link>
    <thumbnail>https://image.tmdb.org/t/p/w1280//pn3R6VZq4UdM7qdIhw5YOHnwNna.jpg</thumbnail>
    <fanart>https://image.tmdb.org/t/p/w1280//d0JF30sdismMh91IGrqJrwOVZTP.jpg</fanart>
</item>
<item>
    <title>Stage Fright</title>
    <meta>
        <content>movie</content>
        <imdb>tt2190838</imdb>
        <title>Stage Fright</title>
        <year>2014</year>
    </meta>
    <link>
        <sublink>search</sublink>
        <sublink>searchsd</sublink>
    </link>
    <thumbnail>https://image.tmdb.org/t/p/w1280//6sUjDhrm0EHetIEnJodQmc3hPVQ.jpg</thumbnail>
    <fanart>https://image.tmdb.org/t/p/w1280//htjMW9lN6ZJ0iQ927PaogentbdW.jpg</fanart>
</item>
<item>
    <title>The Houses October Built</title>
    <meta>
        <content>movie</content>
        <imdb>tt1958043</imdb>
        <title>The Houses October Built</title>
        <year>2014</year>
    </meta>
    <link>
        <sublink>search</sublink>
        <sublink>searchsd</sublink>
    </link>
    <thumbnail>https://image.tmdb.org/t/p/w1280//ibekxJYYhUfCggBkaXyxvW5M1Uz.jpg</thumbnail>
    <fanart>https://image.tmdb.org/t/p/w1280//4IpQGRiSdUeo9nylGA3SQHWPXqF.jpg</fanart>
</item>
<item>
    <title>The Pyramid</title>
    <meta>
        <content>movie</content>
        <imdb>tt2799166</imdb>
        <title>The Pyramid</title>
        <year>2014</year>
    </meta>
    <link>
        <sublink>search</sublink>
        <sublink>searchsd</sublink>
    </link>
    <thumbnail>https://image.tmdb.org/t/p/w1280//sPznOfzPXNaorzFrViGN2jOddgs.jpg</thumbnail>
    <fanart>https://image.tmdb.org/t/p/w1280//oRvtAJ5A0PqI3aKu23HyacjaQUz.jpg</fanart>
</item>
<item>
    <title>What We Do in the Shadows</title>
    <meta>
        <content>movie</content>
        <imdb>tt3416742</imdb>
        <title>What We Do in the Shadows</title>
        <year>2014</year>
    </meta>
    <link>
        <sublink>search</sublink>
        <sublink>searchsd</sublink>
    </link>
    <thumbnail>https://image.tmdb.org/t/p/w1280//4bqqrtzY9vVQeEcqyqWfTJWmpD9.jpg</thumbnail>
    <fanart>https://image.tmdb.org/t/p/w1280//aj0WJXC0Cu172qifgkEpyLXlDEt.jpg</fanart>
</item>
<item>
    <title>[REC]4 Apocalypse</title>
    <meta>
        <content>movie</content>
        <imdb>tt1649443</imdb>
        <title>[REC]4 Apocalypse</title>
        <year>2014</year>
    </meta>
    <link>
        <sublink>search</sublink>
        <sublink>searchsd</sublink>
    </link>
    <thumbnail>https://image.tmdb.org/t/p/w1280//pkp6benCJbrl2jOE8OOjX1j2JDE.jpg</thumbnail>
    <fanart>https://image.tmdb.org/t/p/w1280//7tNjWa7pgEqrOf9q9GayRK9ylCw.jpg</fanart>
</item>
<item>
    <title>Goodnight Mommy</title>
    <meta>
        <content>movie</content>
        <imdb>tt3086442</imdb>
        <title>Goodnight Mommy</title>
        <year>2014</year>
    </meta>
    <link>
        <sublink>search</sublink>
        <sublink>searchsd</sublink>
    </link>
    <thumbnail>https://image.tmdb.org/t/p/w1280//1IXU1O05LVe2B1ivg2mkFVVbb53.jpg</thumbnail>
    <fanart>https://image.tmdb.org/t/p/w1280//fwsKOJXLl2TWUN7oI3WYcmtB05h.jpg</fanart>
</item>
<item>
    <title>V/H/S: Viral</title>
    <meta>
        <content>movie</content>
        <imdb>tt3704538</imdb>
        <title>V/H/S: Viral</title>
        <year>2014</year>
    </meta>
    <link>
        <sublink>search</sublink>
        <sublink>searchsd</sublink>
    </link>
    <thumbnail>https://image.tmdb.org/t/p/w1280//e0z9RMcs3dstmNllNqdsoSfzMTh.jpg</thumbnail>
    <fanart>https://image.tmdb.org/t/p/w1280//z1RXq7GvPcRD4oDKmlmxV2kCz8Z.jpg</fanart>
</item>
<item>
    <title>Dracula Untold</title>
    <meta>
        <content>movie</content>
        <imdb>tt0829150</imdb>
        <title>Dracula Untold</title>
        <year>2014</year>
    </meta>
    <link>
        <sublink>search</sublink>
        <sublink>searchsd</sublink>
    </link>
    <thumbnail>https://image.tmdb.org/t/p/w1280//4oy4e0DP6LRwRszfx8NY8EYBj8V.jpg</thumbnail>
    <fanart>https://image.tmdb.org/t/p/w1280//6UPlIYKxZqUR6Xbpgu1JKG0J7UC.jpg</fanart>
</item>
<item>
    <title>Let Us Prey</title>
    <meta>
        <content>movie</content>
        <imdb>tt3148348</imdb>
        <title>Let Us Prey</title>
        <year>2014</year>
    </meta>
    <link>
        <sublink>search</sublink>
        <sublink>searchsd</sublink>
    </link>
    <thumbnail>https://image.tmdb.org/t/p/w1280//lNv3xVngqW1W9CsdmDlLIH4MNNO.jpg</thumbnail>
    <fanart>https://image.tmdb.org/t/p/w1280//6y5s5XboARsaZARPBO9L3oYM9Bl.jpg</fanart>
</item>
<item>
    <title>Unfriended</title>
    <meta>
        <content>movie</content>
        <imdb>tt3713166</imdb>
        <title>Unfriended</title>
        <year>2015</year>
    </meta>
    <link>
        <sublink>search</sublink>
        <sublink>searchsd</sublink>
    </link>
    <thumbnail>https://image.tmdb.org/t/p/w1280//hfEBlhvVWFt61EWjNbjlKdDilBI.jpg</thumbnail>
    <fanart>https://image.tmdb.org/t/p/w1280//zTvlygvggIzWVb617znppdiJZfu.jpg</fanart>
</item>
<item>
    <title>At the Devil's Door</title>
    <meta>
        <content>movie</content>
        <imdb>tt2597242</imdb>
        <title>At the Devil's Door</title>
        <year>2014</year>
    </meta>
    <link>
        <sublink>search</sublink>
        <sublink>searchsd</sublink>
    </link>
    <thumbnail>https://image.tmdb.org/t/p/w1280//n0HjcsGC4dXmg9bR47biMrwOfWc.jpg</thumbnail>
    <fanart>https://image.tmdb.org/t/p/w1280//gFR6mLf3iBe8Od6OxxObhabxdvu.jpg</fanart>
</item>
<item>
    <title>See No Evil 2</title>
    <meta>
        <content>movie</content>
        <imdb>tt3106120</imdb>
        <title>See No Evil 2</title>
        <year>2014</year>
    </meta>
    <link>
        <sublink>search</sublink>
        <sublink>searchsd</sublink>
    </link>
    <thumbnail>https://image.tmdb.org/t/p/w1280//gEX702d3UTc0i3tCmxUyJnQvxmk.jpg</thumbnail>
    <fanart>https://image.tmdb.org/t/p/w1280//gWMvqFJe0uCaO3V8HPTs7bHpHJF.jpg</fanart>
</item>
<item>
    <title>Cooties</title>
    <meta>
        <content>movie</content>
        <imdb>tt2490326</imdb>
        <title>Cooties</title>
        <year>2014</year>
    </meta>
    <link>
        <sublink>search</sublink>
        <sublink>searchsd</sublink>
    </link>
    <thumbnail>https://image.tmdb.org/t/p/w1280//mGgWQ3LHWzqbk6NV5xrMFqL78zS.jpg</thumbnail>
    <fanart>https://image.tmdb.org/t/p/w1280//pfvZ1TjUPFEbty8dKtEwGte6TZB.jpg</fanart>
</item>
<item>
    <title>Life After Beth</title>
    <meta>
        <content>movie</content>
        <imdb>tt2581244</imdb>
        <title>Life After Beth</title>
        <year>2014</year>
    </meta>
    <link>
        <sublink>search</sublink>
        <sublink>searchsd</sublink>
    </link>
    <thumbnail>https://image.tmdb.org/t/p/w1280//8SBHU1oLnj6gurSR9o5EQGCPrCK.jpg</thumbnail>
    <fanart>https://image.tmdb.org/t/p/w1280//maHpW0MSN432eTejku5APVaQvtg.jpg</fanart>
</item>
<item>
    <title>Cabin Fever: Patient Zero</title>
    <meta>
        <content>movie</content>
        <imdb>tt2102496</imdb>
        <title>Cabin Fever: Patient Zero</title>
        <year>2014</year>
    </meta>
    <link>
        <sublink>search</sublink>
        <sublink>searchsd</sublink>
    </link>
    <thumbnail>https://image.tmdb.org/t/p/w1280//9CvQO8Et59TcPhYwy7HznKB6SWe.jpg</thumbnail>
    <fanart>https://image.tmdb.org/t/p/w1280//47rPvToVgadhYEuPjqAq3R9hL8h.jpg</fanart>
</item>
<item>
    <title>Among the Living</title>
    <meta>
        <content>movie</content>
        <imdb>tt2473750</imdb>
        <title>Among the Living</title>
        <year>2014</year>
    </meta>
    <link>
        <sublink>search</sublink>
        <sublink>searchsd</sublink>
    </link>
    <thumbnail>https://image.tmdb.org/t/p/w1280//da41JLNpJXjqxjPuEt924Xbih2O.jpg</thumbnail>
    <fanart>https://image.tmdb.org/t/p/w1280//1s5hSgg3NI3EB37ra4M3pa0rQjv.jpg</fanart>
</item>
<item>
    <title>Clown</title>
    <meta>
        <content>movie</content>
        <imdb>tt1780798</imdb>
        <title>Clown</title>
        <year>2014</year>
    </meta>
    <link>
        <sublink>search</sublink>
        <sublink>searchsd</sublink>
    </link>
    <thumbnail>https://image.tmdb.org/t/p/w1280//3Z97W9dDWU9YH3fk2sQKVauLNnu.jpg</thumbnail>
    <fanart>https://image.tmdb.org/t/p/w1280//KuODubAvhjTb19cbneVqfo3EVa.jpg</fanart>
</item>
<item>
    <title>The Possession of Michael King</title>
    <meta>
        <content>movie</content>
        <imdb>tt2282016</imdb>
        <title>The Possession of Michael King</title>
        <year>2014</year>
    </meta>
    <link>
        <sublink>search</sublink>
        <sublink>searchsd</sublink>
    </link>
    <thumbnail>https://image.tmdb.org/t/p/w1280//gjo8Mdb2O1wu4YsDoDVtf4WrRrr.jpg</thumbnail>
    <fanart>https://image.tmdb.org/t/p/w1280//wksVb9WT6m3kPgFJCZI8YYMB2h5.jpg</fanart>
</item>
<item>
    <title>Extraterrestrial</title>
    <meta>
        <content>movie</content>
        <imdb>tt2960930</imdb>
        <title>Extraterrestrial</title>
        <year>2014</year>
    </meta>
    <link>
        <sublink>search</sublink>
        <sublink>searchsd</sublink>
    </link>
    <thumbnail>https://image.tmdb.org/t/p/w1280//9RHJFmZK2xhfd82SYajsKIpeYGL.jpg</thumbnail>
    <fanart>https://image.tmdb.org/t/p/w1280//cPlg7tbcuoDdxBb7BcG4yCiDS5y.jpg</fanart>
</item>
<item>
    <title>Backcountry</title>
    <meta>
        <content>movie</content>
        <imdb>tt2944198</imdb>
        <title>Backcountry</title>
        <year>2015</year>
    </meta>
    <link>
        <sublink>search</sublink>
        <sublink>searchsd</sublink>
    </link>
    <thumbnail>https://image.tmdb.org/t/p/w1280//7BaNC7tNRxHq7rCTK7byXYY4lGZ.jpg</thumbnail>
    <fanart>https://image.tmdb.org/t/p/w1280//3DRFtq83y3FHqvh9nvgM3lMNh3t.jpg</fanart>
</item>
<item>
    <title>Stonehearst Asylum</title>
    <meta>
        <content>movie</content>
        <imdb>tt1772264</imdb>
        <title>Stonehearst Asylum</title>
        <year>2014</year>
    </meta>
    <link>
        <sublink>search</sublink>
        <sublink>searchsd</sublink>
    </link>
    <thumbnail>https://image.tmdb.org/t/p/w1280//fZxGCCQ0NAtraevqULJ84wSSjo0.jpg</thumbnail>
    <fanart>https://image.tmdb.org/t/p/w1280//4UMzMJss5r192EZipzKEqzwXWxF.jpg</fanart>
</item>
<item>
    <title>WolfCop</title>
    <meta>
        <content>movie</content>
        <imdb>tt2781516</imdb>
        <title>WolfCop</title>
        <year>2014</year>
    </meta>
    <link>
        <sublink>search</sublink>
        <sublink>searchsd</sublink>
    </link>
    <thumbnail>https://image.tmdb.org/t/p/w1280//vU4Js4BIUSwCuvhdIl0728nAct4.jpg</thumbnail>
    <fanart>https://image.tmdb.org/t/p/w1280//q2qlApdJkrQZLjDgNNwKK6R6zFc.jpg</fanart>
</item>
<item>
    <title>The Voices</title>
    <meta>
        <content>movie</content>
        <imdb>tt1567437</imdb>
        <title>The Voices</title>
        <year>2014</year>
    </meta>
    <link>
        <sublink>search</sublink>
        <sublink>searchsd</sublink>
    </link>
    <thumbnail>https://image.tmdb.org/t/p/w1280//lmnPpYkSFsuAxnO6WJhQOlVZCA0.jpg</thumbnail>
    <fanart>https://image.tmdb.org/t/p/w1280//3KiBuEKLBAQSyBbWbYXiKK0RXDS.jpg</fanart>
</item>
<item>
    <title>Cub</title>
    <meta>
        <content>movie</content>
        <imdb>tt3061836</imdb>
        <title>Cub</title>
        <year>2014</year>
    </meta>
    <link>
        <sublink>search</sublink>
        <sublink>searchsd</sublink>
    </link>
    <thumbnail>https://image.tmdb.org/t/p/w1280//a7eR08qiQ2ydfjY2TZdtRD1dcIW.jpg</thumbnail>
    <fanart>https://image.tmdb.org/t/p/w1280//qTIKyz7aYE9U7RR2lYT3P89R0ID.jpg</fanart>
</item>
<item>
    <title>Don't Blink</title>
    <meta>
        <content>movie</content>
        <imdb>tt1572306</imdb>
        <title>Don't Blink</title>
        <year>2014</year>
    </meta>
    <link>
        <sublink>search</sublink>
        <sublink>searchsd</sublink>
    </link>
    <thumbnail>https://image.tmdb.org/t/p/w1280//pqu3EOnRmaKRHYy09fho5oN0cMk.jpg</thumbnail>
    <fanart>https://image.tmdb.org/t/p/w1280//5TGUMTatNXDbCjCddjhG7VYyxtG.jpg</fanart>
</item>
<item>
    <title>Sharknado 2: The Second One</title>
    <meta>
        <content>movie</content>
        <imdb>tt3062074</imdb>
        <title>Sharknado 2: The Second One</title>
        <year>2014</year>
    </meta>
    <link>
        <sublink>search</sublink>
        <sublink>searchsd</sublink>
    </link>
    <thumbnail>https://image.tmdb.org/t/p/w1280//4s08U8YMeUIRxSUhBxw3e4EKH3P.jpg</thumbnail>
    <fanart>https://image.tmdb.org/t/p/w1280//egx3q8K4ThXDNITEmivo2Annskq.jpg</fanart>
</item>
<item>
    <title>A Haunted House 2</title>
    <meta>
        <content>movie</content>
        <imdb>tt2828996</imdb>
        <title>A Haunted House 2</title>
        <year>2014</year>
    </meta>
    <link>
        <sublink>search</sublink>
        <sublink>searchsd</sublink>
    </link>
    <thumbnail>https://image.tmdb.org/t/p/w1280//2c9utC3RGiw5NrqB72YIbp00uiF.jpg</thumbnail>
    <fanart>https://image.tmdb.org/t/p/w1280//y5UpNboiQsSCCvTzU4POdyBL5pn.jpg</fanart>
</item>
<item>
    <title>The Green Inferno</title>
    <meta>
        <content>movie</content>
        <imdb>tt2403021</imdb>
        <title>The Green Inferno</title>
        <year>2014</year>
    </meta>
    <link>
        <sublink>search</sublink>
        <sublink>searchsd</sublink>
    </link>
    <thumbnail>https://image.tmdb.org/t/p/w1280//prG32jWEgiZ2N8BpBPu1G0jMiv2.jpg</thumbnail>
    <fanart>https://image.tmdb.org/t/p/w1280//uOPAHZ50VSKOFqpTNLCp4SkgBlw.jpg</fanart>
</item>
<item>
    <title>Afflicted</title>
    <meta>
        <content>movie</content>
        <imdb>tt2309961</imdb>
        <title>Afflicted</title>
        <year>2014</year>
    </meta>
    <link>
        <sublink>search</sublink>
        <sublink>searchsd</sublink>
    </link>
    <thumbnail>https://image.tmdb.org/t/p/w1280//rJeJXo3ZyEM5lpOn0kXab7TIrb6.jpg</thumbnail>
    <fanart>https://image.tmdb.org/t/p/w1280//i706nWlRNrsmtTjju2Tvvm65dpn.jpg</fanart>
</item>
<item>
    <title>The Woman in Black 2: Angel of Death</title>
    <meta>
        <content>movie</content>
        <imdb>tt2339741</imdb>
        <title>The Woman in Black 2: Angel of Death</title>
        <year>2014</year>
    </meta>
    <link>
        <sublink>search</sublink>
        <sublink>searchsd</sublink>
    </link>
    <thumbnail>https://image.tmdb.org/t/p/w1280//kzWRtyMtazWA22LJXA64KKZ3slY.jpg</thumbnail>
    <fanart>https://image.tmdb.org/t/p/w1280//zZAJke7HMmQfc52L1AzvQkmMR3e.jpg</fanart>
</item>
<item>
    <title>ABCs of Death 2</title>
    <meta>
        <content>movie</content>
        <imdb>tt2926810</imdb>
        <title>ABCs of Death 2</title>
        <year>2014</year>
    </meta>
    <link>
        <sublink>search</sublink>
        <sublink>searchsd</sublink>
    </link>
    <thumbnail>https://image.tmdb.org/t/p/w1280//npN4yjO7MLg1ouMUF4VZ87ChiO1.jpg</thumbnail>
    <fanart>https://image.tmdb.org/t/p/w1280//81bEnqHu9jbPGpfW7LMZrfiZ5U3.jpg</fanart>
</item>
<item>
    <title>Demon Legacy</title>
    <meta>
        <content>movie</content>
        <imdb>tt1334558</imdb>
        <title>Demon Legacy</title>
        <year>2014</year>
    </meta>
    <link>
        <sublink>search</sublink>
        <sublink>searchsd</sublink>
    </link>
    <thumbnail>https://image.tmdb.org/t/p/w1280//mqfHc5lneNzpAGgkhQxcL3RTYH2.jpg</thumbnail>
    <fanart>https://image.tmdb.org/t/p/w1280//i5y0uq03W8BwnNxLyMp0cyrKsbW.jpg</fanart>
</item>
<item>
    <title>Ju-on: The Final Curse</title>
    <meta>
        <content>movie</content>
        <imdb>tt4458368</imdb>
        <title>Ju-on: The Final Curse</title>
        <year>2015</year>
    </meta>
    <link>
        <sublink>search</sublink>
        <sublink>searchsd</sublink>
    </link>
    <thumbnail>https://image.tmdb.org/t/p/w1280//qLgBPGec7lTFE5hUGmk3DuCMaTj.jpg</thumbnail>
    <fanart>https://image.tmdb.org/t/p/w1280//82MrxAGnuBcICW9b5XKJYdoNILn.jpg</fanart>
</item>
<item>
    <title>Zombie Isle In the late 70's</title>
    <meta>
        <content>movie</content>
        <imdb>tt3844084</imdb>
        <title>Zombie Isle In the late 70's</title>
        <year>2014</year>
    </meta>
    <link>
        <sublink>search</sublink>
        <sublink>searchsd</sublink>
    </link>
    <thumbnail>https://image.tmdb.org/t/p/w1280//hmJ6aosiBNL3iaawYN6d8rUKnlG.jpg</thumbnail>
    <fanart>https://image.tmdb.org/t/p/w1280//1bASAsvjrnHc7x2zltgJkmoqnKq.jpg</fanart>
</item>
<item>
    <title>Scent</title>
    <meta>
        <content>movie</content>
        <imdb>tt4089412</imdb>
        <title>Scent</title>
        <year>2014</year>
    </meta>
    <link>
        <sublink>search</sublink>
        <sublink>searchsd</sublink>
    </link>
    <thumbnail>https://image.tmdb.org/t/p/w1280//3APC28fVHvSNUJVSVYIggbv1RzO.jpg</thumbnail>
    <fanart>https://image.tmdb.org/t/p/w1280//yhGfKR5xzhMYkIktxa5bjTm3jYD.jpg</fanart>
</item>
<dir>
    <title>Next Page >></title>
    <trakt>https://api.trakt.tv/users/bentkatu/lists/2014/items?page=2</trakt>
    <summary>Go To Page 2</summary>
</dir>
