<item>
    <title>Crush (II) (2013)</title>
    <meta>
        <content>movie</content>
        <imdb>tt2093977</imdb>
        <title>Crush</title>
        <year>II 2013</year>
    </meta>
    <link>
        <sublink>search</sublink>
        <sublink>searchsd</sublink>
    </link>
    <thumbnail>https://image.tmdb.org/t/p/w1280/WFpNTahufxHt6duGrpCyyikzUz.jpg</thumbnail>
    <fanart>https://image.tmdb.org/t/p/w1280/cWtKEIF5Ax5ebPbqnan2a5ZqoWG.jpg</fanart>
</item>
<item>
    <title>Mermaid Chronicles Part 1: She Creature (2001 TV Movie)</title>
    <meta>
        <content>movie</content>
        <imdb>tt0274659</imdb>
        <title>Mermaid Chronicles Part 1: She Creature</title>
        <year>2001 TV Movie</year>
    </meta>
    <link>
        <sublink>search</sublink>
        <sublink>searchsd</sublink>
    </link>
    <thumbnail>https://image.tmdb.org/t/p/w1280/pfgs9TXOCCsaLDEAQlnpxMBDz94.jpg</thumbnail>
    <fanart>https://image.tmdb.org/t/p/w1280/xVdXOqYIOstA7RWRmwdCpRXYAlW.jpg</fanart>
</item>
<item>
    <title>Like Minds (2006)</title>
    <meta>
        <content>movie</content>
        <imdb>tt0425196</imdb>
        <title>Like Minds</title>
        <year>2006</year>
    </meta>
    <link>
        <sublink>search</sublink>
        <sublink>searchsd</sublink>
    </link>
    <thumbnail>https://image.tmdb.org/t/p/w1280/8PrNqUwC7S8jiwTcOCc0PWapz6l.jpg</thumbnail>
    <fanart>https://image.tmdb.org/t/p/w1280/bveTbP0KKaE9teapGMadw3YhMRu.jpg</fanart>
</item>
<item>
    <title>Sublime (2007 Video)</title>
    <meta>
        <content>movie</content>
        <imdb>tt0822858</imdb>
        <title>Sublime</title>
        <year>2007 Video</year>
    </meta>
    <link>
        <sublink>search</sublink>
        <sublink>searchsd</sublink>
    </link>
    <thumbnail>https://image.tmdb.org/t/p/w1280/miyYo6yOHAfXlS0ORXLxeXcTeVq.jpg</thumbnail>
    <fanart>https://image.tmdb.org/t/p/w1280/cmg8DEexrFWiQS9AN60CCstTvTl.jpg</fanart>
</item>
<item>
    <title>Madhouse (2004)</title>
    <meta>
        <content>movie</content>
        <imdb>tt0363276</imdb>
        <title>Madhouse</title>
        <year>2004</year>
    </meta>
    <link>
        <sublink>search</sublink>
        <sublink>searchsd</sublink>
    </link>
    <thumbnail>https://image.tmdb.org/t/p/w1280/wEVNTUl8Uc5tht3BCVAzhuB5TiD.jpg</thumbnail>
    <fanart>https://image.tmdb.org/t/p/w1280/fpQdWoWPbFoAsHzo64y6cQY1zwQ.jpg</fanart>
</item>
<item>
    <title>Skjult (2009)</title>
    <meta>
        <content>movie</content>
        <imdb>tt1347007</imdb>
        <title>Skjult</title>
        <year>2009</year>
    </meta>
    <link>
        <sublink>search</sublink>
        <sublink>searchsd</sublink>
    </link>
    <thumbnail>https://image.tmdb.org/t/p/w1280/6Cjo4CHELJTtC3mtNbIWDr9LoNN.jpg</thumbnail>
    <fanart>https://image.tmdb.org/t/p/w1280/fm4pvKurNu5xVNxdrL492aHocez.jpg</fanart>
</item>
<item>
    <title>Livide (2011)</title>
    <meta>
        <content>movie</content>
        <imdb>tt1727516</imdb>
        <title>Livide</title>
        <year>2011</year>
    </meta>
    <link>
        <sublink>search</sublink>
        <sublink>searchsd</sublink>
    </link>
    <thumbnail>https://image.tmdb.org/t/p/w1280/yiTvnlBDgUmGK26WYftZ930U3Zo.jpg</thumbnail>
    <fanart>https://image.tmdb.org/t/p/w1280/pUN6hCe8gUaZdF9oV1sskzbb2b4.jpg</fanart>
</item>
<item>
    <title>Citadel (I) (2012)</title>
    <meta>
        <content>movie</content>
        <imdb>tt1641975</imdb>
        <title>Citadel</title>
        <year>I 2012</year>
    </meta>
    <link>
        <sublink>search</sublink>
        <sublink>searchsd</sublink>
    </link>
    <thumbnail>https://image.tmdb.org/t/p/w1280/275Ri3oRoi0HRX8OFKF4QewQu4g.jpg</thumbnail>
    <fanart>https://image.tmdb.org/t/p/w1280/ydOnw3JaT4G7nlOZmWJk6qCTUUN.jpg</fanart>
</item>
<item>
    <title>Absentia (I) (2011)</title>
    <meta>
        <content>movie</content>
        <imdb>tt1610996</imdb>
        <title>Absentia</title>
        <year>I 2011</year>
    </meta>
    <link>
        <sublink>search</sublink>
        <sublink>searchsd</sublink>
    </link>
    <thumbnail>https://image.tmdb.org/t/p/w1280/pj7aP0kN787m6uYT03fmoT08dwW.jpg</thumbnail>
    <fanart>https://image.tmdb.org/t/p/w1280/5tU6uHzBTyvHDC6DEhfsGi9AbIY.jpg</fanart>
</item>
<item>
    <title>The Watcher in the Woods (1980)</title>
    <meta>
        <content>movie</content>
        <imdb>tt0081738</imdb>
        <title>The Watcher in the Woods</title>
        <year>1980</year>
    </meta>
    <link>
        <sublink>search</sublink>
        <sublink>searchsd</sublink>
    </link>
    <thumbnail>https://image.tmdb.org/t/p/w1280/1mRLqyUxrV6F90JncmuGJPIkDJg.jpg</thumbnail>
    <fanart>https://image.tmdb.org/t/p/w1280/gKPRScPWrc40vaB03yVuHAPEY7T.jpg</fanart>
</item>
<item>
    <title>Frxc3xa1giles (2005)</title>
    <meta>
        <content>movie</content>
        <imdb>tt0422272</imdb>
        <title>Frxc3xa1giles</title>
        <year>2005</year>
    </meta>
    <link>
        <sublink>search</sublink>
        <sublink>searchsd</sublink>
    </link>
    <thumbnail>https://image.tmdb.org/t/p/w1280/zNjjrfbI3gb1FcRPmr9FZX1zyrI.jpg</thumbnail>
    <fanart>https://image.tmdb.org/t/p/w1280/mU8PPtrSfkZ86t6ESi0uJTnM4yX.jpg</fanart>
</item>
<item>
    <title>Magic (1978)</title>
    <meta>
        <content>movie</content>
        <imdb>tt0077889</imdb>
        <title>Magic</title>
        <year>1978</year>
    </meta>
    <link>
        <sublink>search</sublink>
        <sublink>searchsd</sublink>
    </link>
    <thumbnail>https://image.tmdb.org/t/p/w1280/aBV4nzmQeTfV3tPF62Yl8yEwcuw.jpg</thumbnail>
    <fanart>https://image.tmdb.org/t/p/w1280/8GYIq488JiR59hzODpSLWonMizf.jpg</fanart>
</item>
<item>
    <title>The Hallow (2015)</title>
    <meta>
        <content>movie</content>
        <imdb>tt2474976</imdb>
        <title>The Hallow</title>
        <year>2015</year>
    </meta>
    <link>
        <sublink>search</sublink>
        <sublink>searchsd</sublink>
    </link>
    <thumbnail>https://image.tmdb.org/t/p/w1280/fTkS0EuaCFefCeP1gBSRHYsaSKY.jpg</thumbnail>
    <fanart>https://image.tmdb.org/t/p/w1280/4IuHZFDUCmyxdf7JaF9oRqhTC9M.jpg</fanart>
</item>
<item>
    <title>Under the Bed (I) (2012)</title>
    <meta>
        <content>movie</content>
        <imdb>tt1934458</imdb>
        <title>Under the Bed</title>
        <year>I 2012</year>
    </meta>
    <link>
        <sublink>search</sublink>
        <sublink>searchsd</sublink>
    </link>
    <thumbnail>https://image.tmdb.org/t/p/w1280/4spNXOJTChP8VsGLYrhBUKo0VGD.jpg</thumbnail>
    <fanart>https://image.tmdb.org/t/p/w1280/q4rwTkOFklmcL1ZvKCTHNw0I2u.jpg</fanart>
</item>
<item>
    <title>Howl (I) (2015)</title>
    <meta>
        <content>movie</content>
        <imdb>tt2393827</imdb>
        <title>Howl</title>
        <year>I 2015</year>
    </meta>
    <link>
        <sublink>search</sublink>
        <sublink>searchsd</sublink>
    </link>
    <thumbnail>https://image.tmdb.org/t/p/w1280/sGEOC8x0lXSlIV4hoIZjnOnze9e.jpg</thumbnail>
    <fanart>https://image.tmdb.org/t/p/w1280/f6zcd6ZVviZnCdjqdtZtWKTNDDM.jpg</fanart>
</item>
<item>
    <title>The Final Girls (2015)</title>
    <meta>
        <content>movie</content>
        <imdb>tt2118624</imdb>
        <title>The Final Girls</title>
        <year>2015</year>
    </meta>
    <link>
        <sublink>search</sublink>
        <sublink>searchsd</sublink>
    </link>
    <thumbnail>https://image.tmdb.org/t/p/w1280/l9Ub29ZLm9He2wTxdN5nkSbrFzv.jpg</thumbnail>
    <fanart>https://image.tmdb.org/t/p/w1280/cWfC9EzsRdmz6IhtkGRhOqMfmep.jpg</fanart>
</item>
<item>
    <title>Hidden (I) (2015)</title>
    <meta>
        <content>movie</content>
        <imdb>tt2131532</imdb>
        <title>Hidden</title>
        <year>I 2015</year>
    </meta>
    <link>
        <sublink>search</sublink>
        <sublink>searchsd</sublink>
    </link>
    <thumbnail>https://image.tmdb.org/t/p/w1280/iyqwK3UU1KHR9Ey5tw5amRhSRXJ.jpg</thumbnail>
    <fanart>https://image.tmdb.org/t/p/w1280/884cFOB5jgJXdRMqMMY7inGuxkv.jpg</fanart>
</item>
<item>
    <title>Extinction (2015)</title>
    <meta>
        <content>movie</content>
        <imdb>tt3467412</imdb>
        <title>Extinction</title>
        <year>2015</year>
    </meta>
    <link>
        <sublink>search</sublink>
        <sublink>searchsd</sublink>
    </link>
    <thumbnail>https://image.tmdb.org/t/p/w1280/xEoleA3nm71cE7wiu4IXfk7yH8K.jpg</thumbnail>
    <fanart>https://image.tmdb.org/t/p/w1280/uZVs1cX00LBKcLMWrmCsZznCuGu.jpg</fanart>
</item>
<item>
    <title>Last Shift (I) (2014)</title>
    <meta>
        <content>movie</content>
        <imdb>tt2965466</imdb>
        <title>Last Shift</title>
        <year>I 2014</year>
    </meta>
    <link>
        <sublink>search</sublink>
        <sublink>searchsd</sublink>
    </link>
    <thumbnail>https://image.tmdb.org/t/p/w1280/fBrUODXYBb3lUoitnBzGz81Bo2D.jpg</thumbnail>
    <fanart>https://image.tmdb.org/t/p/w1280/pNfgVf5tgqDpycbQwMgt9OZK685.jpg</fanart>
</item>
<item>
    <title>The Woman (I) (2011)</title>
    <meta>
        <content>movie</content>
        <imdb>tt1714208</imdb>
        <title>The Woman</title>
        <year>I 2011</year>
    </meta>
    <link>
        <sublink>search</sublink>
        <sublink>searchsd</sublink>
    </link>
    <thumbnail>https://image.tmdb.org/t/p/w1280/uLH2rtHFJatxbXtUZfBhP8pJmGu.jpg</thumbnail>
    <fanart>https://image.tmdb.org/t/p/w1280/vrQUd5yjD86aGyc2AFPBKnHpJ7g.jpg</fanart>
</item>
<item>
    <title>Ravenous (1999)</title>
    <meta>
        <content>movie</content>
        <imdb>tt0129332</imdb>
        <title>Ravenous</title>
        <year>1999</year>
    </meta>
    <link>
        <sublink>search</sublink>
        <sublink>searchsd</sublink>
    </link>
    <thumbnail>https://image.tmdb.org/t/p/w1280/spwvStEA4CraTXPOcONrDzncXOZ.jpg</thumbnail>
    <fanart>https://image.tmdb.org/t/p/w1280/tG7ydFmDr2Y1kecUCM6foFxmJjP.jpg</fanart>
</item>
<item>
    <title>Pay the Ghost (2015)</title>
    <meta>
        <content>movie</content>
        <imdb>tt3733778</imdb>
        <title>Pay the Ghost</title>
        <year>2015</year>
    </meta>
    <link>
        <sublink>search</sublink>
        <sublink>searchsd</sublink>
    </link>
    <thumbnail>https://image.tmdb.org/t/p/w1280/3ZeaXFlRlZ3DzJ61akU2VotU80X.jpg</thumbnail>
    <fanart>https://image.tmdb.org/t/p/w1280/lvh2xcHGdSPRCF3kxzLO4WaE13o.jpg</fanart>
</item>
<item>
    <title>The Relic (1997)</title>
    <meta>
        <content>movie</content>
        <imdb>tt0120004</imdb>
        <title>The Relic</title>
        <year>1997</year>
    </meta>
    <link>
        <sublink>search</sublink>
        <sublink>searchsd</sublink>
    </link>
    <thumbnail>https://image.tmdb.org/t/p/w1280/jD853TWyJYuksMldrFWaXMovRg0.jpg</thumbnail>
    <fanart>https://image.tmdb.org/t/p/w1280/8z4rzmprxL4Pn0q2QuE8QKQqB8a.jpg</fanart>
</item>
<item>
    <title>Amusement (2008)</title>
    <meta>
        <content>movie</content>
        <imdb>tt0476958</imdb>
        <title>Amusement</title>
        <year>2008</year>
    </meta>
    <link>
        <sublink>search</sublink>
        <sublink>searchsd</sublink>
    </link>
    <thumbnail>https://image.tmdb.org/t/p/w1280/ju3UjETnNKBLsnYCzp3PYkWY5ZZ.jpg</thumbnail>
    <fanart>https://image.tmdb.org/t/p/w1280/4mI7IcoamkKfyJMDUYZuIPhYBCg.jpg</fanart>
</item>
<item>
    <title>The Deaths of Ian Stone (2007)</title>
    <meta>
        <content>movie</content>
        <imdb>tt0810823</imdb>
        <title>The Deaths of Ian Stone</title>
        <year>2007</year>
    </meta>
    <link>
        <sublink>search</sublink>
        <sublink>searchsd</sublink>
    </link>
    <thumbnail>https://image.tmdb.org/t/p/w1280/vAxpHHougKWVM48RbsjfV8aHNMp.jpg</thumbnail>
    <fanart>https://image.tmdb.org/t/p/w1280/wbQoifWS2faxpFqPFlTBg87SsXC.jpg</fanart>
</item>
<item>
    <title>Dagon (2001)</title>
    <meta>
        <content>movie</content>
        <imdb>tt0264508</imdb>
        <title>Dagon</title>
        <year>2001</year>
    </meta>
    <link>
        <sublink>search</sublink>
        <sublink>searchsd</sublink>
    </link>
    <thumbnail>https://image.tmdb.org/t/p/w1280/gsR5VEANjQI1Cl7GMRpnH7Cv0zi.jpg</thumbnail>
    <fanart>https://image.tmdb.org/t/p/w1280/ukaTVB2RFnZ6OeqoCSfltX1qOBN.jpg</fanart>
</item>
<item>
    <title>Unrest (I) (2006)</title>
    <meta>
        <content>movie</content>
        <imdb>tt0453533</imdb>
        <title>Unrest</title>
        <year>I 2006</year>
    </meta>
    <link>
        <sublink>search</sublink>
        <sublink>searchsd</sublink>
    </link>
    <thumbnail>https://image.tmdb.org/t/p/w1280/rMHBu4GryA0SPJcG3kjL3kvzaqT.jpg</thumbnail>
    <fanart>https://image.tmdb.org/t/p/w1280/bBXu1KXeXBANsc8Cc6D6Cu9mzaK.jpg</fanart>
</item>
<item>
    <title>From Within (2008)</title>
    <meta>
        <content>movie</content>
        <imdb>tt1063056</imdb>
        <title>From Within</title>
        <year>2008</year>
    </meta>
    <link>
        <sublink>search</sublink>
        <sublink>searchsd</sublink>
    </link>
    <thumbnail>https://image.tmdb.org/t/p/w1280/kNpzqu87o2bwr3lQ7h3mWz7sloc.jpg</thumbnail>
    <fanart>https://image.tmdb.org/t/p/w1280/6thZ9dpsBa6FU9toRrAGkFoH83u.jpg</fanart>
</item>
<item>
    <title>Altar (2014)</title>
    <meta>
        <content>movie</content>
        <imdb>tt3484800</imdb>
        <title>Altar</title>
        <year>2014</year>
    </meta>
    <link>
        <sublink>search</sublink>
        <sublink>searchsd</sublink>
    </link>
    <thumbnail>https://image.tmdb.org/t/p/w1280/y6aB7jQpz5KPEB5gFqabyPlwhgU.jpg</thumbnail>
    <fanart>https://image.tmdb.org/t/p/w1280/25SjMoNyDRmBUWx2PA5gMKfBiTd.jpg</fanart>
</item>
<item>
    <title>The Entity (1982)</title>
    <meta>
        <content>movie</content>
        <imdb>tt0082334</imdb>
        <title>The Entity</title>
        <year>1982</year>
    </meta>
    <link>
        <sublink>search</sublink>
        <sublink>searchsd</sublink>
    </link>
    <thumbnail>https://image.tmdb.org/t/p/w1280/shESiPSMap1lITPt5dWXuWigRSG.jpg</thumbnail>
    <fanart>https://image.tmdb.org/t/p/w1280/9pDEitMiB9Xyt6i2cEOTe3E07JF.jpg</fanart>
</item>
<item>
    <title>The Night Flier (1997)</title>
    <meta>
        <content>movie</content>
        <imdb>tt0119784</imdb>
        <title>The Night Flier</title>
        <year>1997</year>
    </meta>
    <link>
        <sublink>search</sublink>
        <sublink>searchsd</sublink>
    </link>
    <thumbnail>https://image.tmdb.org/t/p/w1280/s50uysCw1US4JpeWwAJ8PhXbAEW.jpg</thumbnail>
    <fanart>https://image.tmdb.org/t/p/w1280/bSMCOd2ySz3cfPy6KZvL7UovdBO.jpg</fanart>
</item>
<item>
    <title>Burning Bright (2010)</title>
    <meta>
        <content>movie</content>
        <imdb>tt1244658</imdb>
        <title>Burning Bright</title>
        <year>2010</year>
    </meta>
    <link>
        <sublink>search</sublink>
        <sublink>searchsd</sublink>
    </link>
    <thumbnail>https://image.tmdb.org/t/p/w1280/boLSX8XzkTnOecD0JU6YxhD6RjQ.jpg</thumbnail>
    <fanart>https://image.tmdb.org/t/p/w1280/tpevhryhrcSWdb8DOevQMnCh5Ct.jpg</fanart>
</item>
<item>
    <title>Primal (2010)</title>
    <meta>
        <content>movie</content>
        <imdb>tt1438534</imdb>
        <title>Primal</title>
        <year>2010</year>
    </meta>
    <link>
        <sublink>search</sublink>
        <sublink>searchsd</sublink>
    </link>
    <thumbnail>https://image.tmdb.org/t/p/w1280/4ZLxPg0mRmmEzR3V4pbJwqEKqov.jpg</thumbnail>
    <fanart>https://image.tmdb.org/t/p/w1280/6YzZApfs08YYd4EKYPrJVdyg5yE.jpg</fanart>
</item>
<item>
    <title>The Haunting of Helena (2012)</title>
    <meta>
        <content>movie</content>
        <imdb>tt2378191</imdb>
        <title>The Haunting of Helena</title>
        <year>2012</year>
    </meta>
    <link>
        <sublink>search</sublink>
        <sublink>searchsd</sublink>
    </link>
    <thumbnail>https://image.tmdb.org/t/p/w1280/stuCPvmvnM9CfVARU4ts0LVEwqt.jpg</thumbnail>
    <fanart>https://image.tmdb.org/t/p/w1280/tdVjWJZglcTBFBvQA7DB3ulz4sD.jpg</fanart>
</item>
<item>
    <title>Neverlake (2013)</title>
    <meta>
        <content>movie</content>
        <imdb>tt3301196</imdb>
        <title>Neverlake</title>
        <year>2013</year>
    </meta>
    <link>
        <sublink>search</sublink>
        <sublink>searchsd</sublink>
    </link>
    <thumbnail>https://image.tmdb.org/t/p/w1280/lOPHcbTpXfdNAz05NAQmhKzArrw.jpg</thumbnail>
    <fanart>https://image.tmdb.org/t/p/w1280/yoTmXFsXS83AX0nUw4c0s28CYw8.jpg</fanart>
</item>
<item>
    <title>Bound to Vengeance (2015)</title>
    <meta>
        <content>movie</content>
        <imdb>tt1230213</imdb>
        <title>Bound to Vengeance</title>
        <year>2015</year>
    </meta>
    <link>
        <sublink>search</sublink>
        <sublink>searchsd</sublink>
    </link>
    <thumbnail>https://image.tmdb.org/t/p/w1280/i10TBdHpX0e7CC2eDM5xUitmmGY.jpg</thumbnail>
    <fanart>https://image.tmdb.org/t/p/w1280/qfZd3oZSTFa103e3cGd1rewHcNJ.jpg</fanart>
</item>
<item>
    <title>Barricade (2012)</title>
    <meta>
        <content>movie</content>
        <imdb>tt1861279</imdb>
        <title>Barricade</title>
        <year>2012</year>
    </meta>
    <link>
        <sublink>search</sublink>
        <sublink>searchsd</sublink>
    </link>
    <thumbnail>https://image.tmdb.org/t/p/w1280/sjJWtDYyUdJ5jyZTmV5CYSSsPDH.jpg</thumbnail>
    <fanart>https://image.tmdb.org/t/p/w1280/zFmwc5YN03nU6W4bXwYrZyP1UBV.jpg</fanart>
</item>
<item>
    <title>Isolation (2005)</title>
    <meta>
        <content>movie</content>
        <imdb>tt0446719</imdb>
        <title>Isolation</title>
        <year>2005</year>
    </meta>
    <link>
        <sublink>search</sublink>
        <sublink>searchsd</sublink>
    </link>
    <thumbnail>https://image.tmdb.org/t/p/w1280/2BUV4sw6xBAfdBp4XowwWnf8XnR.jpg</thumbnail>
    <fanart>https://image.tmdb.org/t/p/w1280/ilhxNZplLP0sVp1lxYy0WXuEoJC.jpg</fanart>
</item>
<item>
    <title>From the Dark (2014)</title>
    <meta>
        <content>movie</content>
        <imdb>tt4030442</imdb>
        <title>From the Dark</title>
        <year>2014</year>
    </meta>
    <link>
        <sublink>search</sublink>
        <sublink>searchsd</sublink>
    </link>
    <thumbnail>https://image.tmdb.org/t/p/w1280/5jzjggFXBTtZvLaTFF0MhuxB3XP.jpg</thumbnail>
    <fanart>https://image.tmdb.org/t/p/w1280/petxWQL6kATwLGb8gqyYPpQaUoi.jpg</fanart>
</item>
<item>
    <title>Creep (I) (2014)</title>
    <meta>
        <content>movie</content>
        <imdb>tt2428170</imdb>
        <title>Creep</title>
        <year>I 2014</year>
    </meta>
    <link>
        <sublink>search</sublink>
        <sublink>searchsd</sublink>
    </link>
    <thumbnail>https://image.tmdb.org/t/p/w1280/nJDvKttufhPR4lfjp8jDZRbIfVh.jpg</thumbnail>
    <fanart>https://image.tmdb.org/t/p/w1280/2MUnA1TvZU64qL5pfSYbOBGWMch.jpg</fanart>
</item>
<item>
    <title>The Awakening (I) (2011)</title>
    <meta>
        <content>movie</content>
        <imdb>tt1687901</imdb>
        <title>The Awakening</title>
        <year>I 2011</year>
    </meta>
    <link>
        <sublink>search</sublink>
        <sublink>searchsd</sublink>
    </link>
    <thumbnail>https://image.tmdb.org/t/p/w1280none</thumbnail>
    <fanart>https://image.tmdb.org/t/p/w1280none</fanart>
</item>
<item>
    <title>Beneath (2007)</title>
    <meta>
        <content>movie</content>
        <imdb>tt0467167</imdb>
        <title>Beneath</title>
        <year>2007</year>
    </meta>
    <link>
        <sublink>search</sublink>
        <sublink>searchsd</sublink>
    </link>
    <thumbnail>https://image.tmdb.org/t/p/w1280none</thumbnail>
    <fanart>https://image.tmdb.org/t/p/w1280none</fanart>
</item>
<item>
    <title>Come Back to Me (2014)</title>
    <meta>
        <content>movie</content>
        <imdb>tt2551396</imdb>
        <title>Come Back to Me</title>
        <year>2014</year>
    </meta>
    <link>
        <sublink>search</sublink>
        <sublink>searchsd</sublink>
    </link>
    <thumbnail>https://image.tmdb.org/t/p/w1280none</thumbnail>
    <fanart>https://image.tmdb.org/t/p/w1280none</fanart>
</item>
<item>
    <title>The Blood Lands (2014)</title>
    <meta>
        <content>movie</content>
        <imdb>tt2883352</imdb>
        <title>The Blood Lands</title>
        <year>2014</year>
    </meta>
    <link>
        <sublink>search</sublink>
        <sublink>searchsd</sublink>
    </link>
    <thumbnail>https://image.tmdb.org/t/p/w1280none</thumbnail>
    <fanart>https://image.tmdb.org/t/p/w1280none</fanart>
</item>
<item>
    <title>Catacombs (2007)</title>
    <meta>
        <content>movie</content>
        <imdb>tt0449471</imdb>
        <title>Catacombs</title>
        <year>2007</year>
    </meta>
    <link>
        <sublink>search</sublink>
        <sublink>searchsd</sublink>
    </link>
    <thumbnail>https://image.tmdb.org/t/p/w1280none</thumbnail>
    <fanart>https://image.tmdb.org/t/p/w1280none</fanart>
</item>
<item>
    <title>Deadline (I) (2009)</title>
    <meta>
        <content>movie</content>
        <imdb>tt1242618</imdb>
        <title>Deadline</title>
        <year>I 2009</year>
    </meta>
    <link>
        <sublink>search</sublink>
        <sublink>searchsd</sublink>
    </link>
    <thumbnail>https://image.tmdb.org/t/p/w1280none</thumbnail>
    <fanart>https://image.tmdb.org/t/p/w1280none</fanart>
</item>
<item>
    <title>Fear of the Dark (2003)</title>
    <meta>
        <content>movie</content>
        <imdb>tt0308252</imdb>
        <title>Fear of the Dark</title>
        <year>2003</year>
    </meta>
    <link>
        <sublink>search</sublink>
        <sublink>searchsd</sublink>
    </link>
    <thumbnail>https://image.tmdb.org/t/p/w1280none</thumbnail>
    <fanart>https://image.tmdb.org/t/p/w1280none</fanart>
</item>
<item>
    <title>Mischief Night (2013)</title>
    <meta>
        <content>movie</content>
        <imdb>tt2872810</imdb>
        <title>Mischief Night</title>
        <year>2013</year>
    </meta>
    <link>
        <sublink>search</sublink>
        <sublink>searchsd</sublink>
    </link>
    <thumbnail>https://image.tmdb.org/t/p/w1280none</thumbnail>
    <fanart>https://image.tmdb.org/t/p/w1280none</fanart>
</item>
<item>
    <title>Clownhouse (1989)</title>
    <meta>
        <content>movie</content>
        <imdb>tt0094886</imdb>
        <title>Clownhouse</title>
        <year>1989</year>
    </meta>
    <link>
        <sublink>search</sublink>
        <sublink>searchsd</sublink>
    </link>
    <thumbnail>https://image.tmdb.org/t/p/w1280none</thumbnail>
    <fanart>https://image.tmdb.org/t/p/w1280none</fanart>
</item>
<item>
    <title>My Bloody Valentine (1981)</title>
    <meta>
        <content>movie</content>
        <imdb>tt0082782</imdb>
        <title>My Bloody Valentine</title>
        <year>1981</year>
    </meta>
    <link>
        <sublink>search</sublink>
        <sublink>searchsd</sublink>
    </link>
    <thumbnail>https://image.tmdb.org/t/p/w1280none</thumbnail>
    <fanart>https://image.tmdb.org/t/p/w1280none</fanart>
</item>
<item>
    <title>Session 9 (2001)</title>
    <meta>
        <content>movie</content>
        <imdb>tt0261983</imdb>
        <title>Session 9</title>
        <year>2001</year>
    </meta>
    <link>
        <sublink>search</sublink>
        <sublink>searchsd</sublink>
    </link>
    <thumbnail>https://image.tmdb.org/t/p/w1280none</thumbnail>
    <fanart>https://image.tmdb.org/t/p/w1280none</fanart>
</item>
<item>
    <title>Echoes (I) (2014)</title>
    <meta>
        <content>movie</content>
        <imdb>tt3033948</imdb>
        <title>Echoes</title>
        <year>I 2014</year>
    </meta>
    <link>
        <sublink>search</sublink>
        <sublink>searchsd</sublink>
    </link>
    <thumbnail>https://image.tmdb.org/t/p/w1280none</thumbnail>
    <fanart>https://image.tmdb.org/t/p/w1280none</fanart>
</item>
<item>
    <title>The Harvest (I) (2013)</title>
    <meta>
        <content>movie</content>
        <imdb>tt2543336</imdb>
        <title>The Harvest</title>
        <year>I 2013</year>
    </meta>
    <link>
        <sublink>search</sublink>
        <sublink>searchsd</sublink>
    </link>
    <thumbnail>https://image.tmdb.org/t/p/w1280none</thumbnail>
    <fanart>https://image.tmdb.org/t/p/w1280none</fanart>
</item>
<item>
    <title>Demonic (2015)</title>
    <meta>
        <content>movie</content>
        <imdb>tt1841642</imdb>
        <title>Demonic</title>
        <year>2015</year>
    </meta>
    <link>
        <sublink>search</sublink>
        <sublink>searchsd</sublink>
    </link>
    <thumbnail>https://image.tmdb.org/t/p/w1280none</thumbnail>
    <fanart>https://image.tmdb.org/t/p/w1280none</fanart>
</item>
<item>
    <title>Nightlight (I) (2015)</title>
    <meta>
        <content>movie</content>
        <imdb>tt2236160</imdb>
        <title>Nightlight</title>
        <year>I 2015</year>
    </meta>
    <link>
        <sublink>search</sublink>
        <sublink>searchsd</sublink>
    </link>
    <thumbnail>https://image.tmdb.org/t/p/w1280none</thumbnail>
    <fanart>https://image.tmdb.org/t/p/w1280none</fanart>
</item>
<item>
    <title>Spring (I) (2014)</title>
    <meta>
        <content>movie</content>
        <imdb>tt3395184</imdb>
        <title>Spring</title>
        <year>I 2014</year>
    </meta>
    <link>
        <sublink>search</sublink>
        <sublink>searchsd</sublink>
    </link>
    <thumbnail>https://image.tmdb.org/t/p/w1280none</thumbnail>
    <fanart>https://image.tmdb.org/t/p/w1280none</fanart>
</item>
<item>
    <title>Backcountry (I) (2014)</title>
    <meta>
        <content>movie</content>
        <imdb>tt2944198</imdb>
        <title>Backcountry</title>
        <year>I 2014</year>
    </meta>
    <link>
        <sublink>search</sublink>
        <sublink>searchsd</sublink>
    </link>
    <thumbnail>https://image.tmdb.org/t/p/w1280none</thumbnail>
    <fanart>https://image.tmdb.org/t/p/w1280none</fanart>
</item>
<item>
    <title>Clown (2014)</title>
    <meta>
        <content>movie</content>
        <imdb>tt1780798</imdb>
        <title>Clown</title>
        <year>2014</year>
    </meta>
    <link>
        <sublink>search</sublink>
        <sublink>searchsd</sublink>
    </link>
    <thumbnail>https://image.tmdb.org/t/p/w1280none</thumbnail>
    <fanart>https://image.tmdb.org/t/p/w1280none</fanart>
</item>
<item>
    <title>The Pyramid (2014)</title>
    <meta>
        <content>movie</content>
        <imdb>tt2799166</imdb>
        <title>The Pyramid</title>
        <year>2014</year>
    </meta>
    <link>
        <sublink>search</sublink>
        <sublink>searchsd</sublink>
    </link>
    <thumbnail>https://image.tmdb.org/t/p/w1280none</thumbnail>
    <fanart>https://image.tmdb.org/t/p/w1280none</fanart>
</item>
<item>
    <title>Poker Night (I) (2014)</title>
    <meta>
        <content>movie</content>
        <imdb>tt2548208</imdb>
        <title>Poker Night</title>
        <year>I 2014</year>
    </meta>
    <link>
        <sublink>search</sublink>
        <sublink>searchsd</sublink>
    </link>
    <thumbnail>https://image.tmdb.org/t/p/w1280none</thumbnail>
    <fanart>https://image.tmdb.org/t/p/w1280none</fanart>
</item>
<item>
    <title>Out of the Dark (2014)</title>
    <meta>
        <content>movie</content>
        <imdb>tt2872724</imdb>
        <title>Out of the Dark</title>
        <year>2014</year>
    </meta>
    <link>
        <sublink>search</sublink>
        <sublink>searchsd</sublink>
    </link>
    <thumbnail>https://image.tmdb.org/t/p/w1280none</thumbnail>
    <fanart>https://image.tmdb.org/t/p/w1280none</fanart>
</item>
<item>
    <title>Dark Summer (2015)</title>
    <meta>
        <content>movie</content>
        <imdb>tt2910508</imdb>
        <title>Dark Summer</title>
        <year>2015</year>
    </meta>
    <link>
        <sublink>search</sublink>
        <sublink>searchsd</sublink>
    </link>
    <thumbnail>https://image.tmdb.org/t/p/w1280none</thumbnail>
    <fanart>https://image.tmdb.org/t/p/w1280none</fanart>
</item>
<item>
    <title>Patrick (2013)</title>
    <meta>
        <content>movie</content>
        <imdb>tt2147459</imdb>
        <title>Patrick</title>
        <year>2013</year>
    </meta>
    <link>
        <sublink>search</sublink>
        <sublink>searchsd</sublink>
    </link>
    <thumbnail>https://image.tmdb.org/t/p/w1280none</thumbnail>
    <fanart>https://image.tmdb.org/t/p/w1280none</fanart>
</item>
<item>
    <title>Wilderness (I) (2006)</title>
    <meta>
        <content>movie</content>
        <imdb>tt0465670</imdb>
        <title>Wilderness</title>
        <year>I 2006</year>
    </meta>
    <link>
        <sublink>search</sublink>
        <sublink>searchsd</sublink>
    </link>
    <thumbnail>https://image.tmdb.org/t/p/w1280none</thumbnail>
    <fanart>https://image.tmdb.org/t/p/w1280none</fanart>
</item>
<item>
    <title>Los cronocrxc3xadmenes (2007)</title>
    <meta>
        <content>movie</content>
        <imdb>tt0480669</imdb>
        <title>Los cronocrxc3xadmenes</title>
        <year>2007</year>
    </meta>
    <link>
        <sublink>search</sublink>
        <sublink>searchsd</sublink>
    </link>
    <thumbnail>https://image.tmdb.org/t/p/w1280none</thumbnail>
    <fanart>https://image.tmdb.org/t/p/w1280none</fanart>
</item>
<item>
    <title>Population 436 (2006 Video)</title>
    <meta>
        <content>movie</content>
        <imdb>tt0462482</imdb>
        <title>Population 436</title>
        <year>2006 Video</year>
    </meta>
    <link>
        <sublink>search</sublink>
        <sublink>searchsd</sublink>
    </link>
    <thumbnail>https://image.tmdb.org/t/p/w1280none</thumbnail>
    <fanart>https://image.tmdb.org/t/p/w1280none</fanart>
</item>
<item>
    <title>Mary Reilly (1996)</title>
    <meta>
        <content>movie</content>
        <imdb>tt0117002</imdb>
        <title>Mary Reilly</title>
        <year>1996</year>
    </meta>
    <link>
        <sublink>search</sublink>
        <sublink>searchsd</sublink>
    </link>
    <thumbnail>https://image.tmdb.org/t/p/w1280none</thumbnail>
    <fanart>https://image.tmdb.org/t/p/w1280none</fanart>
</item>
<item>
    <title>Grace (I) (2014)</title>
    <meta>
        <content>movie</content>
        <imdb>tt3068192</imdb>
        <title>Grace</title>
        <year>I 2014</year>
    </meta>
    <link>
        <sublink>search</sublink>
        <sublink>searchsd</sublink>
    </link>
    <thumbnail>https://image.tmdb.org/t/p/w1280none</thumbnail>
    <fanart>https://image.tmdb.org/t/p/w1280none</fanart>
</item>
<item>
    <title>The Taking of Deborah Logan (2014)</title>
    <meta>
        <content>movie</content>
        <imdb>tt3387648</imdb>
        <title>The Taking of Deborah Logan</title>
        <year>2014</year>
    </meta>
    <link>
        <sublink>search</sublink>
        <sublink>searchsd</sublink>
    </link>
    <thumbnail>https://image.tmdb.org/t/p/w1280none</thumbnail>
    <fanart>https://image.tmdb.org/t/p/w1280none</fanart>
</item>
<item>
    <title>Hollows Grove (2014)</title>
    <meta>
        <content>movie</content>
        <imdb>tt4026562</imdb>
        <title>Hollows Grove</title>
        <year>2014</year>
    </meta>
    <link>
        <sublink>search</sublink>
        <sublink>searchsd</sublink>
    </link>
    <thumbnail>https://image.tmdb.org/t/p/w1280none</thumbnail>
    <fanart>https://image.tmdb.org/t/p/w1280none</fanart>
</item>
<item>
    <title>Mercy (I) (2014)</title>
    <meta>
        <content>movie</content>
        <imdb>tt2481496</imdb>
        <title>Mercy</title>
        <year>I 2014</year>
    </meta>
    <link>
        <sublink>search</sublink>
        <sublink>searchsd</sublink>
    </link>
    <thumbnail>https://image.tmdb.org/t/p/w1280none</thumbnail>
    <fanart>https://image.tmdb.org/t/p/w1280none</fanart>
</item>
<item>
    <title>The Town That Dreaded Sundown (2014)</title>
    <meta>
        <content>movie</content>
        <imdb>tt2561546</imdb>
        <title>The Town That Dreaded Sundown</title>
        <year>2014</year>
    </meta>
    <link>
        <sublink>search</sublink>
        <sublink>searchsd</sublink>
    </link>
    <thumbnail>https://image.tmdb.org/t/p/w1280none</thumbnail>
    <fanart>https://image.tmdb.org/t/p/w1280none</fanart>
</item>
<item>
    <title>The Houses October Built (2014)</title>
    <meta>
        <content>movie</content>
        <imdb>tt1958043</imdb>
        <title>The Houses October Built</title>
        <year>2014</year>
    </meta>
    <link>
        <sublink>search</sublink>
        <sublink>searchsd</sublink>
    </link>
    <thumbnail>https://image.tmdb.org/t/p/w1280none</thumbnail>
    <fanart>https://image.tmdb.org/t/p/w1280none</fanart>
</item>
<item>
    <title>The Canal (2014)</title>
    <meta>
        <content>movie</content>
        <imdb>tt2517658</imdb>
        <title>The Canal</title>
        <year>2014</year>
    </meta>
    <link>
        <sublink>search</sublink>
        <sublink>searchsd</sublink>
    </link>
    <thumbnail>https://image.tmdb.org/t/p/w1280/qfEykPXchXot1lcRdo7thz1wZOI.jpg</thumbnail>
    <fanart>https://image.tmdb.org/t/p/w1280/tOSXbzvyfBhDKq5rSZ4sjzjHurV.jpg</fanart>
</item>
<item>
    <title>Dread (2009)</title>
    <meta>
        <content>movie</content>
        <imdb>tt1331307</imdb>
        <title>Dread</title>
        <year>2009</year>
    </meta>
    <link>
        <sublink>search</sublink>
        <sublink>searchsd</sublink>
    </link>
    <thumbnail>https://image.tmdb.org/t/p/w1280/6W3d0ZruFVlJpen27xSoAmx0GuO.jpg</thumbnail>
    <fanart>https://image.tmdb.org/t/p/w1280/AmDM8b4dwZaWofPsQS3cT1fmK44.jpg</fanart>
</item>
<item>
    <title>Kristy (2014)</title>
    <meta>
        <content>movie</content>
        <imdb>tt2027136</imdb>
        <title>Kristy</title>
        <year>2014</year>
    </meta>
    <link>
        <sublink>search</sublink>
        <sublink>searchsd</sublink>
    </link>
    <thumbnail>https://image.tmdb.org/t/p/w1280/CO7bFrtiirBpXOamTfzvZQYtUV.jpg</thumbnail>
    <fanart>https://image.tmdb.org/t/p/w1280/36C7CQUkutFocUVrEI6q7KFnjcg.jpg</fanart>
</item>
<item>
    <title>One Point O (2004)</title>
    <meta>
        <content>movie</content>
        <imdb>tt0317042</imdb>
        <title>One Point O</title>
        <year>2004</year>
    </meta>
    <link>
        <sublink>search</sublink>
        <sublink>searchsd</sublink>
    </link>
    <thumbnail>https://image.tmdb.org/t/p/w1280/wVDPp8nLtXKQK9M0Jd5lya3w5Po.jpg</thumbnail>
    <fanart>https://image.tmdb.org/t/p/w1280/S41EVQBY7uUGnGio26Fc8Z1cg1.jpg</fanart>
</item>
<item>
    <title>Tell Tale (2009)</title>
    <meta>
        <content>movie</content>
        <imdb>tt1135095</imdb>
        <title>Tell Tale</title>
        <year>2009</year>
    </meta>
    <link>
        <sublink>search</sublink>
        <sublink>searchsd</sublink>
    </link>
    <thumbnail>https://image.tmdb.org/t/p/w1280/1Qf3mRkhkVCtgj6AAdcqreAIOjK.jpg</thumbnail>
    <fanart>https://image.tmdb.org/t/p/w1280/dATUvv7pQsLasEuEiuEWkRu4DXV.jpg</fanart>
</item>
<item>
    <title>The Conspiracy (2012)</title>
    <meta>
        <content>movie</content>
        <imdb>tt2330322</imdb>
        <title>The Conspiracy</title>
        <year>2012</year>
    </meta>
    <link>
        <sublink>search</sublink>
        <sublink>searchsd</sublink>
    </link>
    <thumbnail>https://image.tmdb.org/t/p/w1280/nOnN9nlaVTKQ5QsaeaTNF4nE7Ot.jpg</thumbnail>
    <fanart>https://image.tmdb.org/t/p/w1280/89Zsqs4oLOsBkKH31ztZaHE8WWJ.jpg</fanart>
</item>
<item>
    <title>In Fear (I) (2013)</title>
    <meta>
        <content>movie</content>
        <imdb>tt2165859</imdb>
        <title>In Fear</title>
        <year>I 2013</year>
    </meta>
    <link>
        <sublink>search</sublink>
        <sublink>searchsd</sublink>
    </link>
    <thumbnail>https://image.tmdb.org/t/p/w1280/4DveZuvlxlFXPfT6m0mnR960IMj.jpg</thumbnail>
    <fanart>https://image.tmdb.org/t/p/w1280/iZ4wHMpxZiKf0k41JeYwDJcrcVr.jpg</fanart>
</item>
<item>
    <title>Honeymoon (2014)</title>
    <meta>
        <content>movie</content>
        <imdb>tt3177316</imdb>
        <title>Honeymoon</title>
        <year>2014</year>
    </meta>
    <link>
        <sublink>search</sublink>
        <sublink>searchsd</sublink>
    </link>
    <thumbnail>https://image.tmdb.org/t/p/w1280/5jZRisBShiBpsH2k5rDYGEl9fSh.jpg</thumbnail>
    <fanart>https://image.tmdb.org/t/p/w1280/5G5rOi7Qkg5F3u94vpy1lrwr06W.jpg</fanart>
</item>
<item>
    <title>The Possession of Michael King (2014)</title>
    <meta>
        <content>movie</content>
        <imdb>tt2282016</imdb>
        <title>The Possession of Michael King</title>
        <year>2014</year>
    </meta>
    <link>
        <sublink>search</sublink>
        <sublink>searchsd</sublink>
    </link>
    <thumbnail>https://image.tmdb.org/t/p/w1280/gjo8Mdb2O1wu4YsDoDVtf4WrRrr.jpg</thumbnail>
    <fanart>https://image.tmdb.org/t/p/w1280/wksVb9WT6m3kPgFJCZI8YYMB2h5.jpg</fanart>
</item>
<item>
    <title>The Last Will and Testament of Rosalind Leigh (2012)</title>
    <meta>
        <content>movie</content>
        <imdb>tt2332831</imdb>
        <title>The Last Will and Testament of Rosalind Leigh</title>
        <year>2012</year>
    </meta>
    <link>
        <sublink>search</sublink>
        <sublink>searchsd</sublink>
    </link>
    <thumbnail>https://image.tmdb.org/t/p/w1280/e9d2Xwk9hQPvAtHp4fX6Dw6RndX.jpg</thumbnail>
    <fanart>https://image.tmdb.org/t/p/w1280/giIxsCU1wLQGeLVu1iFjKYyKt3Y.jpg</fanart>
</item>
<item>
    <title>At the Devil's Door (VI) (2014)</title>
    <meta>
        <content>movie</content>
        <imdb>tt2597242</imdb>
        <title>At the Devil's Door</title>
        <year>VI 2014</year>
    </meta>
    <link>
        <sublink>search</sublink>
        <sublink>searchsd</sublink>
    </link>
    <thumbnail>https://image.tmdb.org/t/p/w1280/n0HjcsGC4dXmg9bR47biMrwOfWc.jpg</thumbnail>
    <fanart>https://image.tmdb.org/t/p/w1280/gFR6mLf3iBe8Od6OxxObhabxdvu.jpg</fanart>
</item>
<item>
    <title>The Den (2013)</title>
    <meta>
        <content>movie</content>
        <imdb>tt2503154</imdb>
        <title>The Den</title>
        <year>2013</year>
    </meta>
    <link>
        <sublink>search</sublink>
        <sublink>searchsd</sublink>
    </link>
    <thumbnail>https://image.tmdb.org/t/p/w1280/mTf6MDQugVHE9BytUtbyG7jQL0V.jpg</thumbnail>
    <fanart>https://image.tmdb.org/t/p/w1280/7mVX06snb7FBuesr5LF9g4qXLVr.jpg</fanart>
</item>
<item>
    <title>Coma (1978)</title>
    <meta>
        <content>movie</content>
        <imdb>tt0077355</imdb>
        <title>Coma</title>
        <year>1978</year>
    </meta>
    <link>
        <sublink>search</sublink>
        <sublink>searchsd</sublink>
    </link>
    <thumbnail>https://image.tmdb.org/t/p/w1280/wXhYCwf7yhnvlJxhl8nIcSWb4Aw.jpg</thumbnail>
    <fanart>https://image.tmdb.org/t/p/w1280/lqSrXYzmMEAFkintG5WfIJ57occ.jpg</fanart>
</item>
<item>
    <title>The Quiet Ones (2014)</title>
    <meta>
        <content>movie</content>
        <imdb>tt2235779</imdb>
        <title>The Quiet Ones</title>
        <year>2014</year>
    </meta>
    <link>
        <sublink>search</sublink>
        <sublink>searchsd</sublink>
    </link>
    <thumbnail>https://image.tmdb.org/t/p/w1280/dlMln6CldiB5pt9vSSJBiNL83bh.jpg</thumbnail>
    <fanart>https://image.tmdb.org/t/p/w1280/1htbrlfM4DNwIg1M353ZkO9uIlm.jpg</fanart>
</item>
<item>
    <title>Torment (2013)</title>
    <meta>
        <content>movie</content>
        <imdb>tt2900822</imdb>
        <title>Torment</title>
        <year>2013</year>
    </meta>
    <link>
        <sublink>search</sublink>
        <sublink>searchsd</sublink>
    </link>
    <thumbnail>https://image.tmdb.org/t/p/w1280/oQr9iDbCKPgcMbzhjqbVIr4dx3A.jpg</thumbnail>
    <fanart>https://image.tmdb.org/t/p/w1280/eq1lnGcY6jHMX3PQTm8Wn4YIpn.jpg</fanart>
</item>
<item>
    <title>Black Water (2007)</title>
    <meta>
        <content>movie</content>
        <imdb>tt0816436</imdb>
        <title>Black Water</title>
        <year>2007</year>
    </meta>
    <link>
        <sublink>search</sublink>
        <sublink>searchsd</sublink>
    </link>
    <thumbnail>https://image.tmdb.org/t/p/w1280/eoLKVlcg2kq22dCW58WqHqYSteK.jpg</thumbnail>
    <fanart>https://image.tmdb.org/t/p/w1280/oqkbIfxOFFncu1aBBEOZung3Pmp.jpg</fanart>
</item>
<item>
    <title>The Breed (2006)</title>
    <meta>
        <content>movie</content>
        <imdb>tt0455362</imdb>
        <title>The Breed</title>
        <year>2006</year>
    </meta>
    <link>
        <sublink>search</sublink>
        <sublink>searchsd</sublink>
    </link>
    <thumbnail>https://image.tmdb.org/t/p/w1280/vgjtRQPZ7HkDXvpSIPUuUZk5nBl.jpg</thumbnail>
    <fanart>https://image.tmdb.org/t/p/w1280/lf8AUwTBT136ApGRznHcxW1XhoS.jpg</fanart>
</item>
<item>
    <title>Whisper (I) (2007)</title>
    <meta>
        <content>movie</content>
        <imdb>tt0435528</imdb>
        <title>Whisper</title>
        <year>I 2007</year>
    </meta>
    <link>
        <sublink>search</sublink>
        <sublink>searchsd</sublink>
    </link>
    <thumbnail>https://image.tmdb.org/t/p/w1280/8Rv4qeECuuFiz9JpqXHonovxZrq.jpg</thumbnail>
    <fanart>https://image.tmdb.org/t/p/w1280/s9C0cagB2y7OgIeRVdGp5gW1Cr0.jpg</fanart>
</item>
<item>
    <title>Haunt (2014)</title>
    <meta>
        <content>movie</content>
        <imdb>tt2386278</imdb>
        <title>Haunt</title>
        <year>2014</year>
    </meta>
    <link>
        <sublink>search</sublink>
        <sublink>searchsd</sublink>
    </link>
    <thumbnail>https://image.tmdb.org/t/p/w1280/rftGGeT5rCRjLa60UBA7wJqcJYV.jpg</thumbnail>
    <fanart>https://image.tmdb.org/t/p/w1280/q94MOw98AlBFMtgEy3joRh0NjXz.jpg</fanart>
</item>
<item>
    <title>Messengers 2: The Scarecrow (2009 Video)</title>
    <meta>
        <content>movie</content>
        <imdb>tt1299653</imdb>
        <title>Messengers 2: The Scarecrow</title>
        <year>2009 Video</year>
    </meta>
    <link>
        <sublink>search</sublink>
        <sublink>searchsd</sublink>
    </link>
    <thumbnail>https://image.tmdb.org/t/p/w1280/mhC602gWvv66MTpVykfUrlzeNxL.jpg</thumbnail>
    <fanart>https://image.tmdb.org/t/p/w1280/sanhQl9kmfVLnrcSR8ASgAlEbPr.jpg</fanart>
</item>
<item>
    <title>100 Feet (2008)</title>
    <meta>
        <content>movie</content>
        <imdb>tt0899128</imdb>
        <title>100 Feet</title>
        <year>2008</year>
    </meta>
    <link>
        <sublink>search</sublink>
        <sublink>searchsd</sublink>
    </link>
    <thumbnail>https://image.tmdb.org/t/p/w1280/rv2ZPfNnRVnr3FuL3l5jese7j0r.jpg</thumbnail>
    <fanart>https://image.tmdb.org/t/p/w1280/5jiqD9f82nZt2ueKTcaxkekXSVq.jpg</fanart>
</item>
<item>
    <title>April Fool's Day (1986)</title>
    <meta>
        <content>movie</content>
        <imdb>tt0090655</imdb>
        <title>April Fool's Day</title>
        <year>1986</year>
    </meta>
    <link>
        <sublink>search</sublink>
        <sublink>searchsd</sublink>
    </link>
    <thumbnail>https://image.tmdb.org/t/p/w1280/FiDprIXcWbAPz4sB3vYjxSjHrU.jpg</thumbnail>
    <fanart>https://image.tmdb.org/t/p/w1280/vPDr6U0NbDhlpOFnDh5EjplDcfS.jpg</fanart>
</item>
<item>
    <title>The Marsh (2006)</title>
    <meta>
        <content>movie</content>
        <imdb>tt0496350</imdb>
        <title>The Marsh</title>
        <year>2006</year>
    </meta>
    <link>
        <sublink>search</sublink>
        <sublink>searchsd</sublink>
    </link>
    <thumbnail>https://image.tmdb.org/t/p/w1280/jDLXahER47ScwwifE0zMCB7SccR.jpg</thumbnail>
    <fanart>https://image.tmdb.org/t/p/w1280/waMqG2A0mCQaN7u8U9IZ0XFRtHy.jpg</fanart>
</item>
<item>
    <title>Evidence (2013)</title>
    <meta>
        <content>movie</content>
        <imdb>tt1828970</imdb>
        <title>Evidence</title>
        <year>2013</year>
    </meta>
    <link>
        <sublink>search</sublink>
        <sublink>searchsd</sublink>
    </link>
    <thumbnail>https://image.tmdb.org/t/p/w1280/oVYKGSuAr1brqlG6lM80huDrTSj.jpg</thumbnail>
    <fanart>https://image.tmdb.org/t/p/w1280/vjHlysM9xvTzQgpEZsKUK2q7G7t.jpg</fanart>
</item>
<item>
    <title>Pontypool (2008)</title>
    <meta>
        <content>movie</content>
        <imdb>tt1226681</imdb>
        <title>Pontypool</title>
        <year>2008</year>
    </meta>
    <link>
        <sublink>search</sublink>
        <sublink>searchsd</sublink>
    </link>
    <thumbnail>https://image.tmdb.org/t/p/w1280/hd8zqF2lBLIVsOqa2TLGzZcXcwP.jpg</thumbnail>
    <fanart>https://image.tmdb.org/t/p/w1280/A6A1daFZbAcRsW9BnvrEbNUNOm7.jpg</fanart>
</item>
<item>
    <title>The Gathering (2002)</title>
    <meta>
        <content>movie</content>
        <imdb>tt0294594</imdb>
        <title>The Gathering</title>
        <year>2002</year>
    </meta>
    <link>
        <sublink>search</sublink>
        <sublink>searchsd</sublink>
    </link>
    <thumbnail>https://image.tmdb.org/t/p/w1280/7yOGPXp3afx1P9JjH9LHUEPYYrK.jpg</thumbnail>
    <fanart>https://image.tmdb.org/t/p/w1280/8HhpoAKdPN9pyCFG8fC9cWKwO78.jpg</fanart>
</item>
<item>
    <title>Darkness (2002)</title>
    <meta>
        <content>movie</content>
        <imdb>tt0273517</imdb>
        <title>Darkness</title>
        <year>2002</year>
    </meta>
    <link>
        <sublink>search</sublink>
        <sublink>searchsd</sublink>
    </link>
    <thumbnail>https://image.tmdb.org/t/p/w1280/qzvLknSK4qyAb6lugJgnffS6aTa.jpg</thumbnail>
    <fanart>https://image.tmdb.org/t/p/w1280/6PvVYv0BgDM1ziSk1CkK84QDvPa.jpg</fanart>
</item>
<dir>
    <title>[COLOR white]Next Page >>[/COLOR]</title>
    <imdburl>list/ls066945033/?page=2</imdburl>
    <thumbnail>https://image.ibb.co/gtsNjw/next.png</thumbnail>
</dir>
