<item>
    <title>Rest Stop (2006 Video)</title>
    <meta>
        <content>movie</content>
        <imdb>tt0787505</imdb>
        <title>Rest Stop</title>
        <year>2006 Video</year>
    </meta>
    <link>
        <sublink>search</sublink>
        <sublink>searchsd</sublink>
    </link>
    <thumbnail>https://image.tmdb.org/t/p/w1280/nyykogNyeuyvvTl2TY74yUOP8sD.jpg</thumbnail>
    <fanart>https://image.tmdb.org/t/p/w1280/zCtTcaHYecQb7fEzmvd0RuUYhpZ.jpg</fanart>
</item>
<item>
    <title>The Hills Have Eyes (2006)</title>
    <meta>
        <content>movie</content>
        <imdb>tt0454841</imdb>
        <title>The Hills Have Eyes</title>
        <year>2006</year>
    </meta>
    <link>
        <sublink>search</sublink>
        <sublink>searchsd</sublink>
    </link>
    <thumbnail>https://image.tmdb.org/t/p/w1280/hNuqY8h1oBGTnEQK75AH4IwuiPG.jpg</thumbnail>
    <fanart>https://image.tmdb.org/t/p/w1280/53vdUXxtUogIupD3oln7ywZ2d02.jpg</fanart>
</item>
<item>
    <title>The Texas Chainsaw Massacre (2003)</title>
    <meta>
        <content>movie</content>
        <imdb>tt0324216</imdb>
        <title>The Texas Chainsaw Massacre</title>
        <year>2003</year>
    </meta>
    <link>
        <sublink>search</sublink>
        <sublink>searchsd</sublink>
    </link>
    <thumbnail>https://image.tmdb.org/t/p/w1280/gx7FCIOFGxqNyplF3t7qtmUv55g.jpg</thumbnail>
    <fanart>https://image.tmdb.org/t/p/w1280/KHG2Hbetp7thiMKp0dKIRR3f6C.jpg</fanart>
</item>
<item>
    <title>Children of the Corn (1984)</title>
    <meta>
        <content>movie</content>
        <imdb>tt0087050</imdb>
        <title>Children of the Corn</title>
        <year>1984</year>
    </meta>
    <link>
        <sublink>search</sublink>
        <sublink>searchsd</sublink>
    </link>
    <thumbnail>https://image.tmdb.org/t/p/w1280/zH77CDSRPeYfZZJyyKSt84j62m8.jpg</thumbnail>
    <fanart>https://image.tmdb.org/t/p/w1280/hmTSp1aF9xG7uwM4f4YMUcLfVAa.jpg</fanart>
</item>
<item>
    <title>Cabin Fever (2002)</title>
    <meta>
        <content>movie</content>
        <imdb>tt0303816</imdb>
        <title>Cabin Fever</title>
        <year>2002</year>
    </meta>
    <link>
        <sublink>search</sublink>
        <sublink>searchsd</sublink>
    </link>
    <thumbnail>https://image.tmdb.org/t/p/w1280/pDFFHha2KwW6ZjvrZQtXaS6PIYV.jpg</thumbnail>
    <fanart>https://image.tmdb.org/t/p/w1280/20VCMP31N1ROZOsjCAojjgS08qA.jpg</fanart>
</item>
<item>
    <title>Dead End (I) (2003)</title>
    <meta>
        <content>movie</content>
        <imdb>tt0308152</imdb>
        <title>Dead End</title>
        <year>I 2003</year>
    </meta>
    <link>
        <sublink>search</sublink>
        <sublink>searchsd</sublink>
    </link>
    <thumbnail>https://image.tmdb.org/t/p/w1280/51JnZig26aAUZ7zA4l5MkFCQ9th.jpg</thumbnail>
    <fanart>https://image.tmdb.org/t/p/w1280/mStA8L0tXViSfd89KeXatNIA5u8.jpg</fanart>
</item>
<item>
    <title>Deliverance (1972)</title>
    <meta>
        <content>movie</content>
        <imdb>tt0068473</imdb>
        <title>Deliverance</title>
        <year>1972</year>
    </meta>
    <link>
        <sublink>search</sublink>
        <sublink>searchsd</sublink>
    </link>
    <thumbnail>https://image.tmdb.org/t/p/w1280/jJhO7qkasC3xBAS6fhLPWpUjGZb.jpg</thumbnail>
    <fanart>https://image.tmdb.org/t/p/w1280/1iE3vVXx3Q7sFlJbNvNYsGHZEvO.jpg</fanart>
</item>
<item>
    <title>Eden Lake (2008)</title>
    <meta>
        <content>movie</content>
        <imdb>tt1020530</imdb>
        <title>Eden Lake</title>
        <year>2008</year>
    </meta>
    <link>
        <sublink>search</sublink>
        <sublink>searchsd</sublink>
    </link>
    <thumbnail>https://image.tmdb.org/t/p/w1280/lvNbbYrN5tNuCjyHP7uKgZD5ZFL.jpg</thumbnail>
    <fanart>https://image.tmdb.org/t/p/w1280/iPocIUHB4gW3dfV6ve4KLvgWOHw.jpg</fanart>
</item>
<item>
    <title>Friday the 13th (2009)</title>
    <meta>
        <content>movie</content>
        <imdb>tt0758746</imdb>
        <title>Friday the 13th</title>
        <year>2009</year>
    </meta>
    <link>
        <sublink>search</sublink>
        <sublink>searchsd</sublink>
    </link>
    <thumbnail>https://image.tmdb.org/t/p/w1280/ewNYItHBmxHj3IEDhj1VnnLoTmb.jpg</thumbnail>
    <fanart>https://image.tmdb.org/t/p/w1280/m7vZl6YTFIHm917fCBgNOb9c4Sp.jpg</fanart>
</item>
<item>
    <title>House of Wax (2005)</title>
    <meta>
        <content>movie</content>
        <imdb>tt0397065</imdb>
        <title>House of Wax</title>
        <year>2005</year>
    </meta>
    <link>
        <sublink>search</sublink>
        <sublink>searchsd</sublink>
    </link>
    <thumbnail>https://image.tmdb.org/t/p/w1280/uM1RebQywM5PPYsauayefpXGxVk.jpg</thumbnail>
    <fanart>https://image.tmdb.org/t/p/w1280/9WRj8tXnfl3aSTv4ydEHTipxQ0e.jpg</fanart>
</item>
<item>
    <title>I Spit on Your Grave (2010)</title>
    <meta>
        <content>movie</content>
        <imdb>tt1242432</imdb>
        <title>I Spit on Your Grave</title>
        <year>2010</year>
    </meta>
    <link>
        <sublink>search</sublink>
        <sublink>searchsd</sublink>
    </link>
    <thumbnail>https://image.tmdb.org/t/p/w1280/7hA8FfUAwBJut4MSIhR6eCF8li7.jpg</thumbnail>
    <fanart>https://image.tmdb.org/t/p/w1280/g9V4nHoYaWCcZ43VB1v2aF2X0R.jpg</fanart>
</item>
<item>
    <title>Jeepers Creepers (2001)</title>
    <meta>
        <content>movie</content>
        <imdb>tt0263488</imdb>
        <title>Jeepers Creepers</title>
        <year>2001</year>
    </meta>
    <link>
        <sublink>search</sublink>
        <sublink>searchsd</sublink>
    </link>
    <thumbnail>https://image.tmdb.org/t/p/w1280/gaIiibMDw95MDT0QtpwMCFDSyQO.jpg</thumbnail>
    <fanart>https://image.tmdb.org/t/p/w1280/8GzRMaxi6xShhfyR9XDCCWpj1K6.jpg</fanart>
</item>
<item>
    <title>Joy Ride (2001)</title>
    <meta>
        <content>movie</content>
        <imdb>tt0206314</imdb>
        <title>Joy Ride</title>
        <year>2001</year>
    </meta>
    <link>
        <sublink>search</sublink>
        <sublink>searchsd</sublink>
    </link>
    <thumbnail>https://image.tmdb.org/t/p/w1280/q8y2T2LvJV0mvia1RA9pS1K33GR.jpg</thumbnail>
    <fanart>https://image.tmdb.org/t/p/w1280/wr9KMaCGGquZQqmjN8mRqOR2FeM.jpg</fanart>
</item>
<item>
    <title>Monster Man (2003)</title>
    <meta>
        <content>movie</content>
        <imdb>tt0365513</imdb>
        <title>Monster Man</title>
        <year>2003</year>
    </meta>
    <link>
        <sublink>search</sublink>
        <sublink>searchsd</sublink>
    </link>
    <thumbnail>https://image.tmdb.org/t/p/w1280/pxm2HKFwUpq5dFjfCPt5nDm94IL.jpg</thumbnail>
    <fanart>https://image.tmdb.org/t/p/w1280/CasBoQ0mFJBPZ0w4JRVsR3Oh50.jpg</fanart>
</item>
<item>
    <title>Staunton Hill (2009 Video)</title>
    <meta>
        <content>movie</content>
        <imdb>tt1118693</imdb>
        <title>Staunton Hill</title>
        <year>2009 Video</year>
    </meta>
    <link>
        <sublink>search</sublink>
        <sublink>searchsd</sublink>
    </link>
    <thumbnail>https://image.tmdb.org/t/p/w1280/8PngI7u4f8LfjyLJTfccpzvrK8o.jpg</thumbnail>
    <fanart>https://image.tmdb.org/t/p/w1280/wFFpcb2yotcdm3LaT0iEUdbIM8o.jpg</fanart>
</item>
<item>
    <title>Storm Warning (2007)</title>
    <meta>
        <content>movie</content>
        <imdb>tt0800367</imdb>
        <title>Storm Warning</title>
        <year>2007</year>
    </meta>
    <link>
        <sublink>search</sublink>
        <sublink>searchsd</sublink>
    </link>
    <thumbnail>https://image.tmdb.org/t/p/w1280/4cPuxj5DjazkvczBk291GgaksaU.jpg</thumbnail>
    <fanart>https://image.tmdb.org/t/p/w1280/7Q9TxIUk5ToMu2MaOTUz6coGkMK.jpg</fanart>
</item>
<item>
    <title>The Hills Run Red (2009 Video)</title>
    <meta>
        <content>movie</content>
        <imdb>tt0907676</imdb>
        <title>The Hills Run Red</title>
        <year>2009 Video</year>
    </meta>
    <link>
        <sublink>search</sublink>
        <sublink>searchsd</sublink>
    </link>
    <thumbnail>https://image.tmdb.org/t/p/w1280/eNNZbR99ZZaO0wB791w3KLvUliW.jpg</thumbnail>
    <fanart>https://image.tmdb.org/t/p/w1280/7OGUDZ683wCxIRdLgjCsYm4H5Mp.jpg</fanart>
</item>
<item>
    <title>The Strangers (2008)</title>
    <meta>
        <content>movie</content>
        <imdb>tt0482606</imdb>
        <title>The Strangers</title>
        <year>2008</year>
    </meta>
    <link>
        <sublink>search</sublink>
        <sublink>searchsd</sublink>
    </link>
    <thumbnail>https://image.tmdb.org/t/p/w1280/pZwTosOfiB9hGvXvPg9fpoOqKmp.jpg</thumbnail>
    <fanart>https://image.tmdb.org/t/p/w1280/rY3FMzhK9kS601aN4yWJEkQ4zvN.jpg</fanart>
</item>
<item>
    <title>The Hitcher (2007)</title>
    <meta>
        <content>movie</content>
        <imdb>tt0455960</imdb>
        <title>The Hitcher</title>
        <year>2007</year>
    </meta>
    <link>
        <sublink>search</sublink>
        <sublink>searchsd</sublink>
    </link>
    <thumbnail>https://image.tmdb.org/t/p/w1280/mIPCt79baN62Xv6TAEwLDxLUqBz.jpg</thumbnail>
    <fanart>https://image.tmdb.org/t/p/w1280/dQ6RwEC2OcyHcqA6BO5l40NSMv8.jpg</fanart>
</item>
<item>
    <title>The Last House on the Left (2009)</title>
    <meta>
        <content>movie</content>
        <imdb>tt0844708</imdb>
        <title>The Last House on the Left</title>
        <year>2009</year>
    </meta>
    <link>
        <sublink>search</sublink>
        <sublink>searchsd</sublink>
    </link>
    <thumbnail>https://image.tmdb.org/t/p/w1280/2Y35XCUS8U8vC8vs0HDEVkPu1BM.jpg</thumbnail>
    <fanart>https://image.tmdb.org/t/p/w1280/7Z9OmWJszjjvjh5N2Mv14uYmLoC.jpg</fanart>
</item>
<item>
    <title>Timber Falls (2007)</title>
    <meta>
        <content>movie</content>
        <imdb>tt0857295</imdb>
        <title>Timber Falls</title>
        <year>2007</year>
    </meta>
    <link>
        <sublink>search</sublink>
        <sublink>searchsd</sublink>
    </link>
    <thumbnail>https://image.tmdb.org/t/p/w1280/9EIsSXFSIVoT6mQODnUZ62gz4BT.jpg</thumbnail>
    <fanart>https://image.tmdb.org/t/p/w1280/86dJyRFFytzwtvEKWpuhpPKcz0B.jpg</fanart>
</item>
<item>
    <title>Wolf Creek (2005)</title>
    <meta>
        <content>movie</content>
        <imdb>tt0416315</imdb>
        <title>Wolf Creek</title>
        <year>2005</year>
    </meta>
    <link>
        <sublink>search</sublink>
        <sublink>searchsd</sublink>
    </link>
    <thumbnail>https://image.tmdb.org/t/p/w1280/eiQqXee0LwUvwHWp6QnZDoP1qdI.jpg</thumbnail>
    <fanart>https://image.tmdb.org/t/p/w1280/frkFxkU02YpPDi6bOSCwUBSd6I4.jpg</fanart>
</item>
<item>
    <title>Wrong Turn (I) (2003)</title>
    <meta>
        <content>movie</content>
        <imdb>tt0295700</imdb>
        <title>Wrong Turn</title>
        <year>I 2003</year>
    </meta>
    <link>
        <sublink>search</sublink>
        <sublink>searchsd</sublink>
    </link>
    <thumbnail>https://image.tmdb.org/t/p/w1280/kyn0ZC8tvLWuKN85mhlG1lwB1WQ.jpg</thumbnail>
    <fanart>https://image.tmdb.org/t/p/w1280/qHHlBPTpKyh9iTjx1cNMU8sXBnj.jpg</fanart>
</item>
<item>
    <title>Vacancy (2007)</title>
    <meta>
        <content>movie</content>
        <imdb>tt0452702</imdb>
        <title>Vacancy</title>
        <year>2007</year>
    </meta>
    <link>
        <sublink>search</sublink>
        <sublink>searchsd</sublink>
    </link>
    <thumbnail>https://image.tmdb.org/t/p/w1280/raagPxrhC5098rvMh4QbnlJp7aG.jpg</thumbnail>
    <fanart>https://image.tmdb.org/t/p/w1280/n2ayb7ko6OpKTqgsAmWROoDgB9b.jpg</fanart>
</item>
<item>
    <title>Secret Window (2004)</title>
    <meta>
        <content>movie</content>
        <imdb>tt0363988</imdb>
        <title>Secret Window</title>
        <year>2004</year>
    </meta>
    <link>
        <sublink>search</sublink>
        <sublink>searchsd</sublink>
    </link>
    <thumbnail>https://image.tmdb.org/t/p/w1280/f5t7Df50xjniLlE80ty2dYsZBqI.jpg</thumbnail>
    <fanart>https://image.tmdb.org/t/p/w1280/ojsY0XyCSsJvm0n7YTwumQcvBqT.jpg</fanart>
</item>
<item>
    <title>House of 1000 Corpses (2003)</title>
    <meta>
        <content>movie</content>
        <imdb>tt0251736</imdb>
        <title>House of 1000 Corpses</title>
        <year>2003</year>
    </meta>
    <link>
        <sublink>search</sublink>
        <sublink>searchsd</sublink>
    </link>
    <thumbnail>https://image.tmdb.org/t/p/w1280/n2ZXryIYvGwZVPRhS4n5uSpSqu.jpg</thumbnail>
    <fanart>https://image.tmdb.org/t/p/w1280/pGBkdZQfyTAg20xQKjL9A05btL0.jpg</fanart>
</item>
<item>
    <title>The Devil's Rejects (2005)</title>
    <meta>
        <content>movie</content>
        <imdb>tt0395584</imdb>
        <title>The Devil's Rejects</title>
        <year>2005</year>
    </meta>
    <link>
        <sublink>search</sublink>
        <sublink>searchsd</sublink>
    </link>
    <thumbnail>https://image.tmdb.org/t/p/w1280/jSWt4aJizmXmPXV3SBQGTWhwuCB.jpg</thumbnail>
    <fanart>https://image.tmdb.org/t/p/w1280/fmo48Lt8XtMWeHeXJzi5SbPCJud.jpg</fanart>
</item>
<item>
    <title>Albino Farm (2009)</title>
    <meta>
        <content>movie</content>
        <imdb>tt1050001</imdb>
        <title>Albino Farm</title>
        <year>2009</year>
    </meta>
    <link>
        <sublink>search</sublink>
        <sublink>searchsd</sublink>
    </link>
    <thumbnail>https://image.tmdb.org/t/p/w1280/mOvycb9Thft9Gnk4DRJKlcjuQep.jpg</thumbnail>
    <fanart>https://image.tmdb.org/t/p/w1280/xQjkmboSrgKnZJBpVMuwHaUOHO8.jpg</fanart>
</item>
<item>
    <title>Backwoods (2008 TV Movie)</title>
    <meta>
        <content>movie</content>
        <imdb>tt1153100</imdb>
        <title>Backwoods</title>
        <year>2008 TV Movie</year>
    </meta>
    <link>
        <sublink>search</sublink>
        <sublink>searchsd</sublink>
    </link>
    <thumbnail>https://image.tmdb.org/t/p/w1280/lDhcwYPefuiHuXutA4VcxcREKPU.jpg</thumbnail>
    <fanart>https://image.tmdb.org/t/p/w1280/gDdd1dzNXiVUdbYIh573ylfVhh.jpg</fanart>
</item>
<item>
    <title>Roadkill (2011 TV Movie)</title>
    <meta>
        <content>movie</content>
        <imdb>tt1637713</imdb>
        <title>Roadkill</title>
        <year>2011 TV Movie</year>
    </meta>
    <link>
        <sublink>search</sublink>
        <sublink>searchsd</sublink>
    </link>
    <thumbnail>https://image.tmdb.org/t/p/w1280/s99IyHwHa35fEHzj62AeoFHwNc9.jpg</thumbnail>
    <fanart>https://image.tmdb.org/t/p/w1280/x4CL9UyZOPmR2ek6fKZd6t7sm7T.jpg</fanart>
</item>
<item>
    <title>The Blood Shed (2007)</title>
    <meta>
        <content>movie</content>
        <imdb>tt0820037</imdb>
        <title>The Blood Shed</title>
        <year>2007</year>
    </meta>
    <link>
        <sublink>search</sublink>
        <sublink>searchsd</sublink>
    </link>
    <thumbnail>https://image.tmdb.org/t/p/w1280/1qZP8kiBrHP0WTOPUCZ6WCRB0Nm.jpg</thumbnail>
    <fanart>https://image.tmdb.org/t/p/w1280none</fanart>
</item>
<item>
    <title>Husk (2011)</title>
    <meta>
        <content>movie</content>
        <imdb>tt1504403</imdb>
        <title>Husk</title>
        <year>2011</year>
    </meta>
    <link>
        <sublink>search</sublink>
        <sublink>searchsd</sublink>
    </link>
    <thumbnail>https://image.tmdb.org/t/p/w1280/wIibQbOpVJ6ru86VZoBLwmtbSFC.jpg</thumbnail>
    <fanart>https://image.tmdb.org/t/p/w1280/yrmnDSK6Sf15XcQOLmdfOjWNnvI.jpg</fanart>
</item>
<item>
    <title>Motor Home Massacre (2005 Video)</title>
    <meta>
        <content>movie</content>
        <imdb>tt0491063</imdb>
        <title>Motor Home Massacre</title>
        <year>2005 Video</year>
    </meta>
    <link>
        <sublink>search</sublink>
        <sublink>searchsd</sublink>
    </link>
    <thumbnail>https://image.tmdb.org/t/p/w1280/g74ayHu3R9p4XyUrkLAarDbOTH6.jpg</thumbnail>
    <fanart>https://image.tmdb.org/t/p/w1280/5RmjIIzyYrkuNNDIuUUlMhOJuQr.jpg</fanart>
</item>
<item>
    <title>The Descent (2005)</title>
    <meta>
        <content>movie</content>
        <imdb>tt0435625</imdb>
        <title>The Descent</title>
        <year>2005</year>
    </meta>
    <link>
        <sublink>search</sublink>
        <sublink>searchsd</sublink>
    </link>
    <thumbnail>https://image.tmdb.org/t/p/w1280/ldzNyitGjBLjjOzLTaQyYDMVDF1.jpg</thumbnail>
    <fanart>https://image.tmdb.org/t/p/w1280/yiJonnQUW5luTsQy2KuUuOZqtjM.jpg</fanart>
</item>
<item>
    <title>Tucker and Dale vs Evil (2010)</title>
    <meta>
        <content>movie</content>
        <imdb>tt1465522</imdb>
        <title>Tucker and Dale vs Evil</title>
        <year>2010</year>
    </meta>
    <link>
        <sublink>search</sublink>
        <sublink>searchsd</sublink>
    </link>
    <thumbnail>https://image.tmdb.org/t/p/w1280/lNaivZXcad1bXDoptUzV3PQ2Ms0.jpg</thumbnail>
    <fanart>https://image.tmdb.org/t/p/w1280/mjsS5mcMjLPE31yGTU5mMqRhyCc.jpg</fanart>
</item>
<item>
    <title>The Blair Witch Project (1999)</title>
    <meta>
        <content>movie</content>
        <imdb>tt0185937</imdb>
        <title>The Blair Witch Project</title>
        <year>1999</year>
    </meta>
    <link>
        <sublink>search</sublink>
        <sublink>searchsd</sublink>
    </link>
    <thumbnail>https://image.tmdb.org/t/p/w1280/hyaOKmxuF8YJKHqWlwpiZU5QsAr.jpg</thumbnail>
    <fanart>https://image.tmdb.org/t/p/w1280/rEUhIQZCk9ZAhyEyRFG0wPLYdXn.jpg</fanart>
</item>
<item>
    <title>The Locals (2003)</title>
    <meta>
        <content>movie</content>
        <imdb>tt0387357</imdb>
        <title>The Locals</title>
        <year>2003</year>
    </meta>
    <link>
        <sublink>search</sublink>
        <sublink>searchsd</sublink>
    </link>
    <thumbnail>https://image.tmdb.org/t/p/w1280/2Y64VIt5tABjoDMLekgijqXrZnF.jpg</thumbnail>
    <fanart>https://image.tmdb.org/t/p/w1280/xXaYwACDG76ikJHjIY64TfVnYG.jpg</fanart>
</item>
<item>
    <title>Hatchet (2006)</title>
    <meta>
        <content>movie</content>
        <imdb>tt0422401</imdb>
        <title>Hatchet</title>
        <year>2006</year>
    </meta>
    <link>
        <sublink>search</sublink>
        <sublink>searchsd</sublink>
    </link>
    <thumbnail>https://image.tmdb.org/t/p/w1280/yiCFJJuUJUD2aDws8iNjnDc91zu.jpg</thumbnail>
    <fanart>https://image.tmdb.org/t/p/w1280/382Oaxgt599hnDDtF58cJwALAKR.jpg</fanart>
</item>
<item>
    <title>The Tripper (2006)</title>
    <meta>
        <content>movie</content>
        <imdb>tt0760187</imdb>
        <title>The Tripper</title>
        <year>2006</year>
    </meta>
    <link>
        <sublink>search</sublink>
        <sublink>searchsd</sublink>
    </link>
    <thumbnail>https://image.tmdb.org/t/p/w1280/17NKMjpiw7bAiL3PZYuWku3Ls1e.jpg</thumbnail>
    <fanart>https://image.tmdb.org/t/p/w1280/6Nk3ZjGUVs3ZLRhWSuffsfblTYH.jpg</fanart>
</item>
<item>
    <title>Creature (2011)</title>
    <meta>
        <content>movie</content>
        <imdb>tt1686018</imdb>
        <title>Creature</title>
        <year>2011</year>
    </meta>
    <link>
        <sublink>search</sublink>
        <sublink>searchsd</sublink>
    </link>
    <thumbnail>https://image.tmdb.org/t/p/w1280/zVAWUDvfcJUPUwgl79YMq4u12xu.jpg</thumbnail>
    <fanart>https://image.tmdb.org/t/p/w1280/mksEmBwWeYtOhnRFKTEvKGcDNP7.jpg</fanart>
</item>
<item>
    <title>The Hike (I) (2011)</title>
    <meta>
        <content>movie</content>
        <imdb>tt1572194</imdb>
        <title>The Hike</title>
        <year>I 2011</year>
    </meta>
    <link>
        <sublink>search</sublink>
        <sublink>searchsd</sublink>
    </link>
    <thumbnail>https://image.tmdb.org/t/p/w1280none</thumbnail>
    <fanart>https://image.tmdb.org/t/p/w1280none</fanart>
</item>
<item>
    <title>Shredder (2003)</title>
    <meta>
        <content>movie</content>
        <imdb>tt0282163</imdb>
        <title>Shredder</title>
        <year>2003</year>
    </meta>
    <link>
        <sublink>search</sublink>
        <sublink>searchsd</sublink>
    </link>
    <thumbnail>https://image.tmdb.org/t/p/w1280none</thumbnail>
    <fanart>https://image.tmdb.org/t/p/w1280none</fanart>
</item>
<item>
    <title>Wake Wood (2009)</title>
    <meta>
        <content>movie</content>
        <imdb>tt1296899</imdb>
        <title>Wake Wood</title>
        <year>2009</year>
    </meta>
    <link>
        <sublink>search</sublink>
        <sublink>searchsd</sublink>
    </link>
    <thumbnail>https://image.tmdb.org/t/p/w1280none</thumbnail>
    <fanart>https://image.tmdb.org/t/p/w1280none</fanart>
</item>
<item>
    <title>Beneath the Dark (2010)</title>
    <meta>
        <content>movie</content>
        <imdb>tt1422800</imdb>
        <title>Beneath the Dark</title>
        <year>2010</year>
    </meta>
    <link>
        <sublink>search</sublink>
        <sublink>searchsd</sublink>
    </link>
    <thumbnail>https://image.tmdb.org/t/p/w1280none</thumbnail>
    <fanart>https://image.tmdb.org/t/p/w1280none</fanart>
</item>
<item>
    <title>Carriers (2009)</title>
    <meta>
        <content>movie</content>
        <imdb>tt0806203</imdb>
        <title>Carriers</title>
        <year>2009</year>
    </meta>
    <link>
        <sublink>search</sublink>
        <sublink>searchsd</sublink>
    </link>
    <thumbnail>https://image.tmdb.org/t/p/w1280none</thumbnail>
    <fanart>https://image.tmdb.org/t/p/w1280none</fanart>
</item>
<item>
    <title>All the Boys Love Mandy Lane (2006)</title>
    <meta>
        <content>movie</content>
        <imdb>tt0490076</imdb>
        <title>All the Boys Love Mandy Lane</title>
        <year>2006</year>
    </meta>
    <link>
        <sublink>search</sublink>
        <sublink>searchsd</sublink>
    </link>
    <thumbnail>https://image.tmdb.org/t/p/w1280none</thumbnail>
    <fanart>https://image.tmdb.org/t/p/w1280none</fanart>
</item>
<item>
    <title>A Lonely Place to Die (2011)</title>
    <meta>
        <content>movie</content>
        <imdb>tt1422136</imdb>
        <title>A Lonely Place to Die</title>
        <year>2011</year>
    </meta>
    <link>
        <sublink>search</sublink>
        <sublink>searchsd</sublink>
    </link>
    <thumbnail>https://image.tmdb.org/t/p/w1280none</thumbnail>
    <fanart>https://image.tmdb.org/t/p/w1280none</fanart>
</item>
<item>
    <title>And Soon the Darkness (2010)</title>
    <meta>
        <content>movie</content>
        <imdb>tt1391034</imdb>
        <title>And Soon the Darkness</title>
        <year>2010</year>
    </meta>
    <link>
        <sublink>search</sublink>
        <sublink>searchsd</sublink>
    </link>
    <thumbnail>https://image.tmdb.org/t/p/w1280none</thumbnail>
    <fanart>https://image.tmdb.org/t/p/w1280none</fanart>
</item>
<item>
    <title>High Tension (2003)</title>
    <meta>
        <content>movie</content>
        <imdb>tt0338095</imdb>
        <title>High Tension</title>
        <year>2003</year>
    </meta>
    <link>
        <sublink>search</sublink>
        <sublink>searchsd</sublink>
    </link>
    <thumbnail>https://image.tmdb.org/t/p/w1280none</thumbnail>
    <fanart>https://image.tmdb.org/t/p/w1280none</fanart>
</item>
<item>
    <title>The Ruins (2008)</title>
    <meta>
        <content>movie</content>
        <imdb>tt0963794</imdb>
        <title>The Ruins</title>
        <year>2008</year>
    </meta>
    <link>
        <sublink>search</sublink>
        <sublink>searchsd</sublink>
    </link>
    <thumbnail>https://image.tmdb.org/t/p/w1280none</thumbnail>
    <fanart>https://image.tmdb.org/t/p/w1280none</fanart>
</item>
<item>
    <title>Detour (2003 Video)</title>
    <meta>
        <content>movie</content>
        <imdb>tt0319495</imdb>
        <title>Detour</title>
        <year>2003 Video</year>
    </meta>
    <link>
        <sublink>search</sublink>
        <sublink>searchsd</sublink>
    </link>
    <thumbnail>https://image.tmdb.org/t/p/w1280none</thumbnail>
    <fanart>https://image.tmdb.org/t/p/w1280none</fanart>
</item>
<item>
    <title>No Man's Land: The Rise of Reeker (2008)</title>
    <meta>
        <content>movie</content>
        <imdb>tt1090671</imdb>
        <title>No Man's Land: The Rise of Reeker</title>
        <year>2008</year>
    </meta>
    <link>
        <sublink>search</sublink>
        <sublink>searchsd</sublink>
    </link>
    <thumbnail>https://image.tmdb.org/t/p/w1280none</thumbnail>
    <fanart>https://image.tmdb.org/t/p/w1280none</fanart>
</item>
<item>
    <title>Madison County (2011)</title>
    <meta>
        <content>movie</content>
        <imdb>tt1687889</imdb>
        <title>Madison County</title>
        <year>2011</year>
    </meta>
    <link>
        <sublink>search</sublink>
        <sublink>searchsd</sublink>
    </link>
    <thumbnail>https://image.tmdb.org/t/p/w1280none</thumbnail>
    <fanart>https://image.tmdb.org/t/p/w1280none</fanart>
</item>
<item>
    <title>Dead & Breakfast (2004)</title>
    <meta>
        <content>movie</content>
        <imdb>tt0350774</imdb>
        <title>Dead & Breakfast</title>
        <year>2004</year>
    </meta>
    <link>
        <sublink>search</sublink>
        <sublink>searchsd</sublink>
    </link>
    <thumbnail>https://image.tmdb.org/t/p/w1280none</thumbnail>
    <fanart>https://image.tmdb.org/t/p/w1280none</fanart>
</item>
<item>
    <title>The Fields (2011)</title>
    <meta>
        <content>movie</content>
        <imdb>tt1401236</imdb>
        <title>The Fields</title>
        <year>2011</year>
    </meta>
    <link>
        <sublink>search</sublink>
        <sublink>searchsd</sublink>
    </link>
    <thumbnail>https://image.tmdb.org/t/p/w1280none</thumbnail>
    <fanart>https://image.tmdb.org/t/p/w1280none</fanart>
</item>
<item>
    <title>The Cottage (2008)</title>
    <meta>
        <content>movie</content>
        <imdb>tt0465430</imdb>
        <title>The Cottage</title>
        <year>2008</year>
    </meta>
    <link>
        <sublink>search</sublink>
        <sublink>searchsd</sublink>
    </link>
    <thumbnail>https://image.tmdb.org/t/p/w1280none</thumbnail>
    <fanart>https://image.tmdb.org/t/p/w1280none</fanart>
</item>
<item>
    <title>YellowBrickRoad (2010)</title>
    <meta>
        <content>movie</content>
        <imdb>tt1398428</imdb>
        <title>YellowBrickRoad</title>
        <year>2010</year>
    </meta>
    <link>
        <sublink>search</sublink>
        <sublink>searchsd</sublink>
    </link>
    <thumbnail>https://image.tmdb.org/t/p/w1280none</thumbnail>
    <fanart>https://image.tmdb.org/t/p/w1280none</fanart>
</item>
<item>
    <title>Road Kill (2010)</title>
    <meta>
        <content>movie</content>
        <imdb>tt1241330</imdb>
        <title>Road Kill</title>
        <year>2010</year>
    </meta>
    <link>
        <sublink>search</sublink>
        <sublink>searchsd</sublink>
    </link>
    <thumbnail>https://image.tmdb.org/t/p/w1280none</thumbnail>
    <fanart>https://image.tmdb.org/t/p/w1280none</fanart>
</item>
<item>
    <title>Munger Road (2011)</title>
    <meta>
        <content>movie</content>
        <imdb>tt1720172</imdb>
        <title>Munger Road</title>
        <year>2011</year>
    </meta>
    <link>
        <sublink>search</sublink>
        <sublink>searchsd</sublink>
    </link>
    <thumbnail>https://image.tmdb.org/t/p/w1280none</thumbnail>
    <fanart>https://image.tmdb.org/t/p/w1280none</fanart>
</item>
<item>
    <title>Dead Line (2006 Video)</title>
    <meta>
        <content>movie</content>
        <imdb>tt0858431</imdb>
        <title>Dead Line</title>
        <year>2006 Video</year>
    </meta>
    <link>
        <sublink>search</sublink>
        <sublink>searchsd</sublink>
    </link>
    <thumbnail>https://image.tmdb.org/t/p/w1280none</thumbnail>
    <fanart>https://image.tmdb.org/t/p/w1280none</fanart>
</item>
<item>
    <title>Texas Chainsaw Massacre: The Next Generation (1994)</title>
    <meta>
        <content>movie</content>
        <imdb>tt0110978</imdb>
        <title>Texas Chainsaw Massacre: The Next Generation</title>
        <year>1994</year>
    </meta>
    <link>
        <sublink>search</sublink>
        <sublink>searchsd</sublink>
    </link>
    <thumbnail>https://image.tmdb.org/t/p/w1280none</thumbnail>
    <fanart>https://image.tmdb.org/t/p/w1280none</fanart>
</item>
<item>
    <title>Blood Ranch (2006 Video)</title>
    <meta>
        <content>movie</content>
        <imdb>tt0773273</imdb>
        <title>Blood Ranch</title>
        <year>2006 Video</year>
    </meta>
    <link>
        <sublink>search</sublink>
        <sublink>searchsd</sublink>
    </link>
    <thumbnail>https://image.tmdb.org/t/p/w1280none</thumbnail>
    <fanart>https://image.tmdb.org/t/p/w1280none</fanart>
</item>
<item>
    <title>The Roost (2005)</title>
    <meta>
        <content>movie</content>
        <imdb>tt0387549</imdb>
        <title>The Roost</title>
        <year>2005</year>
    </meta>
    <link>
        <sublink>search</sublink>
        <sublink>searchsd</sublink>
    </link>
    <thumbnail>https://image.tmdb.org/t/p/w1280none</thumbnail>
    <fanart>https://image.tmdb.org/t/p/w1280none</fanart>
</item>
<item>
    <title>The Butcher (2006)</title>
    <meta>
        <content>movie</content>
        <imdb>tt0478165</imdb>
        <title>The Butcher</title>
        <year>2006</year>
    </meta>
    <link>
        <sublink>search</sublink>
        <sublink>searchsd</sublink>
    </link>
    <thumbnail>https://image.tmdb.org/t/p/w1280none</thumbnail>
    <fanart>https://image.tmdb.org/t/p/w1280none</fanart>
</item>
<item>
    <title>Misery (1990)</title>
    <meta>
        <content>movie</content>
        <imdb>tt0100157</imdb>
        <title>Misery</title>
        <year>1990</year>
    </meta>
    <link>
        <sublink>search</sublink>
        <sublink>searchsd</sublink>
    </link>
    <thumbnail>https://image.tmdb.org/t/p/w1280none</thumbnail>
    <fanart>https://image.tmdb.org/t/p/w1280none</fanart>
</item>
<item>
    <title>Back Woods (2001 Video)</title>
    <meta>
        <content>movie</content>
        <imdb>tt0270847</imdb>
        <title>Back Woods</title>
        <year>2001 Video</year>
    </meta>
    <link>
        <sublink>search</sublink>
        <sublink>searchsd</sublink>
    </link>
    <thumbnail>https://image.tmdb.org/t/p/w1280none</thumbnail>
    <fanart>https://image.tmdb.org/t/p/w1280none</fanart>
</item>
<item>
    <title>Evil Breed: The Legend of Samhain (2003)</title>
    <meta>
        <content>movie</content>
        <imdb>tt0318040</imdb>
        <title>Evil Breed: The Legend of Samhain</title>
        <year>2003</year>
    </meta>
    <link>
        <sublink>search</sublink>
        <sublink>searchsd</sublink>
    </link>
    <thumbnail>https://image.tmdb.org/t/p/w1280none</thumbnail>
    <fanart>https://image.tmdb.org/t/p/w1280none</fanart>
</item>
<item>
    <title>Calvaire (2004)</title>
    <meta>
        <content>movie</content>
        <imdb>tt0407621</imdb>
        <title>Calvaire</title>
        <year>2004</year>
    </meta>
    <link>
        <sublink>search</sublink>
        <sublink>searchsd</sublink>
    </link>
    <thumbnail>https://image.tmdb.org/t/p/w1280none</thumbnail>
    <fanart>https://image.tmdb.org/t/p/w1280none</fanart>
</item>
<item>
    <title>Masters of Horror (2005\xe2\x80\x932007)</title>
    <meta>
        <content>movie</content>
        <imdb>tt0448190</imdb>
        <title>Masters of Horror</title>
        <year>2005\xe2\x80\x932007</year>
    </meta>
    <link>
        <sublink>search</sublink>
        <sublink>searchsd</sublink>
    </link>
    <thumbnail>https://image.tmdb.org/t/p/w1280none</thumbnail>
    <fanart>https://image.tmdb.org/t/p/w1280none</fanart>
</item>
<item>
    <title>Turistas (2006)</title>
    <meta>
        <content>movie</content>
        <imdb>tt0454970</imdb>
        <title>Turistas</title>
        <year>2006</year>
    </meta>
    <link>
        <sublink>search</sublink>
        <sublink>searchsd</sublink>
    </link>
    <thumbnail>https://image.tmdb.org/t/p/w1280none</thumbnail>
    <fanart>https://image.tmdb.org/t/p/w1280none</fanart>
</item>
<item>
    <title>Broken (III) (2006)</title>
    <meta>
        <content>movie</content>
        <imdb>tt0454839</imdb>
        <title>Broken</title>
        <year>III 2006</year>
    </meta>
    <link>
        <sublink>search</sublink>
        <sublink>searchsd</sublink>
    </link>
    <thumbnail>https://image.tmdb.org/t/p/w1280none</thumbnail>
    <fanart>https://image.tmdb.org/t/p/w1280none</fanart>
</item>
<item>
    <title>Train (I) (2008)</title>
    <meta>
        <content>movie</content>
        <imdb>tt1015474</imdb>
        <title>Train</title>
        <year>I 2008</year>
    </meta>
    <link>
        <sublink>search</sublink>
        <sublink>searchsd</sublink>
    </link>
    <thumbnail>https://image.tmdb.org/t/p/w1280none</thumbnail>
    <fanart>https://image.tmdb.org/t/p/w1280none</fanart>
</item>
<item>
    <title>The Loved Ones (2009)</title>
    <meta>
        <content>movie</content>
        <imdb>tt1316536</imdb>
        <title>The Loved Ones</title>
        <year>2009</year>
    </meta>
    <link>
        <sublink>search</sublink>
        <sublink>searchsd</sublink>
    </link>
    <thumbnail>https://image.tmdb.org/t/p/w1280/fJXQRtkMKAAmnEYDPaZ4BtsAhL3.jpg</thumbnail>
    <fanart>https://image.tmdb.org/t/p/w1280/adrELaBtSEFvcIlUBQ4SGrrl3Rs.jpg</fanart>
</item>
<item>
    <title>The Devil's Ground (2009)</title>
    <meta>
        <content>movie</content>
        <imdb>tt1153102</imdb>
        <title>The Devil's Ground</title>
        <year>2009</year>
    </meta>
    <link>
        <sublink>search</sublink>
        <sublink>searchsd</sublink>
    </link>
    <thumbnail>https://image.tmdb.org/t/p/w1280/uUt3o2pk2UIheEEr6aBioHPnqvW.jpg</thumbnail>
    <fanart>https://image.tmdb.org/t/p/w1280/h6E7czFdInrUdSJA6ajSWORifGN.jpg</fanart>
</item>
<item>
    <title>Severance (2006)</title>
    <meta>
        <content>movie</content>
        <imdb>tt0464196</imdb>
        <title>Severance</title>
        <year>2006</year>
    </meta>
    <link>
        <sublink>search</sublink>
        <sublink>searchsd</sublink>
    </link>
    <thumbnail>https://image.tmdb.org/t/p/w1280/z5br42PMzeIHTK8zZSXiaZpypTl.jpg</thumbnail>
    <fanart>https://image.tmdb.org/t/p/w1280/wF6xjWAgdb4qzH3vn1zni0u4ynn.jpg</fanart>
</item>
<item>
    <title>Hillside Cannibals (2006 Video)</title>
    <meta>
        <content>movie</content>
        <imdb>tt0494712</imdb>
        <title>Hillside Cannibals</title>
        <year>2006 Video</year>
    </meta>
    <link>
        <sublink>search</sublink>
        <sublink>searchsd</sublink>
    </link>
    <thumbnail>https://image.tmdb.org/t/p/w1280/5WNbk1AF9wXR0m3K7m7HMLs39hO.jpg</thumbnail>
    <fanart>https://image.tmdb.org/t/p/w1280none</fanart>
</item>
<item>
    <title>Survival (I) (2006)</title>
    <meta>
        <content>movie</content>
        <imdb>tt0811094</imdb>
        <title>Survival</title>
        <year>I 2006</year>
    </meta>
    <link>
        <sublink>search</sublink>
        <sublink>searchsd</sublink>
    </link>
    <thumbnail>https://image.tmdb.org/t/p/w1280none</thumbnail>
    <fanart>https://image.tmdb.org/t/p/w1280none</fanart>
</item>
<item>
    <title>Small Town Folk (2007)</title>
    <meta>
        <content>movie</content>
        <imdb>tt0478265</imdb>
        <title>Small Town Folk</title>
        <year>2007</year>
    </meta>
    <link>
        <sublink>search</sublink>
        <sublink>searchsd</sublink>
    </link>
    <thumbnail>https://image.tmdb.org/t/p/w1280/4bJfxJhnS4zcW8Li0gCyvllQG3Z.jpg</thumbnail>
    <fanart>https://image.tmdb.org/t/p/w1280/yz8ETmS7sekm0jhpy9FCNKBKW4P.jpg</fanart>
</item>
<item>
    <title>Borderland (2007)</title>
    <meta>
        <content>movie</content>
        <imdb>tt0452592</imdb>
        <title>Borderland</title>
        <year>2007</year>
    </meta>
    <link>
        <sublink>search</sublink>
        <sublink>searchsd</sublink>
    </link>
    <thumbnail>https://image.tmdb.org/t/p/w1280/g8wTmHsYePIuRAL0Ub4YsdKs6Xd.jpg</thumbnail>
    <fanart>https://image.tmdb.org/t/p/w1280/fqGMEQKW95418Vq6p1yZmyFFEzW.jpg</fanart>
</item>
<item>
    <title>Don't Go in the Woods (2010)</title>
    <meta>
        <content>movie</content>
        <imdb>tt1651065</imdb>
        <title>Don't Go in the Woods</title>
        <year>2010</year>
    </meta>
    <link>
        <sublink>search</sublink>
        <sublink>searchsd</sublink>
    </link>
    <thumbnail>https://image.tmdb.org/t/p/w1280/5g6NXqUmOx1gat1fuurP3jThhkT.jpg</thumbnail>
    <fanart>https://image.tmdb.org/t/p/w1280none</fanart>
</item>
<item>
    <title>The Forest (1982)</title>
    <meta>
        <content>movie</content>
        <imdb>tt0122070</imdb>
        <title>The Forest</title>
        <year>1982</year>
    </meta>
    <link>
        <sublink>search</sublink>
        <sublink>searchsd</sublink>
    </link>
    <thumbnail>https://image.tmdb.org/t/p/w1280/QNvOiW54Ls8RMHxLOpfUsX5xKb.jpg</thumbnail>
    <fanart>https://image.tmdb.org/t/p/w1280/k0eCC2sDkHyQKNRDocMHFrjnGoW.jpg</fanart>
</item>
<item>
    <title>Penny Dreadful (2006)</title>
    <meta>
        <content>movie</content>
        <imdb>tt0454224</imdb>
        <title>Penny Dreadful</title>
        <year>2006</year>
    </meta>
    <link>
        <sublink>search</sublink>
        <sublink>searchsd</sublink>
    </link>
    <thumbnail>https://image.tmdb.org/t/p/w1280/9sYZBAkkUPJigLrQRrjVJvOp28.jpg</thumbnail>
    <fanart>https://image.tmdb.org/t/p/w1280/ekdHyYpKvI8Y8qaIebzU0gb665g.jpg</fanart>
</item>
<item>
    <title>Reeker (2005)</title>
    <meta>
        <content>movie</content>
        <imdb>tt0393635</imdb>
        <title>Reeker</title>
        <year>2005</year>
    </meta>
    <link>
        <sublink>search</sublink>
        <sublink>searchsd</sublink>
    </link>
    <thumbnail>https://image.tmdb.org/t/p/w1280/qLatxMV1II3D8JvmoyyZb6mnOKH.jpg</thumbnail>
    <fanart>https://image.tmdb.org/t/p/w1280/ory7O7gBbWo2cHh1yW8hYwKcfDC.jpg</fanart>
</item>
<item>
    <title>Riding the Bullet (2004)</title>
    <meta>
        <content>movie</content>
        <imdb>tt0355954</imdb>
        <title>Riding the Bullet</title>
        <year>2004</year>
    </meta>
    <link>
        <sublink>search</sublink>
        <sublink>searchsd</sublink>
    </link>
    <thumbnail>https://image.tmdb.org/t/p/w1280/vxhChgkTijDhDbUi0yR1BF7kyWz.jpg</thumbnail>
    <fanart>https://image.tmdb.org/t/p/w1280/6tUKImTbUvxot6nl853RK5FVLxa.jpg</fanart>
</item>
<item>
    <title>Dark Country (2009)</title>
    <meta>
        <content>movie</content>
        <imdb>tt0469318</imdb>
        <title>Dark Country</title>
        <year>2009</year>
    </meta>
    <link>
        <sublink>search</sublink>
        <sublink>searchsd</sublink>
    </link>
    <thumbnail>https://image.tmdb.org/t/p/w1280/3pAQDKd50bjM6WK0DTFDfexf2fN.jpg</thumbnail>
    <fanart>https://image.tmdb.org/t/p/w1280/dsxAUNA56kl1nIUT4LVKhTV4eRK.jpg</fanart>
</item>
<item>
    <title>Hit and Run (2009 Video)</title>
    <meta>
        <content>movie</content>
        <imdb>tt1199550</imdb>
        <title>Hit and Run</title>
        <year>2009 Video</year>
    </meta>
    <link>
        <sublink>search</sublink>
        <sublink>searchsd</sublink>
    </link>
    <thumbnail>https://image.tmdb.org/t/p/w1280/bbgQYgvXLnOwcnrOFAQRgvSNTTU.jpg</thumbnail>
    <fanart>https://image.tmdb.org/t/p/w1280/tXwMs6KInKTEPTd3rXSnWNtuGrT.jpg</fanart>
</item>
<item>
    <title>Black Cadillac (2003)</title>
    <meta>
        <content>movie</content>
        <imdb>tt0313285</imdb>
        <title>Black Cadillac</title>
        <year>2003</year>
    </meta>
    <link>
        <sublink>search</sublink>
        <sublink>searchsd</sublink>
    </link>
    <thumbnail>https://image.tmdb.org/t/p/w1280/8V9pVAAExSiuez8L1vFLBxM5Wmo.jpg</thumbnail>
    <fanart>https://image.tmdb.org/t/p/w1280/tPj1VAL7hQscpz6ye5syOKglSop.jpg</fanart>
</item>
<item>
    <title>The Reeds (2010)</title>
    <meta>
        <content>movie</content>
        <imdb>tt1327200</imdb>
        <title>The Reeds</title>
        <year>2010</year>
    </meta>
    <link>
        <sublink>search</sublink>
        <sublink>searchsd</sublink>
    </link>
    <thumbnail>https://image.tmdb.org/t/p/w1280/13RQsoggjl3YziePJOtQSArizKv.jpg</thumbnail>
    <fanart>https://image.tmdb.org/t/p/w1280/4u8MbJ5naeRJjCgbYNCbwdXt1vJ.jpg</fanart>
</item>
<item>
    <title>A Night in the Woods (2011)</title>
    <meta>
        <content>movie</content>
        <imdb>tt1718714</imdb>
        <title>A Night in the Woods</title>
        <year>2011</year>
    </meta>
    <link>
        <sublink>search</sublink>
        <sublink>searchsd</sublink>
    </link>
    <thumbnail>https://image.tmdb.org/t/p/w1280/zmsqhbOZofpHqIVB2MTIFfDIMEh.jpg</thumbnail>
    <fanart>https://image.tmdb.org/t/p/w1280/xbhoUJjm2n7WEkcvzVigwE5OJ4t.jpg</fanart>
</item>
<item>
    <title>Pig Hunt (2008)</title>
    <meta>
        <content>movie</content>
        <imdb>tt1022883</imdb>
        <title>Pig Hunt</title>
        <year>2008</year>
    </meta>
    <link>
        <sublink>search</sublink>
        <sublink>searchsd</sublink>
    </link>
    <thumbnail>https://image.tmdb.org/t/p/w1280/xshNV9XQsOI2z6gKAmS6o0Tlmrr.jpg</thumbnail>
    <fanart>https://image.tmdb.org/t/p/w1280/ursBfGIrtq7i2ezVrx6LhemuXXB.jpg</fanart>
</item>
<item>
    <title>The Barrens (2012)</title>
    <meta>
        <content>movie</content>
        <imdb>tt2050633</imdb>
        <title>The Barrens</title>
        <year>2012</year>
    </meta>
    <link>
        <sublink>search</sublink>
        <sublink>searchsd</sublink>
    </link>
    <thumbnail>https://image.tmdb.org/t/p/w1280/aUN3od4cpNfPutGGLgAGWMgNFFA.jpg</thumbnail>
    <fanart>https://image.tmdb.org/t/p/w1280/x5oTBA6zRN1NNxPUfTaPDqAMsXZ.jpg</fanart>
</item>
<item>
    <title>Fear Island (2009 TV Movie)</title>
    <meta>
        <content>movie</content>
        <imdb>tt1109583</imdb>
        <title>Fear Island</title>
        <year>2009 TV Movie</year>
    </meta>
    <link>
        <sublink>search</sublink>
        <sublink>searchsd</sublink>
    </link>
    <thumbnail>https://image.tmdb.org/t/p/w1280/sXd59XYsC3J9gX3zitwosgZQXQI.jpg</thumbnail>
    <fanart>https://image.tmdb.org/t/p/w1280/6lQ5FhwGauKF1akTQMRBDyQjbM6.jpg</fanart>
</item>
<item>
    <title>No Tell Motel (2012)</title>
    <meta>
        <content>movie</content>
        <imdb>tt2049511</imdb>
        <title>No Tell Motel</title>
        <year>2012</year>
    </meta>
    <link>
        <sublink>search</sublink>
        <sublink>searchsd</sublink>
    </link>
    <thumbnail>https://image.tmdb.org/t/p/w1280/9p58LYL38B9kpRQaFKoiQsUSqhA.jpg</thumbnail>
    <fanart>https://image.tmdb.org/t/p/w1280/vLiycLYoU0icXjCAZkEdcwJ3xAW.jpg</fanart>
</item>
<item>
    <title>Roadside Massacre (2012)</title>
    <meta>
        <content>movie</content>
        <imdb>tt2345695</imdb>
        <title>Roadside Massacre</title>
        <year>2012</year>
    </meta>
    <link>
        <sublink>search</sublink>
        <sublink>searchsd</sublink>
    </link>
    <thumbnail>https://image.tmdb.org/t/p/w1280/1wVLuFbuhYRbF9ikgmFlP8hhZEz.jpg</thumbnail>
    <fanart>https://image.tmdb.org/t/p/w1280/5PKLhTwf7sCoyUTWtqgrD3CbIXx.jpg</fanart>
</item>
<item>
    <title>If a Tree Falls (2010)</title>
    <meta>
        <content>movie</content>
        <imdb>tt1650412</imdb>
        <title>If a Tree Falls</title>
        <year>2010</year>
    </meta>
    <link>
        <sublink>search</sublink>
        <sublink>searchsd</sublink>
    </link>
    <thumbnail>https://image.tmdb.org/t/p/w1280/6l7qTsCUXl9XIhuTPck7UWrjpc4.jpg</thumbnail>
    <fanart>https://image.tmdb.org/t/p/w1280none</fanart>
</item>
<item>
    <title>Psycho Holocaust (2009)</title>
    <meta>
        <content>movie</content>
        <imdb>tt1063103</imdb>
        <title>Psycho Holocaust</title>
        <year>2009</year>
    </meta>
    <link>
        <sublink>search</sublink>
        <sublink>searchsd</sublink>
    </link>
    <thumbnail>https://image.tmdb.org/t/p/w1280/g4VceRkNYMIcyeohV7wUIUqsvnq.jpg</thumbnail>
    <fanart>https://image.tmdb.org/t/p/w1280none</fanart>
</item>
<item>
    <title>Gnaw (II) (2008)</title>
    <meta>
        <content>movie</content>
        <imdb>tt1268208</imdb>
        <title>Gnaw</title>
        <year>II 2008</year>
    </meta>
    <link>
        <sublink>search</sublink>
        <sublink>searchsd</sublink>
    </link>
    <thumbnail>https://image.tmdb.org/t/p/w1280/680qpVkXYRG4bPubx3dkitLQM5f.jpg</thumbnail>
    <fanart>https://image.tmdb.org/t/p/w1280/oikzmGtSmgYAWs8Zq8aL56tc28z.jpg</fanart>
</item>
<item>
    <title>Flesh, TX (2009 Video)</title>
    <meta>
        <content>movie</content>
        <imdb>tt1099199</imdb>
        <title>Flesh, TX</title>
        <year>2009 Video</year>
    </meta>
    <link>
        <sublink>search</sublink>
        <sublink>searchsd</sublink>
    </link>
    <thumbnail>https://image.tmdb.org/t/p/w1280/GwxHOQrH1E0D2eWz9y8KA1L80a.jpg</thumbnail>
    <fanart>https://image.tmdb.org/t/p/w1280/5aPG3Rqb0cNnhqzb5z3q9X0HhTM.jpg</fanart>
</item>
<item>
    <title>Blood Oath (2007 Video)</title>
    <meta>
        <content>movie</content>
        <imdb>tt0972362</imdb>
        <title>Blood Oath</title>
        <year>2007 Video</year>
    </meta>
    <link>
        <sublink>search</sublink>
        <sublink>searchsd</sublink>
    </link>
    <thumbnail>https://image.tmdb.org/t/p/w1280/qwQtzypPM7hYD4JTWZsxWTaNOhQ.jpg</thumbnail>
    <fanart>https://image.tmdb.org/t/p/w1280none</fanart>
</item>
<item>
    <title>Blood Games (1990)</title>
    <meta>
        <content>movie</content>
        <imdb>tt0099151</imdb>
        <title>Blood Games</title>
        <year>1990</year>
    </meta>
    <link>
        <sublink>search</sublink>
        <sublink>searchsd</sublink>
    </link>
    <thumbnail>https://image.tmdb.org/t/p/w1280/h0jMrKo5HTQRKO6rFKACdqeuUPQ.jpg</thumbnail>
    <fanart>https://image.tmdb.org/t/p/w1280/sNRT9beYit7A16rGUgZwDAMnb6.jpg</fanart>
</item>
<dir>
    <title>[COLOR white]Next Page >>[/COLOR]</title>
    <imdburl>list/ls025756125/?page=2</imdburl>
    <thumbnail>https://image.ibb.co/gtsNjw/next.png</thumbnail>
</dir>
