<item>
    <title>Amityville II: The Possession (1982)</title>
    <meta>
        <content>movie</content>
        <imdb>tt0083550</imdb>
        <title>Amityville II: The Possession</title>
        <year>1982</year>
    </meta>
    <link>
        <sublink>search</sublink>
        <sublink>searchsd</sublink>
    </link>
    <thumbnail>https://image.tmdb.org/t/p/w1280/qzvf4p6bKyadZQo2aZFsR4uuT2W.jpg</thumbnail>
    <fanart>https://image.tmdb.org/t/p/w1280/rZHdqFaKU6FuSCfchnyjm8nMjrd.jpg</fanart>
</item>
<item>
    <title>Amityville 3-D (1983)</title>
    <meta>
        <content>movie</content>
        <imdb>tt0085159</imdb>
        <title>Amityville 3-D</title>
        <year>1983</year>
    </meta>
    <link>
        <sublink>search</sublink>
        <sublink>searchsd</sublink>
    </link>
    <thumbnail>https://image.tmdb.org/t/p/w1280/nttiT4ebfMQXYS0hJ0YdTzikZMq.jpg</thumbnail>
    <fanart>https://image.tmdb.org/t/p/w1280/xRWwI4l1jYrf0HaoBeMg1LNkstk.jpg</fanart>
</item>
<item>
    <title>Amityville 1992: It's About Time (1992 Video)</title>
    <meta>
        <content>movie</content>
        <imdb>tt0103678</imdb>
        <title>Amityville 1992: It's About Time</title>
        <year>1992 Video</year>
    </meta>
    <link>
        <sublink>search</sublink>
        <sublink>searchsd</sublink>
    </link>
    <thumbnail>https://image.tmdb.org/t/p/w1280/nJiglOtMoWIwBpiGLxMRVqk2GGG.jpg</thumbnail>
    <fanart>https://image.tmdb.org/t/p/w1280/zKQ6yUCmcaaHNUfNopSB9R27CTH.jpg</fanart>
</item>
<item>
    <title>Amityville: A New Generation (1993 Video)</title>
    <meta>
        <content>movie</content>
        <imdb>tt0106262</imdb>
        <title>Amityville: A New Generation</title>
        <year>1993 Video</year>
    </meta>
    <link>
        <sublink>search</sublink>
        <sublink>searchsd</sublink>
    </link>
    <thumbnail>https://image.tmdb.org/t/p/w1280/Ks0GNi0ZSL2So5V9cRlNAm0K1f.jpg</thumbnail>
    <fanart>https://image.tmdb.org/t/p/w1280/nWnuGsopr2TwCt9Pxo5tXYnkqCI.jpg</fanart>
</item>
<item>
    <title>The Amityville Horror (2005)</title>
    <meta>
        <content>movie</content>
        <imdb>tt0384806</imdb>
        <title>The Amityville Horror</title>
        <year>2005</year>
    </meta>
    <link>
        <sublink>search</sublink>
        <sublink>searchsd</sublink>
    </link>
    <thumbnail>https://image.tmdb.org/t/p/w1280/cZW2ajrHSiA0Ar2o00g4ezUYqZX.jpg</thumbnail>
    <fanart>https://image.tmdb.org/t/p/w1280/zrLF8DtMgdiLfNbJU6VrhaN8Mpf.jpg</fanart>
</item>
<item>
    <title>The Amityville Haunting (2011 Video)</title>
    <meta>
        <content>movie</content>
        <imdb>tt2042447</imdb>
        <title>The Amityville Haunting</title>
        <year>2011 Video</year>
    </meta>
    <link>
        <sublink>search</sublink>
        <sublink>searchsd</sublink>
    </link>
    <thumbnail>https://image.tmdb.org/t/p/w1280/iHpniKbJBU1Ddgmea93jB97w1tK.jpg</thumbnail>
    <fanart>https://image.tmdb.org/t/p/w1280/3yvWvHREJ7CCggSYzbyraqHzE7C.jpg</fanart>
</item>
<item>
    <title>The Attic (2007 Video)</title>
    <meta>
        <content>movie</content>
        <imdb>tt0485857</imdb>
        <title>The Attic</title>
        <year>2007 Video</year>
    </meta>
    <link>
        <sublink>search</sublink>
        <sublink>searchsd</sublink>
    </link>
    <thumbnail>https://image.tmdb.org/t/p/w1280/lFUtefvTdSTlxaEQBcKh0AQ2Lwt.jpg</thumbnail>
    <fanart>https://image.tmdb.org/t/p/w1280/jjNCdNPbwohH6x65eHplYoOuzKf.jpg</fanart>
</item>
<item>
    <title>The Attic Door (2009)</title>
    <meta>
        <content>movie</content>
        <imdb>tt1098358</imdb>
        <title>The Attic Door</title>
        <year>2009</year>
    </meta>
    <link>
        <sublink>search</sublink>
        <sublink>searchsd</sublink>
    </link>
    <thumbnail>https://image.tmdb.org/t/p/w1280/ddMaPbU3UpLvPBWOiUQam7AxAbi.jpg</thumbnail>
    <fanart>https://image.tmdb.org/t/p/w1280/7GivbqTeBlWI1vdWzPbDSuJCtDr.jpg</fanart>
</item>
<item>
    <title>The Bates Haunting (2012)</title>
    <meta>
        <content>movie</content>
        <imdb>tt1833887</imdb>
        <title>The Bates Haunting</title>
        <year>2012</year>
    </meta>
    <link>
        <sublink>search</sublink>
        <sublink>searchsd</sublink>
    </link>
    <thumbnail>https://image.tmdb.org/t/p/w1280/cCNopKtnpZ2gFKE45jr8W7kYNMn.jpg</thumbnail>
    <fanart>https://image.tmdb.org/t/p/w1280/dZuIqTMxTGIctoDC7LCcx2CpLkq.jpg</fanart>
</item>
<item>
    <title>The Beacon (2009)</title>
    <meta>
        <content>movie</content>
        <imdb>tt1190910</imdb>
        <title>The Beacon</title>
        <year>2009</year>
    </meta>
    <link>
        <sublink>search</sublink>
        <sublink>searchsd</sublink>
    </link>
    <thumbnail>https://image.tmdb.org/t/p/w1280/oJ61i7eCmJuaBLQulAYet2ytUog.jpg</thumbnail>
    <fanart>https://image.tmdb.org/t/p/w1280/glNm9M3YjfVwOMvrcVtLG0B3dsV.jpg</fanart>
</item>
<item>
    <title>Bell Witch Haunting (2004)</title>
    <meta>
        <content>movie</content>
        <imdb>tt0433341</imdb>
        <title>Bell Witch Haunting</title>
        <year>2004</year>
    </meta>
    <link>
        <sublink>search</sublink>
        <sublink>searchsd</sublink>
    </link>
    <thumbnail>https://image.tmdb.org/t/p/w1280/86WViuTZJr8KYesZiyC8xQ2yhnj.jpg</thumbnail>
    <fanart>https://image.tmdb.org/t/p/w1280none</fanart>
</item>
<item>
    <title>The Bell Witch Haunting (2013)</title>
    <meta>
        <content>movie</content>
        <imdb>tt2991532</imdb>
        <title>The Bell Witch Haunting</title>
        <year>2013</year>
    </meta>
    <link>
        <sublink>search</sublink>
        <sublink>searchsd</sublink>
    </link>
    <thumbnail>https://image.tmdb.org/t/p/w1280/wpXR3g96vDC1rtQD2eQpGoy0IdF.jpg</thumbnail>
    <fanart>https://image.tmdb.org/t/p/w1280/8oppdGc6y4s7YdtFuSwmqxgGrUR.jpg</fanart>
</item>
<item>
    <title>Boo (2005)</title>
    <meta>
        <content>movie</content>
        <imdb>tt0385560</imdb>
        <title>Boo</title>
        <year>2005</year>
    </meta>
    <link>
        <sublink>search</sublink>
        <sublink>searchsd</sublink>
    </link>
    <thumbnail>https://image.tmdb.org/t/p/w1280/nKFMnoK4vHll9qYYsesz2PhWjIS.jpg</thumbnail>
    <fanart>https://image.tmdb.org/t/p/w1280/AflYz1Vx7ELF2TVxn1PtO3mctoo.jpg</fanart>
</item>
<item>
    <title>The Conjuring (2013)</title>
    <meta>
        <content>movie</content>
        <imdb>tt1457767</imdb>
        <title>The Conjuring</title>
        <year>2013</year>
    </meta>
    <link>
        <sublink>search</sublink>
        <sublink>searchsd</sublink>
    </link>
    <thumbnail>https://image.tmdb.org/t/p/w1280/xYGkdhOEVoFrLNUotuTXemtQAWd.jpg</thumbnail>
    <fanart>https://image.tmdb.org/t/p/w1280/ksV4twEYj9HUjq2MP6q2dM0rxWX.jpg</fanart>
</item>
<item>
    <title>The Curse of Blanchard Hill (2006 Video)</title>
    <meta>
        <content>movie</content>
        <imdb>tt1176102</imdb>
        <title>The Curse of Blanchard Hill</title>
        <year>2006 Video</year>
    </meta>
    <link>
        <sublink>search</sublink>
        <sublink>searchsd</sublink>
    </link>
    <thumbnail>https://image.tmdb.org/t/p/w1280/wQxS3MtsdJpsvHkYAHMVFDS0cyS.jpg</thumbnail>
    <fanart>https://image.tmdb.org/t/p/w1280none</fanart>
</item>
<item>
    <title>Dark House (2009)</title>
    <meta>
        <content>movie</content>
        <imdb>tt1260567</imdb>
        <title>Dark House</title>
        <year>2009</year>
    </meta>
    <link>
        <sublink>search</sublink>
        <sublink>searchsd</sublink>
    </link>
    <thumbnail>https://image.tmdb.org/t/p/w1280/5kSy4MBo3lC0pQANpjqzrucbAO5.jpg</thumbnail>
    <fanart>https://image.tmdb.org/t/p/w1280/zgVcmxiE1Cx1mRsZBx3Qnhz7D1S.jpg</fanart>
</item>
<item>
    <title>Dom zly (2009)</title>
    <meta>
        <content>movie</content>
        <imdb>tt1485698</imdb>
        <title>Dom zly</title>
        <year>2009</year>
    </meta>
    <link>
        <sublink>search</sublink>
        <sublink>searchsd</sublink>
    </link>
    <thumbnail>https://image.tmdb.org/t/p/w1280/p7obRQiKkobOrKaw1eBQ6p2Ag0M.jpg</thumbnail>
    <fanart>https://image.tmdb.org/t/p/w1280/faeytH3MuCIAyPCc8odZzRW4kwk.jpg</fanart>
</item>
<item>
    <title>Dark Mirror (2007)</title>
    <meta>
        <content>movie</content>
        <imdb>tt0486651</imdb>
        <title>Dark Mirror</title>
        <year>2007</year>
    </meta>
    <link>
        <sublink>search</sublink>
        <sublink>searchsd</sublink>
    </link>
    <thumbnail>https://image.tmdb.org/t/p/w1280/e0EOICqCh2OrVWgGU0GiEbv0eFM.jpg</thumbnail>
    <fanart>https://image.tmdb.org/t/p/w1280/feJOooVYyHWOcweTEwduwaOU5Zx.jpg</fanart>
</item>
<item>
    <title>Dark Remains (2005)</title>
    <meta>
        <content>movie</content>
        <imdb>tt0433360</imdb>
        <title>Dark Remains</title>
        <year>2005</year>
    </meta>
    <link>
        <sublink>search</sublink>
        <sublink>searchsd</sublink>
    </link>
    <thumbnail>https://image.tmdb.org/t/p/w1280/wzidCtcXgYseBvCB5hfMK4TVrrh.jpg</thumbnail>
    <fanart>https://image.tmdb.org/t/p/w1280/l0ywTaZeyXkkOIvY84L7xNkssdM.jpg</fanart>
</item>
<item>
    <title>Dark Water (2005)</title>
    <meta>
        <content>movie</content>
        <imdb>tt0382628</imdb>
        <title>Dark Water</title>
        <year>2005</year>
    </meta>
    <link>
        <sublink>search</sublink>
        <sublink>searchsd</sublink>
    </link>
    <thumbnail>https://image.tmdb.org/t/p/w1280/62Gtqvje0qhTBTBoDxJRMPePyHM.jpg</thumbnail>
    <fanart>https://image.tmdb.org/t/p/w1280/emR9beEMZoxeyVV8cb4628BVBTc.jpg</fanart>
</item>
<item>
    <title>Darkness (2002)</title>
    <meta>
        <content>movie</content>
        <imdb>tt0273517</imdb>
        <title>Darkness</title>
        <year>2002</year>
    </meta>
    <link>
        <sublink>search</sublink>
        <sublink>searchsd</sublink>
    </link>
    <thumbnail>https://image.tmdb.org/t/p/w1280/qzvLknSK4qyAb6lugJgnffS6aTa.jpg</thumbnail>
    <fanart>https://image.tmdb.org/t/p/w1280/6PvVYv0BgDM1ziSk1CkK84QDvPa.jpg</fanart>
</item>
<item>
    <title>Dead Souls (2012)</title>
    <meta>
        <content>movie</content>
        <imdb>tt2188717</imdb>
        <title>Dead Souls</title>
        <year>2012</year>
    </meta>
    <link>
        <sublink>search</sublink>
        <sublink>searchsd</sublink>
    </link>
    <thumbnail>https://image.tmdb.org/t/p/w1280/nYvhRhhsE6lwVZwR6FOqsPYsCYd.jpg</thumbnail>
    <fanart>https://image.tmdb.org/t/p/w1280/pXkdAOkxrUnGlS5WxLy0s1pVef9.jpg</fanart>
</item>
<item>
    <title>Death on Demand (2008)</title>
    <meta>
        <content>movie</content>
        <imdb>tt0902274</imdb>
        <title>Death on Demand</title>
        <year>2008</year>
    </meta>
    <link>
        <sublink>search</sublink>
        <sublink>searchsd</sublink>
    </link>
    <thumbnail>https://image.tmdb.org/t/p/w1280/hh90gg1M1x3tGfNUXFfsMmbn81f.jpg</thumbnail>
    <fanart>https://image.tmdb.org/t/p/w1280/20A6P3k1TuAy42eBkc8X4DxiiV8.jpg</fanart>
</item>
<item>
    <title>Death Tunnel (2005)</title>
    <meta>
        <content>movie</content>
        <imdb>tt0418627</imdb>
        <title>Death Tunnel</title>
        <year>2005</year>
    </meta>
    <link>
        <sublink>search</sublink>
        <sublink>searchsd</sublink>
    </link>
    <thumbnail>https://image.tmdb.org/t/p/w1280/1yyIR5vfQvBoC2QK9ejnmTFoYgo.jpg</thumbnail>
    <fanart>https://image.tmdb.org/t/p/w1280/lyqv36XIGndGtKmnZBVq64ntQah.jpg</fanart>
</item>
<item>
    <title>Divination (III) (2011)</title>
    <meta>
        <content>movie</content>
        <imdb>tt2123174</imdb>
        <title>Divination</title>
        <year>III 2011</year>
    </meta>
    <link>
        <sublink>search</sublink>
        <sublink>searchsd</sublink>
    </link>
    <thumbnail>https://image.tmdb.org/t/p/w1280/rkzospaNoHWlTVT3tdJTBZFKQ8q.jpg</thumbnail>
    <fanart>https://image.tmdb.org/t/p/w1280none</fanart>
</item>
<item>
    <title>Don't Be Afraid of the Dark (2010)</title>
    <meta>
        <content>movie</content>
        <imdb>tt1270761</imdb>
        <title>Don't Be Afraid of the Dark</title>
        <year>2010</year>
    </meta>
    <link>
        <sublink>search</sublink>
        <sublink>searchsd</sublink>
    </link>
    <thumbnail>https://image.tmdb.org/t/p/w1280/5RGZI8ZjV5u1KUlNEejvG43At4c.jpg</thumbnail>
    <fanart>https://image.tmdb.org/t/p/w1280/zW9Ia77f4ROD5IPWBIjBCxGBs9E.jpg</fanart>
</item>
<item>
    <title>Dream House (2011)</title>
    <meta>
        <content>movie</content>
        <imdb>tt1462041</imdb>
        <title>Dream House</title>
        <year>2011</year>
    </meta>
    <link>
        <sublink>search</sublink>
        <sublink>searchsd</sublink>
    </link>
    <thumbnail>https://image.tmdb.org/t/p/w1280/8MDE7wXp7gxf61yRDptSLowU2e6.jpg</thumbnail>
    <fanart>https://image.tmdb.org/t/p/w1280/jA4sN4MEzs3J96nb3CJJfCPP77Z.jpg</fanart>
</item>
<item>
    <title>In the Dead of Night (2009)</title>
    <meta>
        <content>movie</content>
        <imdb>tt1507951</imdb>
        <title>In the Dead of Night</title>
        <year>2009</year>
    </meta>
    <link>
        <sublink>search</sublink>
        <sublink>searchsd</sublink>
    </link>
    <thumbnail>https://image.tmdb.org/t/p/w1280none</thumbnail>
    <fanart>https://image.tmdb.org/t/p/w1280none</fanart>
</item>
<item>
    <title>Frxc3xa1giles (2005)</title>
    <meta>
        <content>movie</content>
        <imdb>tt0422272</imdb>
        <title>Frxc3xa1giles</title>
        <year>2005</year>
    </meta>
    <link>
        <sublink>search</sublink>
        <sublink>searchsd</sublink>
    </link>
    <thumbnail>https://image.tmdb.org/t/p/w1280/zNjjrfbI3gb1FcRPmr9FZX1zyrI.jpg</thumbnail>
    <fanart>https://image.tmdb.org/t/p/w1280/mU8PPtrSfkZ86t6ESi0uJTnM4yX.jpg</fanart>
</item>
<item>
    <title>8213: Gacy House (2010 Video)</title>
    <meta>
        <content>movie</content>
        <imdb>tt1667418</imdb>
        <title>8213: Gacy House</title>
        <year>2010 Video</year>
    </meta>
    <link>
        <sublink>search</sublink>
        <sublink>searchsd</sublink>
    </link>
    <thumbnail>https://image.tmdb.org/t/p/w1280/1GE5jrEB5ZefrzKwGgv6uSUCLpI.jpg</thumbnail>
    <fanart>https://image.tmdb.org/t/p/w1280/4N8fnnV6CdR33PABUxyx1eRjLW.jpg</fanart>
</item>
<item>
    <title>The Grudge (2004)</title>
    <meta>
        <content>movie</content>
        <imdb>tt0391198</imdb>
        <title>The Grudge</title>
        <year>2004</year>
    </meta>
    <link>
        <sublink>search</sublink>
        <sublink>searchsd</sublink>
    </link>
    <thumbnail>https://image.tmdb.org/t/p/w1280/y05X9RL0FIcEwoVSTppCPcQwhvf.jpg</thumbnail>
    <fanart>https://image.tmdb.org/t/p/w1280/jLtAbxJvYdveTr3AeBZyzf9dkOM.jpg</fanart>
</item>
<item>
    <title>The Grudge 2 (2006)</title>
    <meta>
        <content>movie</content>
        <imdb>tt0433386</imdb>
        <title>The Grudge 2</title>
        <year>2006</year>
    </meta>
    <link>
        <sublink>search</sublink>
        <sublink>searchsd</sublink>
    </link>
    <thumbnail>https://image.tmdb.org/t/p/w1280/lPN7FyCuPDHwoupcuPT72cRE8lY.jpg</thumbnail>
    <fanart>https://image.tmdb.org/t/p/w1280/1d3RaNQC1CzaK0N3E3n6EQ7k2v1.jpg</fanart>
</item>
<item>
    <title>The Grudge 3 (2009)</title>
    <meta>
        <content>movie</content>
        <imdb>tt1053859</imdb>
        <title>The Grudge 3</title>
        <year>2009</year>
    </meta>
    <link>
        <sublink>search</sublink>
        <sublink>searchsd</sublink>
    </link>
    <thumbnail>https://image.tmdb.org/t/p/w1280/vYCVXrk7K5BaFdz3kxdsC8515gQ.jpg</thumbnail>
    <fanart>https://image.tmdb.org/t/p/w1280/33E1uX8tOvaUI1NKZqQZIonQzai.jpg</fanart>
</item>
<item>
    <title>Hallow's End (2003 Video)</title>
    <meta>
        <content>movie</content>
        <imdb>tt0338088</imdb>
        <title>Hallow's End</title>
        <year>2003 Video</year>
    </meta>
    <link>
        <sublink>search</sublink>
        <sublink>searchsd</sublink>
    </link>
    <thumbnail>https://image.tmdb.org/t/p/w1280/udR6apwLgzvclQI5jfbE4wp5Ecu.jpg</thumbnail>
    <fanart>https://image.tmdb.org/t/p/w1280none</fanart>
</item>
<item>
    <title>Haunted - 3D (2011)</title>
    <meta>
        <content>movie</content>
        <imdb>tt1887763</imdb>
        <title>Haunted - 3D</title>
        <year>2011</year>
    </meta>
    <link>
        <sublink>search</sublink>
        <sublink>searchsd</sublink>
    </link>
    <thumbnail>https://image.tmdb.org/t/p/w1280/5HLWetN64BYL82T7koHBmsYhAxo.jpg</thumbnail>
    <fanart>https://image.tmdb.org/t/p/w1280none</fanart>
</item>
<item>
    <title>Haunted (II) (2013)</title>
    <meta>
        <content>movie</content>
        <imdb>tt2133234</imdb>
        <title>Haunted</title>
        <year>II 2013</year>
    </meta>
    <link>
        <sublink>search</sublink>
        <sublink>searchsd</sublink>
    </link>
    <thumbnail>https://image.tmdb.org/t/p/w1280/9kPa7xiYedBXl1GZboQnt4FW7NV.jpg</thumbnail>
    <fanart>https://image.tmdb.org/t/p/w1280/u2jFvKEkU4aR2pDEprMh7JxR0lR.jpg</fanart>
</item>
<item>
    <title>The Haunted Mansion (2003)</title>
    <meta>
        <content>movie</content>
        <imdb>tt0338094</imdb>
        <title>The Haunted Mansion</title>
        <year>2003</year>
    </meta>
    <link>
        <sublink>search</sublink>
        <sublink>searchsd</sublink>
    </link>
    <thumbnail>https://image.tmdb.org/t/p/w1280/gEAvUQ4357Fghaqthi7X3wK9Y9U.jpg</thumbnail>
    <fanart>https://image.tmdb.org/t/p/w1280/ardDe5n33i0061Au5qNZaWiEPJg.jpg</fanart>
</item>
<item>
    <title>A Haunting (2005\xe2\x80\x932017)</title>
    <meta>
        <content>movie</content>
        <imdb>tt0484243</imdb>
        <title>A Haunting</title>
        <year>2005\xe2\x80\x932017</year>
    </meta>
    <link>
        <sublink>search</sublink>
        <sublink>searchsd</sublink>
    </link>
    <thumbnail>https://image.tmdb.org/t/p/w1280none</thumbnail>
    <fanart>https://image.tmdb.org/t/p/w1280none</fanart>
</item>
<item>
    <title>The Haunting (2009)</title>
    <meta>
        <content>movie</content>
        <imdb>tt0829251</imdb>
        <title>The Haunting</title>
        <year>2009</year>
    </meta>
    <link>
        <sublink>search</sublink>
        <sublink>searchsd</sublink>
    </link>
    <thumbnail>https://image.tmdb.org/t/p/w1280/xMOJIVm6hurujjieLb1rePJFFri.jpg</thumbnail>
    <fanart>https://image.tmdb.org/t/p/w1280/mnQDlOabJDWhr0Vg3vAPAhs6oqG.jpg</fanart>
</item>
<item>
    <title>The Haunting (1999)</title>
    <meta>
        <content>movie</content>
        <imdb>tt0171363</imdb>
        <title>The Haunting</title>
        <year>1999</year>
    </meta>
    <link>
        <sublink>search</sublink>
        <sublink>searchsd</sublink>
    </link>
    <thumbnail>https://image.tmdb.org/t/p/w1280/6cZp6bho46sCGKJ3by3hnhCs5TD.jpg</thumbnail>
    <fanart>https://image.tmdb.org/t/p/w1280/xUWFkVZOEQ06ZstIG6xSS4RcjdJ.jpg</fanart>
</item>
<item>
    <title>A Haunting in Connecticut (2002 TV Movie)</title>
    <meta>
        <content>movie</content>
        <imdb>tt0439602</imdb>
        <title>A Haunting in Connecticut</title>
        <year>2002 TV Movie</year>
    </meta>
    <link>
        <sublink>search</sublink>
        <sublink>searchsd</sublink>
    </link>
    <thumbnail>https://image.tmdb.org/t/p/w1280none</thumbnail>
    <fanart>https://image.tmdb.org/t/p/w1280none</fanart>
</item>
<item>
    <title>The Haunting in Connecticut (2009)</title>
    <meta>
        <content>movie</content>
        <imdb>tt0492044</imdb>
        <title>The Haunting in Connecticut</title>
        <year>2009</year>
    </meta>
    <link>
        <sublink>search</sublink>
        <sublink>searchsd</sublink>
    </link>
    <thumbnail>https://image.tmdb.org/t/p/w1280none</thumbnail>
    <fanart>https://image.tmdb.org/t/p/w1280none</fanart>
</item>
<item>
    <title>The Haunting in Connecticut 2: Ghosts of Georgia (2013)</title>
    <meta>
        <content>movie</content>
        <imdb>tt1457765</imdb>
        <title>The Haunting in Connecticut 2: Ghosts of Georgia</title>
        <year>2013</year>
    </meta>
    <link>
        <sublink>search</sublink>
        <sublink>searchsd</sublink>
    </link>
    <thumbnail>https://image.tmdb.org/t/p/w1280none</thumbnail>
    <fanart>https://image.tmdb.org/t/p/w1280none</fanart>
</item>
<item>
    <title>The Haunting of Helena (2012)</title>
    <meta>
        <content>movie</content>
        <imdb>tt2378191</imdb>
        <title>The Haunting of Helena</title>
        <year>2012</year>
    </meta>
    <link>
        <sublink>search</sublink>
        <sublink>searchsd</sublink>
    </link>
    <thumbnail>https://image.tmdb.org/t/p/w1280none</thumbnail>
    <fanart>https://image.tmdb.org/t/p/w1280none</fanart>
</item>
<item>
    <title>The Haunting of Marsten Manor (2007)</title>
    <meta>
        <content>movie</content>
        <imdb>tt0945564</imdb>
        <title>The Haunting of Marsten Manor</title>
        <year>2007</year>
    </meta>
    <link>
        <sublink>search</sublink>
        <sublink>searchsd</sublink>
    </link>
    <thumbnail>https://image.tmdb.org/t/p/w1280none</thumbnail>
    <fanart>https://image.tmdb.org/t/p/w1280none</fanart>
</item>
<item>
    <title>The Haunting of Pearson Place (2014)</title>
    <meta>
        <content>movie</content>
        <imdb>tt1301304</imdb>
        <title>The Haunting of Pearson Place</title>
        <year>2014</year>
    </meta>
    <link>
        <sublink>search</sublink>
        <sublink>searchsd</sublink>
    </link>
    <thumbnail>https://image.tmdb.org/t/p/w1280none</thumbnail>
    <fanart>https://image.tmdb.org/t/p/w1280none</fanart>
</item>
<item>
    <title>A Haunting in Salem (2011 Video)</title>
    <meta>
        <content>movie</content>
        <imdb>tt1912981</imdb>
        <title>A Haunting in Salem</title>
        <year>2011 Video</year>
    </meta>
    <link>
        <sublink>search</sublink>
        <sublink>searchsd</sublink>
    </link>
    <thumbnail>https://image.tmdb.org/t/p/w1280none</thumbnail>
    <fanart>https://image.tmdb.org/t/p/w1280none</fanart>
</item>
<item>
    <title>A Haunting at Silver Falls (2013)</title>
    <meta>
        <content>movie</content>
        <imdb>tt1813609</imdb>
        <title>A Haunting at Silver Falls</title>
        <year>2013</year>
    </meta>
    <link>
        <sublink>search</sublink>
        <sublink>searchsd</sublink>
    </link>
    <thumbnail>https://image.tmdb.org/t/p/w1280none</thumbnail>
    <fanart>https://image.tmdb.org/t/p/w1280none</fanart>
</item>
<item>
    <title>The Haunting of Sorority Row (2007 TV Movie)</title>
    <meta>
        <content>movie</content>
        <imdb>tt1110048</imdb>
        <title>The Haunting of Sorority Row</title>
        <year>2007 TV Movie</year>
    </meta>
    <link>
        <sublink>search</sublink>
        <sublink>searchsd</sublink>
    </link>
    <thumbnail>https://image.tmdb.org/t/p/w1280none</thumbnail>
    <fanart>https://image.tmdb.org/t/p/w1280none</fanart>
</item>
<item>
    <title>Haunting Villisca (2006)</title>
    <meta>
        <content>movie</content>
        <imdb>tt0458386</imdb>
        <title>Haunting Villisca</title>
        <year>2006</year>
    </meta>
    <link>
        <sublink>search</sublink>
        <sublink>searchsd</sublink>
    </link>
    <thumbnail>https://image.tmdb.org/t/p/w1280none</thumbnail>
    <fanart>https://image.tmdb.org/t/p/w1280none</fanart>
</item>
<item>
    <title>The Haunting of Whaley House (2012)</title>
    <meta>
        <content>movie</content>
        <imdb>tt2396701</imdb>
        <title>The Haunting of Whaley House</title>
        <year>2012</year>
    </meta>
    <link>
        <sublink>search</sublink>
        <sublink>searchsd</sublink>
    </link>
    <thumbnail>https://image.tmdb.org/t/p/w1280none</thumbnail>
    <fanart>https://image.tmdb.org/t/p/w1280none</fanart>
</item>
<item>
    <title>Haunting of Winchester House (2009 Video)</title>
    <meta>
        <content>movie</content>
        <imdb>tt1521787</imdb>
        <title>Haunting of Winchester House</title>
        <year>2009 Video</year>
    </meta>
    <link>
        <sublink>search</sublink>
        <sublink>searchsd</sublink>
    </link>
    <thumbnail>https://image.tmdb.org/t/p/w1280none</thumbnail>
    <fanart>https://image.tmdb.org/t/p/w1280none</fanart>
</item>
<item>
    <title>House (2008)</title>
    <meta>
        <content>movie</content>
        <imdb>tt0837796</imdb>
        <title>House</title>
        <year>2008</year>
    </meta>
    <link>
        <sublink>search</sublink>
        <sublink>searchsd</sublink>
    </link>
    <thumbnail>https://image.tmdb.org/t/p/w1280none</thumbnail>
    <fanart>https://image.tmdb.org/t/p/w1280none</fanart>
</item>
<item>
    <title>House of Bones (2010 TV Movie)</title>
    <meta>
        <content>movie</content>
        <imdb>tt1334536</imdb>
        <title>House of Bones</title>
        <year>2010 TV Movie</year>
    </meta>
    <link>
        <sublink>search</sublink>
        <sublink>searchsd</sublink>
    </link>
    <thumbnail>https://image.tmdb.org/t/p/w1280none</thumbnail>
    <fanart>https://image.tmdb.org/t/p/w1280none</fanart>
</item>
<item>
    <title>House of Fears (2007)</title>
    <meta>
        <content>movie</content>
        <imdb>tt1002992</imdb>
        <title>House of Fears</title>
        <year>2007</year>
    </meta>
    <link>
        <sublink>search</sublink>
        <sublink>searchsd</sublink>
    </link>
    <thumbnail>https://image.tmdb.org/t/p/w1280none</thumbnail>
    <fanart>https://image.tmdb.org/t/p/w1280none</fanart>
</item>
<item>
    <title>House on Haunted Hill (1999)</title>
    <meta>
        <content>movie</content>
        <imdb>tt0185371</imdb>
        <title>House on Haunted Hill</title>
        <year>1999</year>
    </meta>
    <link>
        <sublink>search</sublink>
        <sublink>searchsd</sublink>
    </link>
    <thumbnail>https://image.tmdb.org/t/p/w1280none</thumbnail>
    <fanart>https://image.tmdb.org/t/p/w1280none</fanart>
</item>
<item>
    <title>Saint Ange (2004)</title>
    <meta>
        <content>movie</content>
        <imdb>tt0367000</imdb>
        <title>Saint Ange</title>
        <year>2004</year>
    </meta>
    <link>
        <sublink>search</sublink>
        <sublink>searchsd</sublink>
    </link>
    <thumbnail>https://image.tmdb.org/t/p/w1280none</thumbnail>
    <fanart>https://image.tmdb.org/t/p/w1280none</fanart>
</item>
<item>
    <title>I Am a Ghost (2012)</title>
    <meta>
        <content>movie</content>
        <imdb>tt2076862</imdb>
        <title>I Am a Ghost</title>
        <year>2012</year>
    </meta>
    <link>
        <sublink>search</sublink>
        <sublink>searchsd</sublink>
    </link>
    <thumbnail>https://image.tmdb.org/t/p/w1280none</thumbnail>
    <fanart>https://image.tmdb.org/t/p/w1280none</fanart>
</item>
<item>
    <title>Insidious (I) (2010)</title>
    <meta>
        <content>movie</content>
        <imdb>tt1591095</imdb>
        <title>Insidious</title>
        <year>I 2010</year>
    </meta>
    <link>
        <sublink>search</sublink>
        <sublink>searchsd</sublink>
    </link>
    <thumbnail>https://image.tmdb.org/t/p/w1280none</thumbnail>
    <fanart>https://image.tmdb.org/t/p/w1280none</fanart>
</item>
<item>
    <title>Lost Lake (2012)</title>
    <meta>
        <content>movie</content>
        <imdb>tt1890455</imdb>
        <title>Lost Lake</title>
        <year>2012</year>
    </meta>
    <link>
        <sublink>search</sublink>
        <sublink>searchsd</sublink>
    </link>
    <thumbnail>https://image.tmdb.org/t/p/w1280none</thumbnail>
    <fanart>https://image.tmdb.org/t/p/w1280none</fanart>
</item>
<item>
    <title>Lie Still (2005)</title>
    <meta>
        <content>movie</content>
        <imdb>tt0486614</imdb>
        <title>Lie Still</title>
        <year>2005</year>
    </meta>
    <link>
        <sublink>search</sublink>
        <sublink>searchsd</sublink>
    </link>
    <thumbnail>https://image.tmdb.org/t/p/w1280none</thumbnail>
    <fanart>https://image.tmdb.org/t/p/w1280none</fanart>
</item>
<item>
    <title>Lovely Molly (2011)</title>
    <meta>
        <content>movie</content>
        <imdb>tt1707392</imdb>
        <title>Lovely Molly</title>
        <year>2011</year>
    </meta>
    <link>
        <sublink>search</sublink>
        <sublink>searchsd</sublink>
    </link>
    <thumbnail>https://image.tmdb.org/t/p/w1280none</thumbnail>
    <fanart>https://image.tmdb.org/t/p/w1280none</fanart>
</item>
<item>
    <title>Mama (I) (2013)</title>
    <meta>
        <content>movie</content>
        <imdb>tt2023587</imdb>
        <title>Mama</title>
        <year>I 2013</year>
    </meta>
    <link>
        <sublink>search</sublink>
        <sublink>searchsd</sublink>
    </link>
    <thumbnail>https://image.tmdb.org/t/p/w1280none</thumbnail>
    <fanart>https://image.tmdb.org/t/p/w1280none</fanart>
</item>
<item>
    <title>Dreams in the Witch-House (2005\xe2\x80\x932007)</title>
    <meta>
        <content>movie</content>
        <imdb>tt0643104</imdb>
        <title>Dreams in the Witch-House</title>
        <year>2005\xe2\x80\x932007</year>
    </meta>
    <link>
        <sublink>search</sublink>
        <sublink>searchsd</sublink>
    </link>
    <thumbnail>https://image.tmdb.org/t/p/w1280none</thumbnail>
    <fanart>https://image.tmdb.org/t/p/w1280none</fanart>
</item>
<item>
    <title>Nine Lives (2002 Video)</title>
    <meta>
        <content>movie</content>
        <imdb>tt0318497</imdb>
        <title>Nine Lives</title>
        <year>2002 Video</year>
    </meta>
    <link>
        <sublink>search</sublink>
        <sublink>searchsd</sublink>
    </link>
    <thumbnail>https://image.tmdb.org/t/p/w1280none</thumbnail>
    <fanart>https://image.tmdb.org/t/p/w1280none</fanart>
</item>
<item>
    <title>The Off Season (2004)</title>
    <meta>
        <content>movie</content>
        <imdb>tt0387460</imdb>
        <title>The Off Season</title>
        <year>2004</year>
    </meta>
    <link>
        <sublink>search</sublink>
        <sublink>searchsd</sublink>
    </link>
    <thumbnail>https://image.tmdb.org/t/p/w1280none</thumbnail>
    <fanart>https://image.tmdb.org/t/p/w1280none</fanart>
</item>
<item>
    <title>The Others (2001)</title>
    <meta>
        <content>movie</content>
        <imdb>tt0230600</imdb>
        <title>The Others</title>
        <year>2001</year>
    </meta>
    <link>
        <sublink>search</sublink>
        <sublink>searchsd</sublink>
    </link>
    <thumbnail>https://image.tmdb.org/t/p/w1280none</thumbnail>
    <fanart>https://image.tmdb.org/t/p/w1280none</fanart>
</item>
<item>
    <title>Paranormal (2009)</title>
    <meta>
        <content>movie</content>
        <imdb>tt1537874</imdb>
        <title>Paranormal</title>
        <year>2009</year>
    </meta>
    <link>
        <sublink>search</sublink>
        <sublink>searchsd</sublink>
    </link>
    <thumbnail>https://image.tmdb.org/t/p/w1280none</thumbnail>
    <fanart>https://image.tmdb.org/t/p/w1280none</fanart>
</item>
<item>
    <title>Paranormal Activity (2007)</title>
    <meta>
        <content>movie</content>
        <imdb>tt1179904</imdb>
        <title>Paranormal Activity</title>
        <year>2007</year>
    </meta>
    <link>
        <sublink>search</sublink>
        <sublink>searchsd</sublink>
    </link>
    <thumbnail>https://image.tmdb.org/t/p/w1280none</thumbnail>
    <fanart>https://image.tmdb.org/t/p/w1280none</fanart>
</item>
<item>
    <title>Paranormal Activity 2 (2010)</title>
    <meta>
        <content>movie</content>
        <imdb>tt1536044</imdb>
        <title>Paranormal Activity 2</title>
        <year>2010</year>
    </meta>
    <link>
        <sublink>search</sublink>
        <sublink>searchsd</sublink>
    </link>
    <thumbnail>https://image.tmdb.org/t/p/w1280none</thumbnail>
    <fanart>https://image.tmdb.org/t/p/w1280none</fanart>
</item>
<item>
    <title>Paranormal Activity 3 (2011)</title>
    <meta>
        <content>movie</content>
        <imdb>tt1778304</imdb>
        <title>Paranormal Activity 3</title>
        <year>2011</year>
    </meta>
    <link>
        <sublink>search</sublink>
        <sublink>searchsd</sublink>
    </link>
    <thumbnail>https://image.tmdb.org/t/p/w1280none</thumbnail>
    <fanart>https://image.tmdb.org/t/p/w1280none</fanart>
</item>
<item>
    <title>Paranormal Activity 4 (2012)</title>
    <meta>
        <content>movie</content>
        <imdb>tt2109184</imdb>
        <title>Paranormal Activity 4</title>
        <year>2012</year>
    </meta>
    <link>
        <sublink>search</sublink>
        <sublink>searchsd</sublink>
    </link>
    <thumbnail>https://image.tmdb.org/t/p/w1280none</thumbnail>
    <fanart>https://image.tmdb.org/t/p/w1280none</fanart>
</item>
<item>
    <title>Paranormal Haunting: The Curse of the Blue Moon Inn (2011)</title>
    <meta>
        <content>movie</content>
        <imdb>tt2046130</imdb>
        <title>Paranormal Haunting: The Curse of the Blue Moon Inn</title>
        <year>2011</year>
    </meta>
    <link>
        <sublink>search</sublink>
        <sublink>searchsd</sublink>
    </link>
    <thumbnail>https://image.tmdb.org/t/p/w1280none</thumbnail>
    <fanart>https://image.tmdb.org/t/p/w1280none</fanart>
</item>
<item>
    <title>616: Paranormal Incident (2013)</title>
    <meta>
        <content>movie</content>
        <imdb>tt2676710</imdb>
        <title>616: Paranormal Incident</title>
        <year>2013</year>
    </meta>
    <link>
        <sublink>search</sublink>
        <sublink>searchsd</sublink>
    </link>
    <thumbnail>https://image.tmdb.org/t/p/w1280/1EdPg17qGD2VYpeqSBitCJrhUbz.jpg</thumbnail>
    <fanart>https://image.tmdb.org/t/p/w1280/mux7t7A8uy0T88tkTnCeJ2TwXZn.jpg</fanart>
</item>
<item>
    <title>Playhouse (2003 Video)</title>
    <meta>
        <content>movie</content>
        <imdb>tt0392614</imdb>
        <title>Playhouse</title>
        <year>2003 Video</year>
    </meta>
    <link>
        <sublink>search</sublink>
        <sublink>searchsd</sublink>
    </link>
    <thumbnail>https://image.tmdb.org/t/p/w1280none</thumbnail>
    <fanart>https://image.tmdb.org/t/p/w1280none</fanart>
</item>
<item>
    <title>Red Rover (2003)</title>
    <meta>
        <content>movie</content>
        <imdb>tt0345852</imdb>
        <title>Red Rover</title>
        <year>2003</year>
    </meta>
    <link>
        <sublink>search</sublink>
        <sublink>searchsd</sublink>
    </link>
    <thumbnail>https://image.tmdb.org/t/p/w1280/mKHIJlJWM6xxWV1Z7oi0IOkwrKz.jpg</thumbnail>
    <fanart>https://image.tmdb.org/t/p/w1280/xCeotfRzrvS3q00p4WVFoeilwmB.jpg</fanart>
</item>
<item>
    <title>Rose Red (2002)</title>
    <meta>
        <content>movie</content>
        <imdb>tt0259153</imdb>
        <title>Rose Red</title>
        <year>2002</year>
    </meta>
    <link>
        <sublink>search</sublink>
        <sublink>searchsd</sublink>
    </link>
    <thumbnail>https://image.tmdb.org/t/p/w1280none</thumbnail>
    <fanart>https://image.tmdb.org/t/p/w1280none</fanart>
</item>
<item>
    <title>The Diary of Ellen Rimbauer (2003 TV Movie)</title>
    <meta>
        <content>movie</content>
        <imdb>tt0350811</imdb>
        <title>The Diary of Ellen Rimbauer</title>
        <year>2003 TV Movie</year>
    </meta>
    <link>
        <sublink>search</sublink>
        <sublink>searchsd</sublink>
    </link>
    <thumbnail>https://image.tmdb.org/t/p/w1280/27xPyS2e0Svq2ksMXAJTPVxIJTv.jpg</thumbnail>
    <fanart>https://image.tmdb.org/t/p/w1280/q3hB3WKHHXwutVUX8fBC1pV45aT.jpg</fanart>
</item>
<item>
    <title>Session 9 (2001)</title>
    <meta>
        <content>movie</content>
        <imdb>tt0261983</imdb>
        <title>Session 9</title>
        <year>2001</year>
    </meta>
    <link>
        <sublink>search</sublink>
        <sublink>searchsd</sublink>
    </link>
    <thumbnail>https://image.tmdb.org/t/p/w1280/mWwrWhPHiHSoCWUkYcq4GplRF6V.jpg</thumbnail>
    <fanart>https://image.tmdb.org/t/p/w1280/d5tK8tUD4qhtfupIEaIGnnMSLiB.jpg</fanart>
</item>
<item>
    <title>Seven Days to Live (2000)</title>
    <meta>
        <content>movie</content>
        <imdb>tt0221928</imdb>
        <title>Seven Days to Live</title>
        <year>2000</year>
    </meta>
    <link>
        <sublink>search</sublink>
        <sublink>searchsd</sublink>
    </link>
    <thumbnail>https://image.tmdb.org/t/p/w1280/skWnQCqbBskxsa7Bn1PyZHBs4pe.jpg</thumbnail>
    <fanart>https://image.tmdb.org/t/p/w1280/bpPpOHwnYqeaApOwV28yzvZATy7.jpg</fanart>
</item>
<item>
    <title>La casa sfuggita (2003 Video)</title>
    <meta>
        <content>movie</content>
        <imdb>tt0378760</imdb>
        <title>La casa sfuggita</title>
        <year>2003 Video</year>
    </meta>
    <link>
        <sublink>search</sublink>
        <sublink>searchsd</sublink>
    </link>
    <thumbnail>https://image.tmdb.org/t/p/w1280/7Hx1XcZ2YBvINAFrnWrS5jWoMIx.jpg</thumbnail>
    <fanart>https://image.tmdb.org/t/p/w1280/l4eppJLotUggYdVrvvanK9oImHz.jpg</fanart>
</item>
<item>
    <title>Silent House (2011)</title>
    <meta>
        <content>movie</content>
        <imdb>tt1767382</imdb>
        <title>Silent House</title>
        <year>2011</year>
    </meta>
    <link>
        <sublink>search</sublink>
        <sublink>searchsd</sublink>
    </link>
    <thumbnail>https://image.tmdb.org/t/p/w1280/bHC30EkfgFQ4p8hdXj3OVw1QTsL.jpg</thumbnail>
    <fanart>https://image.tmdb.org/t/p/w1280/muJenxL1EiDwHJIDclNpReFfsVE.jpg</fanart>
</item>
<item>
    <title>La casa muda (2010)</title>
    <meta>
        <content>movie</content>
        <imdb>tt1646973</imdb>
        <title>La casa muda</title>
        <year>2010</year>
    </meta>
    <link>
        <sublink>search</sublink>
        <sublink>searchsd</sublink>
    </link>
    <thumbnail>https://image.tmdb.org/t/p/w1280/hxOVa21hfMB2071OpEbTAHmX7fi.jpg</thumbnail>
    <fanart>https://image.tmdb.org/t/p/w1280/wMDY2W1PGq8UEQ7xD7S69qkV8nA.jpg</fanart>
</item>
<item>
    <title>Sinister (I) (2012)</title>
    <meta>
        <content>movie</content>
        <imdb>tt1922777</imdb>
        <title>Sinister</title>
        <year>I 2012</year>
    </meta>
    <link>
        <sublink>search</sublink>
        <sublink>searchsd</sublink>
    </link>
    <thumbnail>https://image.tmdb.org/t/p/w1280/hrRYY7FcRc46Ue7h9jcKiW1xqJ3.jpg</thumbnail>
    <fanart>https://image.tmdb.org/t/p/w1280/f8jTjoxYCPi7SSsBc4p4pmadxoT.jpg</fanart>
</item>
<item>
    <title>The Skeptic (2009)</title>
    <meta>
        <content>movie</content>
        <imdb>tt0493451</imdb>
        <title>The Skeptic</title>
        <year>2009</year>
    </meta>
    <link>
        <sublink>search</sublink>
        <sublink>searchsd</sublink>
    </link>
    <thumbnail>https://image.tmdb.org/t/p/w1280/5OCdXA4rVJw3LCmKBXiLYcfm7EO.jpg</thumbnail>
    <fanart>https://image.tmdb.org/t/p/w1280/kK9ew5xR0HKN8sBAKLOyaYdloRJ.jpg</fanart>
</item>
<item>
    <title>The St. Francisville Experiment (2000)</title>
    <meta>
        <content>movie</content>
        <imdb>tt0218625</imdb>
        <title>The St. Francisville Experiment</title>
        <year>2000</year>
    </meta>
    <link>
        <sublink>search</sublink>
        <sublink>searchsd</sublink>
    </link>
    <thumbnail>https://image.tmdb.org/t/p/w1280/tyRGcMGuxde4hcTBiNP2AQlcUWV.jpg</thumbnail>
    <fanart>https://image.tmdb.org/t/p/w1280/s1ckrrQbLxWuYwiabhSEJ88nf8a.jpg</fanart>
</item>
<item>
    <title>Stir of Echoes (1999)</title>
    <meta>
        <content>movie</content>
        <imdb>tt0164181</imdb>
        <title>Stir of Echoes</title>
        <year>1999</year>
    </meta>
    <link>
        <sublink>search</sublink>
        <sublink>searchsd</sublink>
    </link>
    <thumbnail>https://image.tmdb.org/t/p/w1280/pjdmvS3I5HElkJHzCNkqn5o8Kjf.jpg</thumbnail>
    <fanart>https://image.tmdb.org/t/p/w1280/kwdmLQgWOmx9oXDpC6KwA2YJOFC.jpg</fanart>
</item>
<item>
    <title>Thir13en Ghosts (2001)</title>
    <meta>
        <content>movie</content>
        <imdb>tt0245674</imdb>
        <title>Thir13en Ghosts</title>
        <year>2001</year>
    </meta>
    <link>
        <sublink>search</sublink>
        <sublink>searchsd</sublink>
    </link>
    <thumbnail>https://image.tmdb.org/t/p/w1280/s4KZw4vmXfZGbPLBJB7RpWsiUxk.jpg</thumbnail>
    <fanart>https://image.tmdb.org/t/p/w1280/bVZNGCXhQMPpCCDr6HaYjqMULck.jpg</fanart>
</item>
<item>
    <title>The Tooth Fairy (2006 Video)</title>
    <meta>
        <content>movie</content>
        <imdb>tt0473553</imdb>
        <title>The Tooth Fairy</title>
        <year>2006 Video</year>
    </meta>
    <link>
        <sublink>search</sublink>
        <sublink>searchsd</sublink>
    </link>
    <thumbnail>https://image.tmdb.org/t/p/w1280/hbpu61P92cZMcGDpHvMyRzKlnuj.jpg</thumbnail>
    <fanart>https://image.tmdb.org/t/p/w1280/deiyEJSPPlYawH8UJL0UeSicXzf.jpg</fanart>
</item>
<item>
    <title>The Ward (2010)</title>
    <meta>
        <content>movie</content>
        <imdb>tt1369706</imdb>
        <title>The Ward</title>
        <year>2010</year>
    </meta>
    <link>
        <sublink>search</sublink>
        <sublink>searchsd</sublink>
    </link>
    <thumbnail>https://image.tmdb.org/t/p/w1280/cMApNxaSq4udLTYBAd755E8VJok.jpg</thumbnail>
    <fanart>https://image.tmdb.org/t/p/w1280/j01PwweLdwHk3e5pTAZazvAp2VS.jpg</fanart>
</item>
<item>
    <title>Under the Shadow (2016)</title>
    <meta>
        <content>movie</content>
        <imdb>tt4273292</imdb>
        <title>Under the Shadow</title>
        <year>2016</year>
    </meta>
    <link>
        <sublink>search</sublink>
        <sublink>searchsd</sublink>
    </link>
    <thumbnail>https://image.tmdb.org/t/p/w1280/qfOcumtK6tvFdtE1dyJjGiLUetr.jpg</thumbnail>
    <fanart>https://image.tmdb.org/t/p/w1280/ojwF0E3Dm2WLxqYPQ0a6aFZIfS6.jpg</fanart>
</item>
<item>
    <title>Hell House LLC (2015)</title>
    <meta>
        <content>movie</content>
        <imdb>tt4267026</imdb>
        <title>Hell House LLC</title>
        <year>2015</year>
    </meta>
    <link>
        <sublink>search</sublink>
        <sublink>searchsd</sublink>
    </link>
    <thumbnail>https://image.tmdb.org/t/p/w1280/6PiTLoQRtc27pM922t9GUNrvCdf.jpg</thumbnail>
    <fanart>https://image.tmdb.org/t/p/w1280/frZyvfi83MAdudtrJeOOB77Vo0O.jpg</fanart>
</item>
<item>
    <title>...E tu vivrai nel terrore! L'aldilxc3xa0 (1981)</title>
    <meta>
        <content>movie</content>
        <imdb>tt0082307</imdb>
        <title>...E tu vivrai nel terrore! L'aldilxc3xa0</title>
        <year>1981</year>
    </meta>
    <link>
        <sublink>search</sublink>
        <sublink>searchsd</sublink>
    </link>
    <thumbnail>https://image.tmdb.org/t/p/w1280/pMYz6BWdJ90lDqpHlKKi4BtxHDd.jpg</thumbnail>
    <fanart>https://image.tmdb.org/t/p/w1280/cwvUPGc8OIPJ3e2wfLchMSRT3eN.jpg</fanart>
</item>
<item>
    <title>We Are Still Here (I) (2015)</title>
    <meta>
        <content>movie</content>
        <imdb>tt3520418</imdb>
        <title>We Are Still Here</title>
        <year>I 2015</year>
    </meta>
    <link>
        <sublink>search</sublink>
        <sublink>searchsd</sublink>
    </link>
    <thumbnail>https://image.tmdb.org/t/p/w1280/oTslO8AmYYGaFr6MCiIv3F30vWv.jpg</thumbnail>
    <fanart>https://image.tmdb.org/t/p/w1280/lfwd6PUeOlUl6wdaVQf5wyVbzNE.jpg</fanart>
</item>
<item>
    <title>The Orphanage (2007)</title>
    <meta>
        <content>movie</content>
        <imdb>tt0464141</imdb>
        <title>The Orphanage</title>
        <year>2007</year>
    </meta>
    <link>
        <sublink>search</sublink>
        <sublink>searchsd</sublink>
    </link>
    <thumbnail>https://image.tmdb.org/t/p/w1280/3DMsF5gbTfEZoDp6fQH0QATOc7l.jpg</thumbnail>
    <fanart>https://image.tmdb.org/t/p/w1280/ecBXVg8bxCcs8QpHwnEkyyPa8AM.jpg</fanart>
</item>
<item>
    <title>The Devil's Backbone (2001)</title>
    <meta>
        <content>movie</content>
        <imdb>tt0256009</imdb>
        <title>The Devil's Backbone</title>
        <year>2001</year>
    </meta>
    <link>
        <sublink>search</sublink>
        <sublink>searchsd</sublink>
    </link>
    <thumbnail>https://image.tmdb.org/t/p/w1280/e9UizPFgoCnRCPtR0tyg2JNXY6A.jpg</thumbnail>
    <fanart>https://image.tmdb.org/t/p/w1280/vEK1JcaRbwK3jiVGZy78EMj11dI.jpg</fanart>
</item>
<item>
    <title>Ju-on: The Grudge (2002)</title>
    <meta>
        <content>movie</content>
        <imdb>tt0364385</imdb>
        <title>Ju-on: The Grudge</title>
        <year>2002</year>
    </meta>
    <link>
        <sublink>search</sublink>
        <sublink>searchsd</sublink>
    </link>
    <thumbnail>https://image.tmdb.org/t/p/w1280/mu7K4R7bcu4cFlaKrmm2r9qeTSI.jpg</thumbnail>
    <fanart>https://image.tmdb.org/t/p/w1280/wVxp3voKuZp7Wts19My5zRNxuOp.jpg</fanart>
</item>
<item>
    <title>The Innkeepers (2011)</title>
    <meta>
        <content>movie</content>
        <imdb>tt1594562</imdb>
        <title>The Innkeepers</title>
        <year>2011</year>
    </meta>
    <link>
        <sublink>search</sublink>
        <sublink>searchsd</sublink>
    </link>
    <thumbnail>https://image.tmdb.org/t/p/w1280/z8bx4DjqhjcMU6T1cU0FuZFboQ3.jpg</thumbnail>
    <fanart>https://image.tmdb.org/t/p/w1280/99RPIKlnYgWocabu6KbA9Miczxf.jpg</fanart>
</item>
<item>
    <title>The Legend of Hell House (1973)</title>
    <meta>
        <content>movie</content>
        <imdb>tt0070294</imdb>
        <title>The Legend of Hell House</title>
        <year>1973</year>
    </meta>
    <link>
        <sublink>search</sublink>
        <sublink>searchsd</sublink>
    </link>
    <thumbnail>https://image.tmdb.org/t/p/w1280/f1uppbw9utBS7VHGPB3b8TleeYE.jpg</thumbnail>
    <fanart>https://image.tmdb.org/t/p/w1280/ikfdYfAhMoNAt4mLuKRwVQGPtaU.jpg</fanart>
</item>
<item>
    <title>House M.D. (2004\xe2\x80\x932012)</title>
    <meta>
        <content>movie</content>
        <imdb>tt0412142</imdb>
        <title>House M.D.</title>
        <year>2004\xe2\x80\x932012</year>
    </meta>
    <link>
        <sublink>search</sublink>
        <sublink>searchsd</sublink>
    </link>
    <thumbnail>https://image.tmdb.org/t/p/w1280none</thumbnail>
    <fanart>https://image.tmdb.org/t/p/w1280none</fanart>
</item>
<dir>
    <title>[COLOR white]Next Page >>[/COLOR]</title>
    <imdburl>list/ls062785596/?page=2</imdburl>
    <thumbnail>https://image.ibb.co/gtsNjw/next.png</thumbnail>
</dir>
