<item>
    <title>Fear (1996)</title>
    <meta>
        <content>movie</content>
        <imdb>tt0116287</imdb>
        <title>Fear</title>
        <year>1996</year>
    </meta>
    <link>
        <sublink>search</sublink>
        <sublink>searchsd</sublink>
    </link>
    <thumbnail>https://image.tmdb.org/t/p/w1280/reA4wlTY9qGwryVftscFT2q0ZLK.jpg</thumbnail>
    <fanart>https://image.tmdb.org/t/p/w1280/yBQFqrRyvf7WrmEDAzrny982uDJ.jpg</fanart>
</item>
<item>
    <title>Gone (I) (2012)</title>
    <meta>
        <content>movie</content>
        <imdb>tt1838544</imdb>
        <title>Gone</title>
        <year>I 2012</year>
    </meta>
    <link>
        <sublink>search</sublink>
        <sublink>searchsd</sublink>
    </link>
    <thumbnail>https://image.tmdb.org/t/p/w1280/xyi9L5aEY516T3FSF0eHqsiuJN2.jpg</thumbnail>
    <fanart>https://image.tmdb.org/t/p/w1280/h7irq9vkqYy8W3PHx2pAr26sXoj.jpg</fanart>
</item>
<item>
    <title>My Soul to Take (2010)</title>
    <meta>
        <content>movie</content>
        <imdb>tt0872230</imdb>
        <title>My Soul to Take</title>
        <year>2010</year>
    </meta>
    <link>
        <sublink>search</sublink>
        <sublink>searchsd</sublink>
    </link>
    <thumbnail>https://image.tmdb.org/t/p/w1280/96LAzRlBdYyajKRZroLnae9qrpX.jpg</thumbnail>
    <fanart>https://image.tmdb.org/t/p/w1280/7iLtecAcFPpWXS0bpTBoPWa2ACR.jpg</fanart>
</item>
<item>
    <title>Swimfan (2002)</title>
    <meta>
        <content>movie</content>
        <imdb>tt0283026</imdb>
        <title>Swimfan</title>
        <year>2002</year>
    </meta>
    <link>
        <sublink>search</sublink>
        <sublink>searchsd</sublink>
    </link>
    <thumbnail>https://image.tmdb.org/t/p/w1280/9xpKbbhJct00m0XXjneOo405uqQ.jpg</thumbnail>
    <fanart>https://image.tmdb.org/t/p/w1280/ezLICIKJzBPFef7rrj8xElXogUr.jpg</fanart>
</item>
<item>
    <title>Sorority Row (2009)</title>
    <meta>
        <content>movie</content>
        <imdb>tt1232783</imdb>
        <title>Sorority Row</title>
        <year>2009</year>
    </meta>
    <link>
        <sublink>search</sublink>
        <sublink>searchsd</sublink>
    </link>
    <thumbnail>https://image.tmdb.org/t/p/w1280/rbZU0hrndaubP7ovlmeCf670Ojh.jpg</thumbnail>
    <fanart>https://image.tmdb.org/t/p/w1280/dKiQPDMCIDdwDLlh1ZKOI5QMXKL.jpg</fanart>
</item>
<item>
    <title>My Super Psycho Sweet 16: Part 3 (2012 TV Movie)</title>
    <meta>
        <content>movie</content>
        <imdb>tt2056659</imdb>
        <title>My Super Psycho Sweet 16: Part 3</title>
        <year>2012 TV Movie</year>
    </meta>
    <link>
        <sublink>search</sublink>
        <sublink>searchsd</sublink>
    </link>
    <thumbnail>https://image.tmdb.org/t/p/w1280/sW8x9FWMV9JoUsFit2IMDjD6VT4.jpg</thumbnail>
    <fanart>https://image.tmdb.org/t/p/w1280none</fanart>
</item>
<item>
    <title>Crush (II) (2013)</title>
    <meta>
        <content>movie</content>
        <imdb>tt2093977</imdb>
        <title>Crush</title>
        <year>II 2013</year>
    </meta>
    <link>
        <sublink>search</sublink>
        <sublink>searchsd</sublink>
    </link>
    <thumbnail>https://image.tmdb.org/t/p/w1280/WFpNTahufxHt6duGrpCyyikzUz.jpg</thumbnail>
    <fanart>https://image.tmdb.org/t/p/w1280/cWtKEIF5Ax5ebPbqnan2a5ZqoWG.jpg</fanart>
</item>
<item>
    <title>Cyberbully (2015 TV Movie)</title>
    <meta>
        <content>movie</content>
        <imdb>tt4135218</imdb>
        <title>Cyberbully</title>
        <year>2015 TV Movie</year>
    </meta>
    <link>
        <sublink>search</sublink>
        <sublink>searchsd</sublink>
    </link>
    <thumbnail>https://image.tmdb.org/t/p/w1280/gtkQDOTyIySEyz3Oo06Mys8xFpY.jpg</thumbnail>
    <fanart>https://image.tmdb.org/t/p/w1280/sobY9T0G5V3y57nkxYlShOUTcwq.jpg</fanart>
</item>
<item>
    <title>Stalked by My Neighbor (2015 TV Movie)</title>
    <meta>
        <content>movie</content>
        <imdb>tt4328642</imdb>
        <title>Stalked by My Neighbor</title>
        <year>2015 TV Movie</year>
    </meta>
    <link>
        <sublink>search</sublink>
        <sublink>searchsd</sublink>
    </link>
    <thumbnail>https://image.tmdb.org/t/p/w1280/OzM6ScgUv6uRJT9c2f6nPaEMl.jpg</thumbnail>
    <fanart>https://image.tmdb.org/t/p/w1280/dSZTp6hO9LlmADaFhe2uJA0QBk0.jpg</fanart>
</item>
<item>
    <title>Ratter (2015)</title>
    <meta>
        <content>movie</content>
        <imdb>tt3836512</imdb>
        <title>Ratter</title>
        <year>2015</year>
    </meta>
    <link>
        <sublink>search</sublink>
        <sublink>searchsd</sublink>
    </link>
    <thumbnail>https://image.tmdb.org/t/p/w1280/opW9YdBOB3rSoF27w8ALytjWgOP.jpg</thumbnail>
    <fanart>https://image.tmdb.org/t/p/w1280/3gkeyzY0VHMLNIFevI13SPnhGJa.jpg</fanart>
</item>
<item>
    <title>When a Stranger Calls (2006)</title>
    <meta>
        <content>movie</content>
        <imdb>tt0455857</imdb>
        <title>When a Stranger Calls</title>
        <year>2006</year>
    </meta>
    <link>
        <sublink>search</sublink>
        <sublink>searchsd</sublink>
    </link>
    <thumbnail>https://image.tmdb.org/t/p/w1280/pYxd8DM4qBV24rJ9Jf84SYtIao1.jpg</thumbnail>
    <fanart>https://image.tmdb.org/t/p/w1280/6AlRf51olNU9d5Qpy0hAMNpCj62.jpg</fanart>
</item>
<item>
    <title>I Know What You Did Last Summer (1997)</title>
    <meta>
        <content>movie</content>
        <imdb>tt0119345</imdb>
        <title>I Know What You Did Last Summer</title>
        <year>1997</year>
    </meta>
    <link>
        <sublink>search</sublink>
        <sublink>searchsd</sublink>
    </link>
    <thumbnail>https://image.tmdb.org/t/p/w1280/cruOfvjIqMTbOQxld8SpM8OzVnf.jpg</thumbnail>
    <fanart>https://image.tmdb.org/t/p/w1280/3s1jogOznYmG0xPqHE45D5ir3bx.jpg</fanart>
</item>
<item>
    <title>My Super Psycho Sweet 16 (2009 TV Movie)</title>
    <meta>
        <content>movie</content>
        <imdb>tt1488584</imdb>
        <title>My Super Psycho Sweet 16</title>
        <year>2009 TV Movie</year>
    </meta>
    <link>
        <sublink>search</sublink>
        <sublink>searchsd</sublink>
    </link>
    <thumbnail>https://image.tmdb.org/t/p/w1280/q33WDNhRew1MbLxnyTHQuXQkR9T.jpg</thumbnail>
    <fanart>https://image.tmdb.org/t/p/w1280none</fanart>
</item>
<item>
    <title>My Super Psycho Sweet 16: Part 2 (2010 TV Movie)</title>
    <meta>
        <content>movie</content>
        <imdb>tt1684915</imdb>
        <title>My Super Psycho Sweet 16: Part 2</title>
        <year>2010 TV Movie</year>
    </meta>
    <link>
        <sublink>search</sublink>
        <sublink>searchsd</sublink>
    </link>
    <thumbnail>https://image.tmdb.org/t/p/w1280/g4FwvtpMic64A56ShfRkJhqm7OV.jpg</thumbnail>
    <fanart>https://image.tmdb.org/t/p/w1280none</fanart>
</item>
<item>
    <title>The Perfect Teacher (2010 TV Movie)</title>
    <meta>
        <content>movie</content>
        <imdb>tt1663689</imdb>
        <title>The Perfect Teacher</title>
        <year>2010 TV Movie</year>
    </meta>
    <link>
        <sublink>search</sublink>
        <sublink>searchsd</sublink>
    </link>
    <thumbnail>https://image.tmdb.org/t/p/w1280/zEraoSZlzOi00HNUI16WrgXHbJa.jpg</thumbnail>
    <fanart>https://image.tmdb.org/t/p/w1280/jDmHnA3443ZTJIPSwm8alwur149.jpg</fanart>
</item>
<item>
    <title>Scream (1996)</title>
    <meta>
        <content>movie</content>
        <imdb>tt0117571</imdb>
        <title>Scream</title>
        <year>1996</year>
    </meta>
    <link>
        <sublink>search</sublink>
        <sublink>searchsd</sublink>
    </link>
    <thumbnail>https://image.tmdb.org/t/p/w1280/ewi7gYW22t8T3piRvrXO73GlzuL.jpg</thumbnail>
    <fanart>https://image.tmdb.org/t/p/w1280/cafeYH18ZoxiZNqmhSrmyLRIx8f.jpg</fanart>
</item>
<item>
    <title>Scream 2 (1997)</title>
    <meta>
        <content>movie</content>
        <imdb>tt0120082</imdb>
        <title>Scream 2</title>
        <year>1997</year>
    </meta>
    <link>
        <sublink>search</sublink>
        <sublink>searchsd</sublink>
    </link>
    <thumbnail>https://image.tmdb.org/t/p/w1280/iYBYiXcUxComVvL2OzH63JjfDw6.jpg</thumbnail>
    <fanart>https://image.tmdb.org/t/p/w1280/ck7WO5K7h6mVzr9XrHWpc7IpCkw.jpg</fanart>
</item>
<item>
    <title>Scream 3 (2000)</title>
    <meta>
        <content>movie</content>
        <imdb>tt0134084</imdb>
        <title>Scream 3</title>
        <year>2000</year>
    </meta>
    <link>
        <sublink>search</sublink>
        <sublink>searchsd</sublink>
    </link>
    <thumbnail>https://image.tmdb.org/t/p/w1280/3GWGslNffuMvaW9yzTCNkLmwkkE.jpg</thumbnail>
    <fanart>https://image.tmdb.org/t/p/w1280/sZlCYw3fdzZBo857t2cY3WzoqZW.jpg</fanart>
</item>
<item>
    <title>Prom Night (I) (2008)</title>
    <meta>
        <content>movie</content>
        <imdb>tt0926129</imdb>
        <title>Prom Night</title>
        <year>I 2008</year>
    </meta>
    <link>
        <sublink>search</sublink>
        <sublink>searchsd</sublink>
    </link>
    <thumbnail>https://image.tmdb.org/t/p/w1280/uNBnpeaxPUcOtaevIjQMG6Ne3mZ.jpg</thumbnail>
    <fanart>https://image.tmdb.org/t/p/w1280/pvOMqkszX0K4PyJfLXRqLR9ZJLY.jpg</fanart>
</item>
<item>
    <title>Obsessed (2009)</title>
    <meta>
        <content>movie</content>
        <imdb>tt1198138</imdb>
        <title>Obsessed</title>
        <year>2009</year>
    </meta>
    <link>
        <sublink>search</sublink>
        <sublink>searchsd</sublink>
    </link>
    <thumbnail>https://image.tmdb.org/t/p/w1280/RWi5OB2Exwvyhvy2xsQSzmJUZm.jpg</thumbnail>
    <fanart>https://image.tmdb.org/t/p/w1280/zl68T4A8iKSgUvRncvFpPATh42L.jpg</fanart>
</item>
<item>
    <title>P2 (2007)</title>
    <meta>
        <content>movie</content>
        <imdb>tt0804516</imdb>
        <title>P2</title>
        <year>2007</year>
    </meta>
    <link>
        <sublink>search</sublink>
        <sublink>searchsd</sublink>
    </link>
    <thumbnail>https://image.tmdb.org/t/p/w1280/4gcbXi1ibT9J0ahwdgyz6m0c6w4.jpg</thumbnail>
    <fanart>https://image.tmdb.org/t/p/w1280/8rJXPYiQfRZ4sH1Wb8fWkDzQHFx.jpg</fanart>
</item>
<item>
    <title>Stalked at 17 (2012 TV Movie)</title>
    <meta>
        <content>movie</content>
        <imdb>tt2473572</imdb>
        <title>Stalked at 17</title>
        <year>2012 TV Movie</year>
    </meta>
    <link>
        <sublink>search</sublink>
        <sublink>searchsd</sublink>
    </link>
    <thumbnail>https://image.tmdb.org/t/p/w1280/m5sqR23rLbFxZK3T50G87FCspTb.jpg</thumbnail>
    <fanart>https://image.tmdb.org/t/p/w1280/88soimWAv15zh1c66713RxY4f6t.jpg</fanart>
</item>
<item>
    <title>Alone with Her (2006)</title>
    <meta>
        <content>movie</content>
        <imdb>tt0472259</imdb>
        <title>Alone with Her</title>
        <year>2006</year>
    </meta>
    <link>
        <sublink>search</sublink>
        <sublink>searchsd</sublink>
    </link>
    <thumbnail>https://image.tmdb.org/t/p/w1280/8WqgzQWdFEomjUqMwSYFHBwoIGG.jpg</thumbnail>
    <fanart>https://image.tmdb.org/t/p/w1280/nxU6kUH2vk9ydtaWHFaXmF5Isnm.jpg</fanart>
</item>
<item>
    <title>The Boy Next Door (2015)</title>
    <meta>
        <content>movie</content>
        <imdb>tt3181822</imdb>
        <title>The Boy Next Door</title>
        <year>2015</year>
    </meta>
    <link>
        <sublink>search</sublink>
        <sublink>searchsd</sublink>
    </link>
    <thumbnail>https://image.tmdb.org/t/p/w1280/h28t2JNNGrZx0fIuAw8aHQFhIxR.jpg</thumbnail>
    <fanart>https://image.tmdb.org/t/p/w1280/vj4IhmH4HCMZYYjTMiYBybTWR5o.jpg</fanart>
</item>
<item>
    <title>The Perfect Guy (I) (2015)</title>
    <meta>
        <content>movie</content>
        <imdb>tt3862750</imdb>
        <title>The Perfect Guy</title>
        <year>I 2015</year>
    </meta>
    <link>
        <sublink>search</sublink>
        <sublink>searchsd</sublink>
    </link>
    <thumbnail>https://image.tmdb.org/t/p/w1280/lMsMobvpvMI2JzJBT75m45p5pLu.jpg</thumbnail>
    <fanart>https://image.tmdb.org/t/p/w1280/goVRe5bINwo9e5wxv6Tu1jjJmSA.jpg</fanart>
</item>
<item>
    <title>Cyberstalker (V) (2012)</title>
    <meta>
        <content>movie</content>
        <imdb>tt2172001</imdb>
        <title>Cyberstalker</title>
        <year>V 2012</year>
    </meta>
    <link>
        <sublink>search</sublink>
        <sublink>searchsd</sublink>
    </link>
    <thumbnail>https://image.tmdb.org/t/p/w1280/pqrl7bngI1VJGI5AWrVB4h5qblL.jpg</thumbnail>
    <fanart>https://image.tmdb.org/t/p/w1280none</fanart>
</item>
<item>
    <title>xc3x80 la folie... pas du tout (2002)</title>
    <meta>
        <content>movie</content>
        <imdb>tt0291579</imdb>
        <title>xc3x80 la folie... pas du tout</title>
        <year>2002</year>
    </meta>
    <link>
        <sublink>search</sublink>
        <sublink>searchsd</sublink>
    </link>
    <thumbnail>https://image.tmdb.org/t/p/w1280/o017tRc5MghXc2iHqU4loJuSMNS.jpg</thumbnail>
    <fanart>https://image.tmdb.org/t/p/w1280/tOBIPS2bvomuvPJMfC8XO5YhXzb.jpg</fanart>
</item>
<item>
    <title>Valentine (2001)</title>
    <meta>
        <content>movie</content>
        <imdb>tt0242998</imdb>
        <title>Valentine</title>
        <year>2001</year>
    </meta>
    <link>
        <sublink>search</sublink>
        <sublink>searchsd</sublink>
    </link>
    <thumbnail>https://image.tmdb.org/t/p/w1280/z5JhMLL9Atb6ukKex4K76l5gIxa.jpg</thumbnail>
    <fanart>https://image.tmdb.org/t/p/w1280/1Nv3g0CiXcN9V5wQrxmYcVfBiPK.jpg</fanart>
</item>
<item>
    <title>Scream 4 (2011)</title>
    <meta>
        <content>movie</content>
        <imdb>tt1262416</imdb>
        <title>Scream 4</title>
        <year>2011</year>
    </meta>
    <link>
        <sublink>search</sublink>
        <sublink>searchsd</sublink>
    </link>
    <thumbnail>https://image.tmdb.org/t/p/w1280/eT2y8SLxLwPFPuShV4i2FoZnOwU.jpg</thumbnail>
    <fanart>https://image.tmdb.org/t/p/w1280/gTKnZWf3zpb1ooKcL5hDcqITiaw.jpg</fanart>
</item>
<item>
    <title>Poison Ivy (1992)</title>
    <meta>
        <content>movie</content>
        <imdb>tt0105156</imdb>
        <title>Poison Ivy</title>
        <year>1992</year>
    </meta>
    <link>
        <sublink>search</sublink>
        <sublink>searchsd</sublink>
    </link>
    <thumbnail>https://image.tmdb.org/t/p/w1280/wYLMeaAgOcTPYyEsz1bsCN20EzU.jpg</thumbnail>
    <fanart>https://image.tmdb.org/t/p/w1280/fooJUOfkI6H9k7xqzASZpFya93p.jpg</fanart>
</item>
<item>
    <title>The Wrong Girl (2015 TV Movie)</title>
    <meta>
        <content>movie</content>
        <imdb>tt3661196</imdb>
        <title>The Wrong Girl</title>
        <year>2015 TV Movie</year>
    </meta>
    <link>
        <sublink>search</sublink>
        <sublink>searchsd</sublink>
    </link>
    <thumbnail>https://image.tmdb.org/t/p/w1280/8hQuUprlpdGNZ599wIHOnb4xI8C.jpg</thumbnail>
    <fanart>https://image.tmdb.org/t/p/w1280none</fanart>
</item>
<item>
    <title>Disturbia (2007)</title>
    <meta>
        <content>movie</content>
        <imdb>tt0486822</imdb>
        <title>Disturbia</title>
        <year>2007</year>
    </meta>
    <link>
        <sublink>search</sublink>
        <sublink>searchsd</sublink>
    </link>
    <thumbnail>https://image.tmdb.org/t/p/w1280/eyQ7vWEm2SClbAlNLTOhQhkSkFF.jpg</thumbnail>
    <fanart>https://image.tmdb.org/t/p/w1280/7MwVv7CXQ9hzLeGx2a4QWUEEC5J.jpg</fanart>
</item>
<item>
    <title>A Nightmare on Elm Street (2010)</title>
    <meta>
        <content>movie</content>
        <imdb>tt1179056</imdb>
        <title>A Nightmare on Elm Street</title>
        <year>2010</year>
    </meta>
    <link>
        <sublink>search</sublink>
        <sublink>searchsd</sublink>
    </link>
    <thumbnail>https://image.tmdb.org/t/p/w1280/zPdMcikD993AQRd92iNv0Dxb67T.jpg</thumbnail>
    <fanart>https://image.tmdb.org/t/p/w1280/17vWkOFksf8479W5kHRto6sR98f.jpg</fanart>
</item>
<item>
    <title>Homecoming (2009)</title>
    <meta>
        <content>movie</content>
        <imdb>tt1135500</imdb>
        <title>Homecoming</title>
        <year>2009</year>
    </meta>
    <link>
        <sublink>search</sublink>
        <sublink>searchsd</sublink>
    </link>
    <thumbnail>https://image.tmdb.org/t/p/w1280/kZITJhx3Ih14sLStVpLLVAILBMi.jpg</thumbnail>
    <fanart>https://image.tmdb.org/t/p/w1280/uGzcZInOGAh5AwpT7X7JquvDRmc.jpg</fanart>
</item>
<item>
    <title>Cherry Falls (2000)</title>
    <meta>
        <content>movie</content>
        <imdb>tt0175526</imdb>
        <title>Cherry Falls</title>
        <year>2000</year>
    </meta>
    <link>
        <sublink>search</sublink>
        <sublink>searchsd</sublink>
    </link>
    <thumbnail>https://image.tmdb.org/t/p/w1280/BevjDdp0U4nG0h8sisnNUyyrDn.jpg</thumbnail>
    <fanart>https://image.tmdb.org/t/p/w1280/61jXRAqQihmnIfViTChwkGHMXsT.jpg</fanart>
</item>
<item>
    <title>Hush (I) (2016)</title>
    <meta>
        <content>movie</content>
        <imdb>tt5022702</imdb>
        <title>Hush</title>
        <year>I 2016</year>
    </meta>
    <link>
        <sublink>search</sublink>
        <sublink>searchsd</sublink>
    </link>
    <thumbnail>https://image.tmdb.org/t/p/w1280/khDYdmPFlaTqeLQVD4ds4xC1mIf.jpg</thumbnail>
    <fanart>https://image.tmdb.org/t/p/w1280/uwt4JQbcjir05p8eppGWy7aQEaI.jpg</fanart>
</item>
<item>
    <title>Kristy (2014)</title>
    <meta>
        <content>movie</content>
        <imdb>tt2027136</imdb>
        <title>Kristy</title>
        <year>2014</year>
    </meta>
    <link>
        <sublink>search</sublink>
        <sublink>searchsd</sublink>
    </link>
    <thumbnail>https://image.tmdb.org/t/p/w1280/CO7bFrtiirBpXOamTfzvZQYtUV.jpg</thumbnail>
    <fanart>https://image.tmdb.org/t/p/w1280/36C7CQUkutFocUVrEI6q7KFnjcg.jpg</fanart>
</item>
<item>
    <title>Stalker (I) (2014)</title>
    <meta>
        <content>movie</content>
        <imdb>tt4009572</imdb>
        <title>Stalker</title>
        <year>I 2014</year>
    </meta>
    <link>
        <sublink>search</sublink>
        <sublink>searchsd</sublink>
    </link>
    <thumbnail>https://image.tmdb.org/t/p/w1280/rFibFbwN7tw8GwrNRYjxIQP54Xp.jpg</thumbnail>
    <fanart>https://image.tmdb.org/t/p/w1280none</fanart>
</item>
<item>
    <title>Watch Your Back (2015 TV Movie)</title>
    <meta>
        <content>movie</content>
        <imdb>tt3877092</imdb>
        <title>Watch Your Back</title>
        <year>2015 TV Movie</year>
    </meta>
    <link>
        <sublink>search</sublink>
        <sublink>searchsd</sublink>
    </link>
    <thumbnail>https://image.tmdb.org/t/p/w1280/kf9mIs5u6E0XAuq7a2LK1kdPkeW.jpg</thumbnail>
    <fanart>https://image.tmdb.org/t/p/w1280/tYVNFfLtfZ4J31uQqP5whrdoeqm.jpg</fanart>
</item>
<item>
    <title>Open Windows (2014)</title>
    <meta>
        <content>movie</content>
        <imdb>tt2409818</imdb>
        <title>Open Windows</title>
        <year>2014</year>
    </meta>
    <link>
        <sublink>search</sublink>
        <sublink>searchsd</sublink>
    </link>
    <thumbnail>https://image.tmdb.org/t/p/w1280/ATI8sLJ0pYNyJOIPaxX8tzcBsF.jpg</thumbnail>
    <fanart>https://image.tmdb.org/t/p/w1280/xyBLT9V5auaRl5d1g4Ow36ncVgw.jpg</fanart>
</item>
<item>
    <title>The Resident (2011)</title>
    <meta>
        <content>movie</content>
        <imdb>tt1334102</imdb>
        <title>The Resident</title>
        <year>2011</year>
    </meta>
    <link>
        <sublink>search</sublink>
        <sublink>searchsd</sublink>
    </link>
    <thumbnail>https://image.tmdb.org/t/p/w1280none</thumbnail>
    <fanart>https://image.tmdb.org/t/p/w1280none</fanart>
</item>
<item>
    <title>Blackway (2015)</title>
    <meta>
        <content>movie</content>
        <imdb>tt4061010</imdb>
        <title>Blackway</title>
        <year>2015</year>
    </meta>
    <link>
        <sublink>search</sublink>
        <sublink>searchsd</sublink>
    </link>
    <thumbnail>https://image.tmdb.org/t/p/w1280none</thumbnail>
    <fanart>https://image.tmdb.org/t/p/w1280none</fanart>
</item>
<item>
    <title>Choose (II) (2011)</title>
    <meta>
        <content>movie</content>
        <imdb>tt1325723</imdb>
        <title>Choose</title>
        <year>II 2011</year>
    </meta>
    <link>
        <sublink>search</sublink>
        <sublink>searchsd</sublink>
    </link>
    <thumbnail>https://image.tmdb.org/t/p/w1280none</thumbnail>
    <fanart>https://image.tmdb.org/t/p/w1280none</fanart>
</item>
<item>
    <title>Amusement (2008)</title>
    <meta>
        <content>movie</content>
        <imdb>tt0476958</imdb>
        <title>Amusement</title>
        <year>2008</year>
    </meta>
    <link>
        <sublink>search</sublink>
        <sublink>searchsd</sublink>
    </link>
    <thumbnail>https://image.tmdb.org/t/p/w1280none</thumbnail>
    <fanart>https://image.tmdb.org/t/p/w1280none</fanart>
</item>
<item>
    <title>Truth & Lies (2015 TV Movie)</title>
    <meta>
        <content>movie</content>
        <imdb>tt3660856</imdb>
        <title>Truth & Lies</title>
        <year>2015 TV Movie</year>
    </meta>
    <link>
        <sublink>search</sublink>
        <sublink>searchsd</sublink>
    </link>
    <thumbnail>https://image.tmdb.org/t/p/w1280none</thumbnail>
    <fanart>https://image.tmdb.org/t/p/w1280none</fanart>
</item>
<item>
    <title>Stalking Eva (2015)</title>
    <meta>
        <content>movie</content>
        <imdb>tt4176764</imdb>
        <title>Stalking Eva</title>
        <year>2015</year>
    </meta>
    <link>
        <sublink>search</sublink>
        <sublink>searchsd</sublink>
    </link>
    <thumbnail>https://image.tmdb.org/t/p/w1280none</thumbnail>
    <fanart>https://image.tmdb.org/t/p/w1280none</fanart>
</item>
<item>
    <title>I Know What You Did Last Summer </span>\n</h3>\n    <p class="text-muted text-small">\n            \n            <span class="genre">\nHorror, Thriller            </title>
    <meta>
        <content>movie</content>
        <imdb>tt4045450</imdb>
        <title>I Know What You Did Last Summer</title>
        <year>
        </span>\n</h3>\n    <p class="text-muted text-small">\n            \n            <span class="genre">\nHorror, Thriller            </year>
    </meta>
    <link>
        <sublink>search</sublink>
        <sublink>searchsd</sublink>
    </link>
    <thumbnail>https://image.tmdb.org/t/p/w1280none</thumbnail>
    <fanart>https://image.tmdb.org/t/p/w1280none</fanart>
</item>
<item>
    <title>Night Rain (2018)</title>
    <meta>
        <content>movie</content>
        <imdb>tt4367592</imdb>
        <title>Night Rain</title>
        <year>2018</year>
    </meta>
    <link>
        <sublink>search</sublink>
        <sublink>searchsd</sublink>
    </link>
    <thumbnail>https://image.tmdb.org/t/p/w1280none</thumbnail>
    <fanart>https://image.tmdb.org/t/p/w1280none</fanart>
</item>
<item>
    <title>Dark Summer (2015)</title>
    <meta>
        <content>movie</content>
        <imdb>tt2910508</imdb>
        <title>Dark Summer</title>
        <year>2015</year>
    </meta>
    <link>
        <sublink>search</sublink>
        <sublink>searchsd</sublink>
    </link>
    <thumbnail>https://image.tmdb.org/t/p/w1280none</thumbnail>
    <fanart>https://image.tmdb.org/t/p/w1280none</fanart>
</item>
<item>
    <title>The Listing </span>\n</h3>\n    <p class="text-muted text-small">\n            \n            <span class="genre">\nThriller            </title>
    <meta>
        <content>movie</content>
        <imdb>tt3330814</imdb>
        <title>The Listing</title>
        <year>
        </span>\n</h3>\n    <p class="text-muted text-small">\n            \n            <span class="genre">\nThriller            </year>
    </meta>
    <link>
        <sublink>search</sublink>
        <sublink>searchsd</sublink>
    </link>
    <thumbnail>https://image.tmdb.org/t/p/w1280none</thumbnail>
    <fanart>https://image.tmdb.org/t/p/w1280none</fanart>
</item>
<item>
    <title>Voidfinder (2017)</title>
    <meta>
        <content>movie</content>
        <imdb>tt5782160</imdb>
        <title>Voidfinder</title>
        <year>2017</year>
    </meta>
    <link>
        <sublink>search</sublink>
        <sublink>searchsd</sublink>
    </link>
    <thumbnail>https://image.tmdb.org/t/p/w1280none</thumbnail>
    <fanart>https://image.tmdb.org/t/p/w1280none</fanart>
</item>
<item>
    <title>#FollowFriday (2016)</title>
    <meta>
        <content>movie</content>
        <imdb>tt5233106</imdb>
        <title>#FollowFriday</title>
        <year>2016</year>
    </meta>
    <link>
        <sublink>search</sublink>
        <sublink>searchsd</sublink>
    </link>
    <thumbnail>https://image.tmdb.org/t/p/w1280none</thumbnail>
    <fanart>https://image.tmdb.org/t/p/w1280none</fanart>
</item>
<item>
    <title>Girlfriend Killer (2017 TV Movie)</title>
    <meta>
        <content>movie</content>
        <imdb>tt5987526</imdb>
        <title>Girlfriend Killer</title>
        <year>2017 TV Movie</year>
    </meta>
    <link>
        <sublink>search</sublink>
        <sublink>searchsd</sublink>
    </link>
    <thumbnail>https://image.tmdb.org/t/p/w1280none</thumbnail>
    <fanart>https://image.tmdb.org/t/p/w1280none</fanart>
</item>
<item>
    <title>Tragedy Girls (2017)</title>
    <meta>
        <content>movie</content>
        <imdb>tt3859272</imdb>
        <title>Tragedy Girls</title>
        <year>2017</year>
    </meta>
    <link>
        <sublink>search</sublink>
        <sublink>searchsd</sublink>
    </link>
    <thumbnail>https://image.tmdb.org/t/p/w1280none</thumbnail>
    <fanart>https://image.tmdb.org/t/p/w1280none</fanart>
</item>
<item>
    <title>The Roommate (I) (2011)</title>
    <meta>
        <content>movie</content>
        <imdb>tt1265990</imdb>
        <title>The Roommate</title>
        <year>I 2011</year>
    </meta>
    <link>
        <sublink>search</sublink>
        <sublink>searchsd</sublink>
    </link>
    <thumbnail>https://image.tmdb.org/t/p/w1280none</thumbnail>
    <fanart>https://image.tmdb.org/t/p/w1280none</fanart>
</item>
<item>
    <title>Urban Legend (1998)</title>
    <meta>
        <content>movie</content>
        <imdb>tt0146336</imdb>
        <title>Urban Legend</title>
        <year>1998</year>
    </meta>
    <link>
        <sublink>search</sublink>
        <sublink>searchsd</sublink>
    </link>
    <thumbnail>https://image.tmdb.org/t/p/w1280none</thumbnail>
    <fanart>https://image.tmdb.org/t/p/w1280none</fanart>
</item>
<item>
    <title>My Bloody Valentine (2009)</title>
    <meta>
        <content>movie</content>
        <imdb>tt1179891</imdb>
        <title>My Bloody Valentine</title>
        <year>2009</year>
    </meta>
    <link>
        <sublink>search</sublink>
        <sublink>searchsd</sublink>
    </link>
    <thumbnail>https://image.tmdb.org/t/p/w1280none</thumbnail>
    <fanart>https://image.tmdb.org/t/p/w1280none</fanart>
</item>
<item>
    <title>Truth or Dare (2018)</title>
    <meta>
        <content>movie</content>
        <imdb>tt6772950</imdb>
        <title>Truth or Dare</title>
        <year>2018</year>
    </meta>
    <link>
        <sublink>search</sublink>
        <sublink>searchsd</sublink>
    </link>
    <thumbnail>https://image.tmdb.org/t/p/w1280none</thumbnail>
    <fanart>https://image.tmdb.org/t/p/w1280none</fanart>
</item>
<item>
    <title>The Good Neighbor (2016)</title>
    <meta>
        <content>movie</content>
        <imdb>tt2262315</imdb>
        <title>The Good Neighbor</title>
        <year>2016</year>
    </meta>
    <link>
        <sublink>search</sublink>
        <sublink>searchsd</sublink>
    </link>
    <thumbnail>https://image.tmdb.org/t/p/w1280none</thumbnail>
    <fanart>https://image.tmdb.org/t/p/w1280none</fanart>
</item>
<item>
    <title>Split (IX) (2016)</title>
    <meta>
        <content>movie</content>
        <imdb>tt4972582</imdb>
        <title>Split</title>
        <year>IX 2016</year>
    </meta>
    <link>
        <sublink>search</sublink>
        <sublink>searchsd</sublink>
    </link>
    <thumbnail>https://image.tmdb.org/t/p/w1280none</thumbnail>
    <fanart>https://image.tmdb.org/t/p/w1280none</fanart>
</item>
<item>
    <title>Death Proof (2007)</title>
    <meta>
        <content>movie</content>
        <imdb>tt1028528</imdb>
        <title>Death Proof</title>
        <year>2007</year>
    </meta>
    <link>
        <sublink>search</sublink>
        <sublink>searchsd</sublink>
    </link>
    <thumbnail>https://image.tmdb.org/t/p/w1280none</thumbnail>
    <fanart>https://image.tmdb.org/t/p/w1280none</fanart>
</item>
<item>
    <title>You Get Me (2017)</title>
    <meta>
        <content>movie</content>
        <imdb>tt5539054</imdb>
        <title>You Get Me</title>
        <year>2017</year>
    </meta>
    <link>
        <sublink>search</sublink>
        <sublink>searchsd</sublink>
    </link>
    <thumbnail>https://image.tmdb.org/t/p/w1280none</thumbnail>
    <fanart>https://image.tmdb.org/t/p/w1280none</fanart>
</item>
<item>
    <title>Sins of the Father </span>\n</h3>\n    <p class="text-muted text-small">\n            \n            <span class="genre">\nHorror, Thriller            </title>
    <meta>
        <content>movie</content>
        <imdb>tt2198006</imdb>
        <title>Sins of the Father</title>
        <year>
        </span>\n</h3>\n    <p class="text-muted text-small">\n            \n            <span class="genre">\nHorror, Thriller            </year>
    </meta>
    <link>
        <sublink>search</sublink>
        <sublink>searchsd</sublink>
    </link>
    <thumbnail>https://image.tmdb.org/t/p/w1280none</thumbnail>
    <fanart>https://image.tmdb.org/t/p/w1280none</fanart>
</item>
<item>
    <title>One Night Alone (2018)</title>
    <meta>
        <content>movie</content>
        <imdb>tt2167851</imdb>
        <title>One Night Alone</title>
        <year>2018</year>
    </meta>
    <link>
        <sublink>search</sublink>
        <sublink>searchsd</sublink>
    </link>
    <thumbnail>https://image.tmdb.org/t/p/w1280none</thumbnail>
    <fanart>https://image.tmdb.org/t/p/w1280none</fanart>
</item>
<item>
    <title>Under the Bed 2 </span>\n</h3>\n    <p class="text-muted text-small">\n            \n            <span class="genre">\nThriller            </title>
    <meta>
        <content>movie</content>
        <imdb>tt6967012</imdb>
        <title>Under the Bed 2</title>
        <year>
        </span>\n</h3>\n    <p class="text-muted text-small">\n            \n            <span class="genre">\nThriller            </year>
    </meta>
    <link>
        <sublink>search</sublink>
        <sublink>searchsd</sublink>
    </link>
    <thumbnail>https://image.tmdb.org/t/p/w1280none</thumbnail>
    <fanart>https://image.tmdb.org/t/p/w1280none</fanart>
</item>
<item>
    <title>Unforgettable (II) (2017)</title>
    <meta>
        <content>movie</content>
        <imdb>tt3462710</imdb>
        <title>Unforgettable</title>
        <year>II 2017</year>
    </meta>
    <link>
        <sublink>search</sublink>
        <sublink>searchsd</sublink>
    </link>
    <thumbnail>https://image.tmdb.org/t/p/w1280none</thumbnail>
    <fanart>https://image.tmdb.org/t/p/w1280none</fanart>
</item>
<item>
    <title>The Hitcher (1986)</title>
    <meta>
        <content>movie</content>
        <imdb>tt0091209</imdb>
        <title>The Hitcher</title>
        <year>1986</year>
    </meta>
    <link>
        <sublink>search</sublink>
        <sublink>searchsd</sublink>
    </link>
    <thumbnail>https://image.tmdb.org/t/p/w1280none</thumbnail>
    <fanart>https://image.tmdb.org/t/p/w1280none</fanart>
</item>
<item>
    <title>The Hitcher (2007)</title>
    <meta>
        <content>movie</content>
        <imdb>tt0455960</imdb>
        <title>The Hitcher</title>
        <year>2007</year>
    </meta>
    <link>
        <sublink>search</sublink>
        <sublink>searchsd</sublink>
    </link>
    <thumbnail>https://image.tmdb.org/t/p/w1280none</thumbnail>
    <fanart>https://image.tmdb.org/t/p/w1280none</fanart>
</item>
<item>
    <title>One Hour Photo (2002)</title>
    <meta>
        <content>movie</content>
        <imdb>tt0265459</imdb>
        <title>One Hour Photo</title>
        <year>2002</year>
    </meta>
    <link>
        <sublink>search</sublink>
        <sublink>searchsd</sublink>
    </link>
    <thumbnail>https://image.tmdb.org/t/p/w1280none</thumbnail>
    <fanart>https://image.tmdb.org/t/p/w1280none</fanart>
</item>
