<item>
    <title>A Tale of Two Sisters (2003)</title>
    <meta>
        <content>movie</content>
        <imdb>tt0365376</imdb>
        <title>A Tale of Two Sisters</title>
        <year>2003</year>
    </meta>
    <link>
        <sublink>search</sublink>
        <sublink>searchsd</sublink>
    </link>
    <thumbnail>https://image.tmdb.org/t/p/w1280/8fmnXoIw3e3J7YSr8bzcPica4Dk.jpg</thumbnail>
    <fanart>https://image.tmdb.org/t/p/w1280/dHeWtDSsPOvj01rhKjmSNBJpYFq.jpg</fanart>
</item>
<item>
    <title>Kim Bok-nam salinsageonui jeonmal (2010)</title>
    <meta>
        <content>movie</content>
        <imdb>tt1646959</imdb>
        <title>Kim Bok-nam salinsageonui jeonmal</title>
        <year>2010</year>
    </meta>
    <link>
        <sublink>search</sublink>
        <sublink>searchsd</sublink>
    </link>
    <thumbnail>https://image.tmdb.org/t/p/w1280/9rr6koprl9MQT4phzXXMTjlRmIY.jpg</thumbnail>
    <fanart>https://image.tmdb.org/t/p/w1280/jYtk5dspuiKNbL6n6Uh66aHvbOb.jpg</fanart>
</item>
<item>
    <title>Busanhaeng (2016)</title>
    <meta>
        <content>movie</content>
        <imdb>tt5700672</imdb>
        <title>Busanhaeng</title>
        <year>2016</year>
    </meta>
    <link>
        <sublink>search</sublink>
        <sublink>searchsd</sublink>
    </link>
    <thumbnail>https://image.tmdb.org/t/p/w1280/qWOkfCgioLEf3Km9OWva93RYWAc.jpg</thumbnail>
    <fanart>https://image.tmdb.org/t/p/w1280/9q1VHQHua1E06cXQQC1rtPcC9WB.jpg</fanart>
</item>
<item>
    <title>Ryeong (2004)</title>
    <meta>
        <content>movie</content>
        <imdb>tt0410537</imdb>
        <title>Ryeong</title>
        <year>2004</year>
    </meta>
    <link>
        <sublink>search</sublink>
        <sublink>searchsd</sublink>
    </link>
    <thumbnail>https://image.tmdb.org/t/p/w1280/1ogiEJcHadwxjCxQtwDok6mHeGC.jpg</thumbnail>
    <fanart>https://image.tmdb.org/t/p/w1280none</fanart>
</item>
<item>
    <title>Hansel and Gretel (2007)</title>
    <meta>
        <content>movie</content>
        <imdb>tt1002567</imdb>
        <title>Hansel and Gretel</title>
        <year>2007</year>
    </meta>
    <link>
        <sublink>search</sublink>
        <sublink>searchsd</sublink>
    </link>
    <thumbnail>https://image.tmdb.org/t/p/w1280/59qUmDVFrsguvvlrO6vu7Rouq9r.jpg</thumbnail>
    <fanart>https://image.tmdb.org/t/p/w1280/dtC9Lf5BlOoKMw11KUCsMPFbyim.jpg</fanart>
</item>
<item>
    <title>Yeogo goedam 3: Yeowoo gyedan (2003)</title>
    <meta>
        <content>movie</content>
        <imdb>tt0370082</imdb>
        <title>Yeogo goedam 3: Yeowoo gyedan</title>
        <year>2003</year>
    </meta>
    <link>
        <sublink>search</sublink>
        <sublink>searchsd</sublink>
    </link>
    <thumbnail>https://image.tmdb.org/t/p/w1280/u3BBZRpEvexrJ4dxsCGtDNxuW5o.jpg</thumbnail>
    <fanart>https://image.tmdb.org/t/p/w1280/lJli2n0pmQdY898zzUymfZUsnG.jpg</fanart>
</item>
<item>
    <title>Yeogo goedam II (1999)</title>
    <meta>
        <content>movie</content>
        <imdb>tt0266075</imdb>
        <title>Yeogo goedam II</title>
        <year>1999</year>
    </meta>
    <link>
        <sublink>search</sublink>
        <sublink>searchsd</sublink>
    </link>
    <thumbnail>https://image.tmdb.org/t/p/w1280/zpszvqERMuVL7iUCnKGn9Trwnxr.jpg</thumbnail>
    <fanart>https://image.tmdb.org/t/p/w1280/7cB8R7s1V7oXUniKxn20sshm6hZ.jpg</fanart>
</item>
<item>
    <title>Geoul sokeuro (2003)</title>
    <meta>
        <content>movie</content>
        <imdb>tt0372937</imdb>
        <title>Geoul sokeuro</title>
        <year>2003</year>
    </meta>
    <link>
        <sublink>search</sublink>
        <sublink>searchsd</sublink>
    </link>
    <thumbnail>https://image.tmdb.org/t/p/w1280/qQuKVOEnbCivyHYKRBuR164HofZ.jpg</thumbnail>
    <fanart>https://image.tmdb.org/t/p/w1280/b9fCsc1jkcggrWCHRWK3ic6DqeY.jpg</fanart>
</item>
<item>
    <title>R-Point (2004)</title>
    <meta>
        <content>movie</content>
        <imdb>tt0417072</imdb>
        <title>R-Point</title>
        <year>2004</year>
    </meta>
    <link>
        <sublink>search</sublink>
        <sublink>searchsd</sublink>
    </link>
    <thumbnail>https://image.tmdb.org/t/p/w1280/jwBvcINaiOGF2MAxdW80U4BPLyj.jpg</thumbnail>
    <fanart>https://image.tmdb.org/t/p/w1280/6uQ263wyGGRH6DfwktjqbQSE6Bi.jpg</fanart>
</item>
<item>
    <title>Arang (2006)</title>
    <meta>
        <content>movie</content>
        <imdb>tt0826031</imdb>
        <title>Arang</title>
        <year>2006</year>
    </meta>
    <link>
        <sublink>search</sublink>
        <sublink>searchsd</sublink>
    </link>
    <thumbnail>https://image.tmdb.org/t/p/w1280/yHr6S0mMmuw45pNivWw5In4pPaf.jpg</thumbnail>
    <fanart>https://image.tmdb.org/t/p/w1280/vi5KNjOusVAmCWF7ByQSRbTlbnq.jpg</fanart>
</item>
<item>
    <title>Voice (2005)</title>
    <meta>
        <content>movie</content>
        <imdb>tt0470967</imdb>
        <title>Voice</title>
        <year>2005</year>
    </meta>
    <link>
        <sublink>search</sublink>
        <sublink>searchsd</sublink>
    </link>
    <thumbnail>https://image.tmdb.org/t/p/w1280/j4JLY1Vtv5B1twNyKUZ0BzyqiO2.jpg</thumbnail>
    <fanart>https://image.tmdb.org/t/p/w1280/uFcVCxoXdPBf4XJfyvvMTPZb9Oo.jpg</fanart>
</item>
<item>
    <title>Gidam (2007)</title>
    <meta>
        <content>movie</content>
        <imdb>tt1124378</imdb>
        <title>Gidam</title>
        <year>2007</year>
    </meta>
    <link>
        <sublink>search</sublink>
        <sublink>searchsd</sublink>
    </link>
    <thumbnail>https://image.tmdb.org/t/p/w1280/werFCcMXzqNmqPr8hNqyx1Gs7XU.jpg</thumbnail>
    <fanart>https://image.tmdb.org/t/p/w1280/5NqEAmzlkiyc7cXGGYbrC6B6MVt.jpg</fanart>
</item>
<item>
    <title>Bulshinjiok (2009)</title>
    <meta>
        <content>movie</content>
        <imdb>tt1535472</imdb>
        <title>Bulshinjiok</title>
        <year>2009</year>
    </meta>
    <link>
        <sublink>search</sublink>
        <sublink>searchsd</sublink>
    </link>
    <thumbnail>https://image.tmdb.org/t/p/w1280/gk0zS49loK31szoldAJ4y2tOZ7P.jpg</thumbnail>
    <fanart>https://image.tmdb.org/t/p/w1280/5QCLU5cP8V0jcE9N1Vwc4xkaDHH.jpg</fanart>
</item>
<item>
    <title>Ring (1999)</title>
    <meta>
        <content>movie</content>
        <imdb>tt0289424</imdb>
        <title>Ring</title>
        <year>1999</year>
    </meta>
    <link>
        <sublink>search</sublink>
        <sublink>searchsd</sublink>
    </link>
    <thumbnail>https://image.tmdb.org/t/p/w1280/o2wupV3zpyq8AqUhWMWKEXmSKAs.jpg</thumbnail>
    <fanart>https://image.tmdb.org/t/p/w1280/4lRjecAobZhGkzB9SZpBXhD4lgA.jpg</fanart>
</item>
<item>
    <title>The Red Shoes (2005)</title>
    <meta>
        <content>movie</content>
        <imdb>tt0468683</imdb>
        <title>The Red Shoes</title>
        <year>2005</year>
    </meta>
    <link>
        <sublink>search</sublink>
        <sublink>searchsd</sublink>
    </link>
    <thumbnail>https://image.tmdb.org/t/p/w1280/pA0JIgh2XM2DIPqeIsJMql5eBS.jpg</thumbnail>
    <fanart>https://image.tmdb.org/t/p/w1280/eqcgn7M57IWcCpqhtRDjTa9DiQR.jpg</fanart>
</item>
<item>
    <title>3 Extremes II (2002)</title>
    <meta>
        <content>movie</content>
        <imdb>tt0324242</imdb>
        <title>3 Extremes II</title>
        <year>2002</year>
    </meta>
    <link>
        <sublink>search</sublink>
        <sublink>searchsd</sublink>
    </link>
    <thumbnail>https://image.tmdb.org/t/p/w1280/pRFPubcJDOxBQIEMmPZ2rAWLzIX.jpg</thumbnail>
    <fanart>https://image.tmdb.org/t/p/w1280/2wvbWkEJRTenQqRGV8N7hF1vjOo.jpg</fanart>
</item>
<item>
    <title>Pon (2002)</title>
    <meta>
        <content>movie</content>
        <imdb>tt0323630</imdb>
        <title>Pon</title>
        <year>2002</year>
    </meta>
    <link>
        <sublink>search</sublink>
        <sublink>searchsd</sublink>
    </link>
    <thumbnail>https://image.tmdb.org/t/p/w1280/5X92REqhucVRFwp8Kwo47fYTE1y.jpg</thumbnail>
    <fanart>https://image.tmdb.org/t/p/w1280/6jglCffybpZAlHVCYnRy1fUolcg.jpg</fanart>
</item>
<item>
    <title>Yeogo goedam (1998)</title>
    <meta>
        <content>movie</content>
        <imdb>tt0241073</imdb>
        <title>Yeogo goedam</title>
        <year>1998</year>
    </meta>
    <link>
        <sublink>search</sublink>
        <sublink>searchsd</sublink>
    </link>
    <thumbnail>https://image.tmdb.org/t/p/w1280/hWTcz8olkZrhL943Bn4xljOxVom.jpg</thumbnail>
    <fanart>https://image.tmdb.org/t/p/w1280/d7JsKCa5G4xIDQrvKDXp3vN6oZV.jpg</fanart>
</item>
<item>
    <title>Seuseung-ui eunhye (2006)</title>
    <meta>
        <content>movie</content>
        <imdb>tt0870958</imdb>
        <title>Seuseung-ui eunhye</title>
        <year>2006</year>
    </meta>
    <link>
        <sublink>search</sublink>
        <sublink>searchsd</sublink>
    </link>
    <thumbnail>https://image.tmdb.org/t/p/w1280/95DulMG1VfxyXm5MOHfgHtGWXpr.jpg</thumbnail>
    <fanart>https://image.tmdb.org/t/p/w1280/7KfiuNhhObFXmeWgA75dRSjArul.jpg</fanart>
</item>
<item>
    <title>29 February (2006)</title>
    <meta>
        <content>movie</content>
        <imdb>tt0927575</imdb>
        <title>29 February</title>
        <year>2006</year>
    </meta>
    <link>
        <sublink>search</sublink>
        <sublink>searchsd</sublink>
    </link>
    <thumbnail>https://image.tmdb.org/t/p/w1280/32ODRdywclFllruz8IJS7awiNpU.jpg</thumbnail>
    <fanart>https://image.tmdb.org/t/p/w1280/q386Eawl4YRQGTGC493u38F8jRJ.jpg</fanart>
</item>
<item>
    <title>Saam gaang yi (2004)</title>
    <meta>
        <content>movie</content>
        <imdb>tt0420251</imdb>
        <title>Saam gaang yi</title>
        <year>2004</year>
    </meta>
    <link>
        <sublink>search</sublink>
        <sublink>searchsd</sublink>
    </link>
    <thumbnail>https://image.tmdb.org/t/p/w1280/m7gGJnVTusmcaO1cl32xr7ZpRF9.jpg</thumbnail>
    <fanart>https://image.tmdb.org/t/p/w1280/5MGXUyV3m2T9rQvne7nCv48GYHc.jpg</fanart>
</item>
<item>
    <title>Deo web-toon: Ye-go sal-in (2013)</title>
    <meta>
        <content>movie</content>
        <imdb>tt2973516</imdb>
        <title>Deo web-toon: Ye-go sal-in</title>
        <year>2013</year>
    </meta>
    <link>
        <sublink>search</sublink>
        <sublink>searchsd</sublink>
    </link>
    <thumbnail>https://image.tmdb.org/t/p/w1280/vDFVZdtnQwmkYZtkW72LLKiAnoB.jpg</thumbnail>
    <fanart>https://image.tmdb.org/t/p/w1280/4HbAp90kvUXN1hak4uAMiMFWscZ.jpg</fanart>
</item>
<item>
    <title>Geomeun sajedeul (2015)</title>
    <meta>
        <content>movie</content>
        <imdb>tt5049302</imdb>
        <title>Geomeun sajedeul</title>
        <year>2015</year>
    </meta>
    <link>
        <sublink>search</sublink>
        <sublink>searchsd</sublink>
    </link>
    <thumbnail>https://image.tmdb.org/t/p/w1280/y5QQiWZAs6BvIrmpTBi3ZiaJFRv.jpg</thumbnail>
    <fanart>https://image.tmdb.org/t/p/w1280/k6DApe5XWZ3JVHVHIcxPR1H3R70.jpg</fanart>
</item>
<item>
    <title>Sonnim (2015)</title>
    <meta>
        <content>movie</content>
        <imdb>tt4718500</imdb>
        <title>Sonnim</title>
        <year>2015</year>
    </meta>
    <link>
        <sublink>search</sublink>
        <sublink>searchsd</sublink>
    </link>
    <thumbnail>https://image.tmdb.org/t/p/w1280/kw1JhQB5RTaR2n5bLaqvfuBFCtO.jpg</thumbnail>
    <fanart>https://image.tmdb.org/t/p/w1280/o0HznrDre8V0ZYg77FahEAnCbp1.jpg</fanart>
</item>
<item>
    <title>Chello hongmijoo ilga salinsagan (2005)</title>
    <meta>
        <content>movie</content>
        <imdb>tt0475532</imdb>
        <title>Chello hongmijoo ilga salinsagan</title>
        <year>2005</year>
    </meta>
    <link>
        <sublink>search</sublink>
        <sublink>searchsd</sublink>
    </link>
    <thumbnail>https://image.tmdb.org/t/p/w1280/9EiLTFHWalicKwvmq6eHGIYhZf3.jpg</thumbnail>
    <fanart>https://image.tmdb.org/t/p/w1280none</fanart>
</item>
<item>
    <title>Sonyeogoedam (2014)</title>
    <meta>
        <content>movie</content>
        <imdb>tt3892620</imdb>
        <title>Sonyeogoedam</title>
        <year>2014</year>
    </meta>
    <link>
        <sublink>search</sublink>
        <sublink>searchsd</sublink>
    </link>
    <thumbnail>https://image.tmdb.org/t/p/w1280/mbN9Vb1eFltazBM8YpOzmqoDOwt.jpg</thumbnail>
    <fanart>https://image.tmdb.org/t/p/w1280/mSVOWQXPq2ZVOkS14xEKm3dX6dL.jpg</fanart>
</item>
<item>
    <title>Hwa-i-teu: Jeo-woo-eui mel-lo-di (2011)</title>
    <meta>
        <content>movie</content>
        <imdb>tt1984177</imdb>
        <title>Hwa-i-teu: Jeo-woo-eui mel-lo-di</title>
        <year>2011</year>
    </meta>
    <link>
        <sublink>search</sublink>
        <sublink>searchsd</sublink>
    </link>
    <thumbnail>https://image.tmdb.org/t/p/w1280/xeG8PN3MSXNBonJ4CleBCe7FTP6.jpg</thumbnail>
    <fanart>https://image.tmdb.org/t/p/w1280/rjg8yipWMcJ2PieOXN8lhgjVFBe.jpg</fanart>
</item>
<item>
    <title>Yeogo goedam 5: Dong-ban-ja-sal (2009)</title>
    <meta>
        <content>movie</content>
        <imdb>tt1565058</imdb>
        <title>Yeogo goedam 5: Dong-ban-ja-sal</title>
        <year>2009</year>
    </meta>
    <link>
        <sublink>search</sublink>
        <sublink>searchsd</sublink>
    </link>
    <thumbnail>https://image.tmdb.org/t/p/w1280/mkIoGc6n1yoxf2tHn1dnZAv1HNY.jpg</thumbnail>
    <fanart>https://image.tmdb.org/t/p/w1280/zdeoNL3i6TxYVLdPtrD9Erxhmr2.jpg</fanart>
</item>
<item>
    <title>Bunshinsaba (2004)</title>
    <meta>
        <content>movie</content>
        <imdb>tt0415689</imdb>
        <title>Bunshinsaba</title>
        <year>2004</year>
    </meta>
    <link>
        <sublink>search</sublink>
        <sublink>searchsd</sublink>
    </link>
    <thumbnail>https://image.tmdb.org/t/p/w1280/lEmfoNPVrpxTpNZoOw3r1mcDN0M.jpg</thumbnail>
    <fanart>https://image.tmdb.org/t/p/w1280/ulfQEW4oeIUlV6hh8KWANLpx1aU.jpg</fanart>
</item>
<item>
    <title>Sorum (2001)</title>
    <meta>
        <content>movie</content>
        <imdb>tt0294929</imdb>
        <title>Sorum</title>
        <year>2001</year>
    </meta>
    <link>
        <sublink>search</sublink>
        <sublink>searchsd</sublink>
    </link>
    <thumbnail>https://image.tmdb.org/t/p/w1280/csJXk9gxxMiYMefwZt6dy4zxndy.jpg</thumbnail>
    <fanart>https://image.tmdb.org/t/p/w1280/a5nOiFwVem3IPfGeVLeMU6TxLGx.jpg</fanart>
</item>
<item>
    <title>Muoi (2007)</title>
    <meta>
        <content>movie</content>
        <imdb>tt0937231</imdb>
        <title>Muoi</title>
        <year>2007</year>
    </meta>
    <link>
        <sublink>search</sublink>
        <sublink>searchsd</sublink>
    </link>
    <thumbnail>https://image.tmdb.org/t/p/w1280/tUzvclJrG2BUeqoc0wjmtfOFp3V.jpg</thumbnail>
    <fanart>https://image.tmdb.org/t/p/w1280none</fanart>
</item>
<item>
    <title>Doo gae-eui dal (2012)</title>
    <meta>
        <content>movie</content>
        <imdb>tt3037322</imdb>
        <title>Doo gae-eui dal</title>
        <year>2012</year>
    </meta>
    <link>
        <sublink>search</sublink>
        <sublink>searchsd</sublink>
    </link>
    <thumbnail>https://image.tmdb.org/t/p/w1280/k3prjaXw3FrA0ZYijw2Qrp4QpaD.jpg</thumbnail>
    <fanart>https://image.tmdb.org/t/p/w1280/wjedXjEBERgBZ4HCxq1EM2Vq59Z.jpg</fanart>
</item>
<item>
    <title>Go-hyang-i: Jook-eum-eul bo-neun doo gae-eui noon (2011)</title>
    <meta>
        <content>movie</content>
        <imdb>tt1935094</imdb>
        <title>Go-hyang-i: Jook-eum-eul bo-neun doo gae-eui noon</title>
        <year>2011</year>
    </meta>
    <link>
        <sublink>search</sublink>
        <sublink>searchsd</sublink>
    </link>
    <thumbnail>https://image.tmdb.org/t/p/w1280/cYL5ykWhffOKucJjDSWkQdiZE7J.jpg</thumbnail>
    <fanart>https://image.tmdb.org/t/p/w1280/WjtwuLxHWSeyQmUnzFNeFguWla.jpg</fanart>
</item>
<item>
    <title>Haebuhak-gyosil (2007)</title>
    <meta>
        <content>movie</content>
        <imdb>tt1821446</imdb>
        <title>Haebuhak-gyosil</title>
        <year>2007</year>
    </meta>
    <link>
        <sublink>search</sublink>
        <sublink>searchsd</sublink>
    </link>
    <thumbnail>https://image.tmdb.org/t/p/w1280/wVUGrjyPSxMb4IEUMCG2SBJMo78.jpg</thumbnail>
    <fanart>https://image.tmdb.org/t/p/w1280none</fanart>
</item>
<item>
    <title>Akasia (2003)</title>
    <meta>
        <content>movie</content>
        <imdb>tt0380164</imdb>
        <title>Akasia</title>
        <year>2003</year>
    </meta>
    <link>
        <sublink>search</sublink>
        <sublink>searchsd</sublink>
    </link>
    <thumbnail>https://image.tmdb.org/t/p/w1280/b0QOiiuyWbuwfdoeJT5KgWShJSI.jpg</thumbnail>
    <fanart>https://image.tmdb.org/t/p/w1280none</fanart>
</item>
<item>
    <title>The Doll Master (2004)</title>
    <meta>
        <content>movie</content>
        <imdb>tt0416853</imdb>
        <title>The Doll Master</title>
        <year>2004</year>
    </meta>
    <link>
        <sublink>search</sublink>
        <sublink>searchsd</sublink>
    </link>
    <thumbnail>https://image.tmdb.org/t/p/w1280/8vWjjP1v96RAKqnjs1ApUTOGv9W.jpg</thumbnail>
    <fanart>https://image.tmdb.org/t/p/w1280/8fUVQFAYwQcsSD378JzTtCP1hkV.jpg</fanart>
</item>
<item>
    <title>Eoh-neu-nal-gap-ja-gi D-Day (2006)</title>
    <meta>
        <content>movie</content>
        <imdb>tt0927595</imdb>
        <title>Eoh-neu-nal-gap-ja-gi D-Day</title>
        <year>2006</year>
    </meta>
    <link>
        <sublink>search</sublink>
        <sublink>searchsd</sublink>
    </link>
    <thumbnail>https://image.tmdb.org/t/p/w1280/uvYvU2rqwbV2BrtR8rURSLZ7sXX.jpg</thumbnail>
    <fanart>https://image.tmdb.org/t/p/w1280/krdZDEg33wjGhuKt3mMHKsEwDGC.jpg</fanart>
</item>
<item>
    <title>Peiseu (2004)</title>
    <meta>
        <content>movie</content>
        <imdb>tt0409947</imdb>
        <title>Peiseu</title>
        <year>2004</year>
    </meta>
    <link>
        <sublink>search</sublink>
        <sublink>searchsd</sublink>
    </link>
    <thumbnail>https://image.tmdb.org/t/p/w1280/mtoFkR68D7n4VFujojqNheN8A5X.jpg</thumbnail>
    <fanart>https://image.tmdb.org/t/p/w1280/ddl3v8sRvfeCTLGgiTHem56bmNX.jpg</fanart>
</item>
<item>
    <title>Apateu (2006)</title>
    <meta>
        <content>movie</content>
        <imdb>tt0826024</imdb>
        <title>Apateu</title>
        <year>2006</year>
    </meta>
    <link>
        <sublink>search</sublink>
        <sublink>searchsd</sublink>
    </link>
    <thumbnail>https://image.tmdb.org/t/p/w1280/w2vj8rT8pp1dQB8tWLge17ecNOQ.jpg</thumbnail>
    <fanart>https://image.tmdb.org/t/p/w1280/wB19b4oyZ9oHfRiTJPNXT3EXJdD.jpg</fanart>
</item>
<item>
    <title>Gyeongseonghakyoo: Sarajin sonyeodeul (2015)</title>
    <meta>
        <content>movie</content>
        <imdb>tt4708348</imdb>
        <title>Gyeongseonghakyoo: Sarajin sonyeodeul</title>
        <year>2015</year>
    </meta>
    <link>
        <sublink>search</sublink>
        <sublink>searchsd</sublink>
    </link>
    <thumbnail>https://image.tmdb.org/t/p/w1280/hNXiG7fYDwnnpBU2qPlwEI84SLS.jpg</thumbnail>
    <fanart>https://image.tmdb.org/t/p/w1280/ujVA5yTxgyVo770v0Ab3N8v69zC.jpg</fanart>
</item>
<item>
    <title>Gosa (2008)</title>
    <meta>
        <content>movie</content>
        <imdb>tt1438522</imdb>
        <title>Gosa</title>
        <year>2008</year>
    </meta>
    <link>
        <sublink>search</sublink>
        <sublink>searchsd</sublink>
    </link>
    <thumbnail>https://image.tmdb.org/t/p/w1280none</thumbnail>
    <fanart>https://image.tmdb.org/t/p/w1280none</fanart>
</item>
<item>
    <title>Sin-de-rel-la (2006)</title>
    <meta>
        <content>movie</content>
        <imdb>tt0845442</imdb>
        <title>Sin-de-rel-la</title>
        <year>2006</year>
    </meta>
    <link>
        <sublink>search</sublink>
        <sublink>searchsd</sublink>
    </link>
    <thumbnail>https://image.tmdb.org/t/p/w1280none</thumbnail>
    <fanart>https://image.tmdb.org/t/p/w1280none</fanart>
</item>
<item>
    <title>The Evil Twin (2007)</title>
    <meta>
        <content>movie</content>
        <imdb>tt1601454</imdb>
        <title>The Evil Twin</title>
        <year>2007</year>
    </meta>
    <link>
        <sublink>search</sublink>
        <sublink>searchsd</sublink>
    </link>
    <thumbnail>https://image.tmdb.org/t/p/w1280none</thumbnail>
    <fanart>https://image.tmdb.org/t/p/w1280none</fanart>
</item>
<item>
    <title>Voices (2007)</title>
    <meta>
        <content>movie</content>
        <imdb>tt1213856</imdb>
        <title>Voices</title>
        <year>2007</year>
    </meta>
    <link>
        <sublink>search</sublink>
        <sublink>searchsd</sublink>
    </link>
    <thumbnail>https://image.tmdb.org/t/p/w1280none</thumbnail>
    <fanart>https://image.tmdb.org/t/p/w1280none</fanart>
</item>
<item>
    <title>Nebeonjjae cheung (2006)</title>
    <meta>
        <content>movie</content>
        <imdb>tt0927627</imdb>
        <title>Nebeonjjae cheung</title>
        <year>2006</year>
    </meta>
    <link>
        <sublink>search</sublink>
        <sublink>searchsd</sublink>
    </link>
    <thumbnail>https://image.tmdb.org/t/p/w1280none</thumbnail>
    <fanart>https://image.tmdb.org/t/p/w1280none</fanart>
</item>
<item>
    <title>The Guard Post (2008)</title>
    <meta>
        <content>movie</content>
        <imdb>tt1064953</imdb>
        <title>The Guard Post</title>
        <year>2008</year>
    </meta>
    <link>
        <sublink>search</sublink>
        <sublink>searchsd</sublink>
    </link>
    <thumbnail>https://image.tmdb.org/t/p/w1280none</thumbnail>
    <fanart>https://image.tmdb.org/t/p/w1280none</fanart>
</item>
<item>
    <title>Moo-seo-woon I-ya-gi (2012)</title>
    <meta>
        <content>movie</content>
        <imdb>tt2961768</imdb>
        <title>Moo-seo-woon I-ya-gi</title>
        <year>2012</year>
    </meta>
    <link>
        <sublink>search</sublink>
        <sublink>searchsd</sublink>
    </link>
    <thumbnail>https://image.tmdb.org/t/p/w1280none</thumbnail>
    <fanart>https://image.tmdb.org/t/p/w1280none</fanart>
</item>
<item>
    <title>Gabal (2005)</title>
    <meta>
        <content>movie</content>
        <imdb>tt0475590</imdb>
        <title>Gabal</title>
        <year>2005</year>
    </meta>
    <link>
        <sublink>search</sublink>
        <sublink>searchsd</sublink>
    </link>
    <thumbnail>https://image.tmdb.org/t/p/w1280none</thumbnail>
    <fanart>https://image.tmdb.org/t/p/w1280none</fanart>
</item>
<item>
    <title>Be with Me (2009)</title>
    <meta>
        <content>movie</content>
        <imdb>tt1519633</imdb>
        <title>Be with Me</title>
        <year>2009</year>
    </meta>
    <link>
        <sublink>search</sublink>
        <sublink>searchsd</sublink>
    </link>
    <thumbnail>https://image.tmdb.org/t/p/w1280none</thumbnail>
    <fanart>https://image.tmdb.org/t/p/w1280none</fanart>
</item>
<item>
    <title>Gawi (2000)</title>
    <meta>
        <content>movie</content>
        <imdb>tt0269266</imdb>
        <title>Gawi</title>
        <year>2000</year>
    </meta>
    <link>
        <sublink>search</sublink>
        <sublink>searchsd</sublink>
    </link>
    <thumbnail>https://image.tmdb.org/t/p/w1280none</thumbnail>
    <fanart>https://image.tmdb.org/t/p/w1280none</fanart>
</item>
<item>
    <title>Ghastly (2011)</title>
    <meta>
        <content>movie</content>
        <imdb>tt2095647</imdb>
        <title>Ghastly</title>
        <year>2011</year>
    </meta>
    <link>
        <sublink>search</sublink>
        <sublink>searchsd</sublink>
    </link>
    <thumbnail>https://image.tmdb.org/t/p/w1280none</thumbnail>
    <fanart>https://image.tmdb.org/t/p/w1280none</fanart>
</item>
<item>
    <title>Haebyeoneuro gada (2000)</title>
    <meta>
        <content>movie</content>
        <imdb>tt0291043</imdb>
        <title>Haebyeoneuro gada</title>
        <year>2000</year>
    </meta>
    <link>
        <sublink>search</sublink>
        <sublink>searchsd</sublink>
    </link>
    <thumbnail>https://image.tmdb.org/t/p/w1280none</thumbnail>
    <fanart>https://image.tmdb.org/t/p/w1280none</fanart>
</item>
<item>
    <title>Yoga Class (2009)</title>
    <meta>
        <content>movie</content>
        <imdb>tt1599378</imdb>
        <title>Yoga Class</title>
        <year>2009</year>
    </meta>
    <link>
        <sublink>search</sublink>
        <sublink>searchsd</sublink>
    </link>
    <thumbnail>https://image.tmdb.org/t/p/w1280none</thumbnail>
    <fanart>https://image.tmdb.org/t/p/w1280none</fanart>
</item>
<item>
    <title>Red Eye (2005)</title>
    <meta>
        <content>movie</content>
        <imdb>tt0448707</imdb>
        <title>Red Eye</title>
        <year>2005</year>
    </meta>
    <link>
        <sublink>search</sublink>
        <sublink>searchsd</sublink>
    </link>
    <thumbnail>https://image.tmdb.org/t/p/w1280none</thumbnail>
    <fanart>https://image.tmdb.org/t/p/w1280none</fanart>
</item>
<item>
    <title>Toemarok (1998)</title>
    <meta>
        <content>movie</content>
        <imdb>tt0240014</imdb>
        <title>Toemarok</title>
        <year>1998</year>
    </meta>
    <link>
        <sublink>search</sublink>
        <sublink>searchsd</sublink>
    </link>
    <thumbnail>https://image.tmdb.org/t/p/w1280none</thumbnail>
    <fanart>https://image.tmdb.org/t/p/w1280none</fanart>
</item>
<item>
    <title>The Wailing (2016)</title>
    <meta>
        <content>movie</content>
        <imdb>tt5215952</imdb>
        <title>The Wailing</title>
        <year>2016</year>
    </meta>
    <link>
        <sublink>search</sublink>
        <sublink>searchsd</sublink>
    </link>
    <thumbnail>https://image.tmdb.org/t/p/w1280none</thumbnail>
    <fanart>https://image.tmdb.org/t/p/w1280none</fanart>
</item>
<item>
    <title>The Host (2006)</title>
    <meta>
        <content>movie</content>
        <imdb>tt0468492</imdb>
        <title>The Host</title>
        <year>2006</year>
    </meta>
    <link>
        <sublink>search</sublink>
        <sublink>searchsd</sublink>
    </link>
    <thumbnail>https://image.tmdb.org/t/p/w1280none</thumbnail>
    <fanart>https://image.tmdb.org/t/p/w1280none</fanart>
</item>
<item>
    <title>Ah-ga-ssi (2016)</title>
    <meta>
        <content>movie</content>
        <imdb>tt4016934</imdb>
        <title>Ah-ga-ssi</title>
        <year>2016</year>
    </meta>
    <link>
        <sublink>search</sublink>
        <sublink>searchsd</sublink>
    </link>
    <thumbnail>https://image.tmdb.org/t/p/w1280none</thumbnail>
    <fanart>https://image.tmdb.org/t/p/w1280none</fanart>
</item>
