<item>
    <title>Peeping Tom (1960)</title>
    <meta>
        <content>movie</content>
        <imdb>tt0054167</imdb>
        <title>Peeping Tom</title>
        <year>1960</year>
    </meta>
    <link>
        <sublink>search</sublink>
        <sublink>searchsd</sublink>
    </link>
    <thumbnail>https://image.tmdb.org/t/p/w1280/tJyGgOLDLDhJkUEI4wSoD4eO7n4.jpg</thumbnail>
    <fanart>https://image.tmdb.org/t/p/w1280/3xvmvjKibxboJXL3wWnGyz7ltRZ.jpg</fanart>
</item>
<item>
    <title>Psycho (1960)</title>
    <meta>
        <content>movie</content>
        <imdb>tt0054215</imdb>
        <title>Psycho</title>
        <year>1960</year>
    </meta>
    <link>
        <sublink>search</sublink>
        <sublink>searchsd</sublink>
    </link>
    <thumbnail>https://image.tmdb.org/t/p/w1280/81d8oyEFgj7FlxJqSDXWr8JH8kV.jpg</thumbnail>
    <fanart>https://image.tmdb.org/t/p/w1280/3md49VBCeqY6MSNyAVY6d5eC6bA.jpg</fanart>
</item>
<item>
    <title>Homicidal (1961)</title>
    <meta>
        <content>movie</content>
        <imdb>tt0054988</imdb>
        <title>Homicidal</title>
        <year>1961</year>
    </meta>
    <link>
        <sublink>search</sublink>
        <sublink>searchsd</sublink>
    </link>
    <thumbnail>https://image.tmdb.org/t/p/w1280/ocq19UxQkfIbiv8nGnQFpfFzH05.jpg</thumbnail>
    <fanart>https://image.tmdb.org/t/p/w1280/mKBvyfT2Mb5Cu6gN2v2zKOc3qN3.jpg</fanart>
</item>
<item>
    <title>Violent Midnight (1963)</title>
    <meta>
        <content>movie</content>
        <imdb>tt0057434</imdb>
        <title>Violent Midnight</title>
        <year>1963</year>
    </meta>
    <link>
        <sublink>search</sublink>
        <sublink>searchsd</sublink>
    </link>
    <thumbnail>https://image.tmdb.org/t/p/w1280/1SnAjxXPlyceaxItwgcQbCsadML.jpg</thumbnail>
    <fanart>https://image.tmdb.org/t/p/w1280none</fanart>
</item>
<item>
    <title>Dementia 13 (1963)</title>
    <meta>
        <content>movie</content>
        <imdb>tt0056983</imdb>
        <title>Dementia 13</title>
        <year>1963</year>
    </meta>
    <link>
        <sublink>search</sublink>
        <sublink>searchsd</sublink>
    </link>
    <thumbnail>https://image.tmdb.org/t/p/w1280/e0MKOzp8WbdGaAS7fXF6LAngA1y.jpg</thumbnail>
    <fanart>https://image.tmdb.org/t/p/w1280/mvbmQ0eTd9Zn8x3AjDWEiYxw26r.jpg</fanart>
</item>
<item>
    <title>Blood Feast (1963)</title>
    <meta>
        <content>movie</content>
        <imdb>tt0056875</imdb>
        <title>Blood Feast</title>
        <year>1963</year>
    </meta>
    <link>
        <sublink>search</sublink>
        <sublink>searchsd</sublink>
    </link>
    <thumbnail>https://image.tmdb.org/t/p/w1280/bH2GAITqQeJZsJPQBLhZXOlfjkH.jpg</thumbnail>
    <fanart>https://image.tmdb.org/t/p/w1280/581sl5pbNrGXTt3U3dc1jJewbD3.jpg</fanart>
</item>
<item>
    <title>Blood and Black Lace (1964)</title>
    <meta>
        <content>movie</content>
        <imdb>tt0058567</imdb>
        <title>Blood and Black Lace</title>
        <year>1964</year>
    </meta>
    <link>
        <sublink>search</sublink>
        <sublink>searchsd</sublink>
    </link>
    <thumbnail>https://image.tmdb.org/t/p/w1280/65qKX56J2qGfNBuzmNcoE2WleHI.jpg</thumbnail>
    <fanart>https://image.tmdb.org/t/p/w1280/n1fWoTP2imVF0UaGpFTXKh8FmiI.jpg</fanart>
</item>
<item>
    <title>A Bay of Blood (1971)</title>
    <meta>
        <content>movie</content>
        <imdb>tt0067656</imdb>
        <title>A Bay of Blood</title>
        <year>1971</year>
    </meta>
    <link>
        <sublink>search</sublink>
        <sublink>searchsd</sublink>
    </link>
    <thumbnail>https://image.tmdb.org/t/p/w1280/tgtNELlRmnfvpIrBSv2Wekw7wpM.jpg</thumbnail>
    <fanart>https://image.tmdb.org/t/p/w1280/1uTsElgkaNwU1onA8ypDVZpjQPf.jpg</fanart>
</item>
<item>
    <title>Hands of the Ripper (1971)</title>
    <meta>
        <content>movie</content>
        <imdb>tt0067176</imdb>
        <title>Hands of the Ripper</title>
        <year>1971</year>
    </meta>
    <link>
        <sublink>search</sublink>
        <sublink>searchsd</sublink>
    </link>
    <thumbnail>https://image.tmdb.org/t/p/w1280/cwB0pJ8ZJgjWz41peClE0gJBIp9.jpg</thumbnail>
    <fanart>https://image.tmdb.org/t/p/w1280/6jJ2DDWfIEcr4BgYYhHOeYHf14o.jpg</fanart>
</item>
<item>
    <title>Fright (1971)</title>
    <meta>
        <content>movie</content>
        <imdb>tt0067119</imdb>
        <title>Fright</title>
        <year>1971</year>
    </meta>
    <link>
        <sublink>search</sublink>
        <sublink>searchsd</sublink>
    </link>
    <thumbnail>https://image.tmdb.org/t/p/w1280/pYYcENIqTjm9opxmbQFNUdccEI6.jpg</thumbnail>
    <fanart>https://image.tmdb.org/t/p/w1280/xWbxF1yenjRFBfZJ3EizqpjIe6.jpg</fanart>
</item>
<item>
    <title>Horror on Snape Island (1972)</title>
    <meta>
        <content>movie</content>
        <imdb>tt0068716</imdb>
        <title>Horror on Snape Island</title>
        <year>1972</year>
    </meta>
    <link>
        <sublink>search</sublink>
        <sublink>searchsd</sublink>
    </link>
    <thumbnail>https://image.tmdb.org/t/p/w1280/d1dFJWAKcz6uxCBm98Fc8gFgGsP.jpg</thumbnail>
    <fanart>https://image.tmdb.org/t/p/w1280/64bRhXagiqrj72PvovOlHXPoWb4.jpg</fanart>
</item>
<item>
    <title>Torso (1973)</title>
    <meta>
        <content>movie</content>
        <imdb>tt0069920</imdb>
        <title>Torso</title>
        <year>1973</year>
    </meta>
    <link>
        <sublink>search</sublink>
        <sublink>searchsd</sublink>
    </link>
    <thumbnail>https://image.tmdb.org/t/p/w1280/xDQUXVzCbOEJm485GTc5HbUvRz3.jpg</thumbnail>
    <fanart>https://image.tmdb.org/t/p/w1280/5oXVjDGyq8JhkAalUYaLL1Yop0b.jpg</fanart>
</item>
<item>
    <title>Scream Bloody Murder (1973)</title>
    <meta>
        <content>movie</content>
        <imdb>tt0070654</imdb>
        <title>Scream Bloody Murder</title>
        <year>1973</year>
    </meta>
    <link>
        <sublink>search</sublink>
        <sublink>searchsd</sublink>
    </link>
    <thumbnail>https://image.tmdb.org/t/p/w1280/63dkYlU4gT0ifwMM30lP8FftILb.jpg</thumbnail>
    <fanart>https://image.tmdb.org/t/p/w1280/4EmnrktGyndp6CphxHYzekScj8o.jpg</fanart>
</item>
<item>
    <title>Black Christmas (1974)</title>
    <meta>
        <content>movie</content>
        <imdb>tt0071222</imdb>
        <title>Black Christmas</title>
        <year>1974</year>
    </meta>
    <link>
        <sublink>search</sublink>
        <sublink>searchsd</sublink>
    </link>
    <thumbnail>https://image.tmdb.org/t/p/w1280/qqO98sdPgptFgCua3Z4uZDuPcmP.jpg</thumbnail>
    <fanart>https://image.tmdb.org/t/p/w1280/zfs9QuKkZL6ZCluGvjo5Pk49aMv.jpg</fanart>
</item>
<item>
    <title>Silent Night, Bloody Night (1972)</title>
    <meta>
        <content>movie</content>
        <imdb>tt0070694</imdb>
        <title>Silent Night, Bloody Night</title>
        <year>1972</year>
    </meta>
    <link>
        <sublink>search</sublink>
        <sublink>searchsd</sublink>
    </link>
    <thumbnail>https://image.tmdb.org/t/p/w1280/jbJNagTN312TF6gOAOIdSeycI4J.jpg</thumbnail>
    <fanart>https://image.tmdb.org/t/p/w1280/ylJIWzFi1U0164E5jjsojx2EvUG.jpg</fanart>
</item>
<item>
    <title>The Texas Chain Saw Massacre (1974)</title>
    <meta>
        <content>movie</content>
        <imdb>tt0072271</imdb>
        <title>The Texas Chain Saw Massacre</title>
        <year>1974</year>
    </meta>
    <link>
        <sublink>search</sublink>
        <sublink>searchsd</sublink>
    </link>
    <thumbnail>https://image.tmdb.org/t/p/w1280/hXF5nuEvUIlMXv4fOCIhA8KWaN2.jpg</thumbnail>
    <fanart>https://image.tmdb.org/t/p/w1280/bAtnyMa4jXc1bVUco6wCZBFh0f2.jpg</fanart>
</item>
<item>
    <title>Criminally Insane (1975)</title>
    <meta>
        <content>movie</content>
        <imdb>tt0072831</imdb>
        <title>Criminally Insane</title>
        <year>1975</year>
    </meta>
    <link>
        <sublink>search</sublink>
        <sublink>searchsd</sublink>
    </link>
    <thumbnail>https://image.tmdb.org/t/p/w1280/cyQ6BGgpZxFyfDDxGQzcn0yEfRW.jpg</thumbnail>
    <fanart>https://image.tmdb.org/t/p/w1280/wFRvil3uH1Esp8lcgh7MBBNugNz.jpg</fanart>
</item>
<item>
    <title>Don't Hang Up (1974)</title>
    <meta>
        <content>movie</content>
        <imdb>tt0080648</imdb>
        <title>Don't Hang Up</title>
        <year>1974</year>
    </meta>
    <link>
        <sublink>search</sublink>
        <sublink>searchsd</sublink>
    </link>
    <thumbnail>https://image.tmdb.org/t/p/w1280/kqdBN0jytEnwn9RgS1Hjt9jh7QS.jpg</thumbnail>
    <fanart>https://image.tmdb.org/t/p/w1280none</fanart>
</item>
<item>
    <title>Forced Entry (1975)</title>
    <meta>
        <content>movie</content>
        <imdb>tt0087282</imdb>
        <title>Forced Entry</title>
        <year>1975</year>
    </meta>
    <link>
        <sublink>search</sublink>
        <sublink>searchsd</sublink>
    </link>
    <thumbnail>https://image.tmdb.org/t/p/w1280/uUE2a6uPne7FX5cdXo1bDkzqqkF.jpg</thumbnail>
    <fanart>https://image.tmdb.org/t/p/w1280none</fanart>
</item>
<item>
    <title>The Town That Dreaded Sundown (1976)</title>
    <meta>
        <content>movie</content>
        <imdb>tt0075342</imdb>
        <title>The Town That Dreaded Sundown</title>
        <year>1976</year>
    </meta>
    <link>
        <sublink>search</sublink>
        <sublink>searchsd</sublink>
    </link>
    <thumbnail>https://image.tmdb.org/t/p/w1280/z3OMI8eTTveYIVbYCnzNAPuYvnC.jpg</thumbnail>
    <fanart>https://image.tmdb.org/t/p/w1280/9OSsu6rfD3GNL1qtFHqMePjm6Cj.jpg</fanart>
</item>
<item>
    <title>Drive In Massacre (1976)</title>
    <meta>
        <content>movie</content>
        <imdb>tt0074434</imdb>
        <title>Drive In Massacre</title>
        <year>1976</year>
    </meta>
    <link>
        <sublink>search</sublink>
        <sublink>searchsd</sublink>
    </link>
    <thumbnail>https://image.tmdb.org/t/p/w1280/pHXd4mfef9UveJ134q7v4cae2Bd.jpg</thumbnail>
    <fanart>https://image.tmdb.org/t/p/w1280/3jXKaK1nt9vwhw5sHQypTlUnN6D.jpg</fanart>
</item>
<item>
    <title>Alice Sweet Alice (1976)</title>
    <meta>
        <content>movie</content>
        <imdb>tt0076150</imdb>
        <title>Alice Sweet Alice</title>
        <year>1976</year>
    </meta>
    <link>
        <sublink>search</sublink>
        <sublink>searchsd</sublink>
    </link>
    <thumbnail>https://image.tmdb.org/t/p/w1280/scjfMHHjZRKkmhoqPtNJmMfpcs4.jpg</thumbnail>
    <fanart>https://image.tmdb.org/t/p/w1280/rpmfuzmTDdJJN9EnkcZV1cRSjpA.jpg</fanart>
</item>
<item>
    <title>Halloween (1978)</title>
    <meta>
        <content>movie</content>
        <imdb>tt0077651</imdb>
        <title>Halloween</title>
        <year>1978</year>
    </meta>
    <link>
        <sublink>search</sublink>
        <sublink>searchsd</sublink>
    </link>
    <thumbnail>https://image.tmdb.org/t/p/w1280/vjoOFOTBJcJvA1weJejlZ92LZD4.jpg</thumbnail>
    <fanart>https://image.tmdb.org/t/p/w1280/6Io0gvfEVpMQsB46yXOKCpSJOoJ.jpg</fanart>
</item>
<item>
    <title>The Toolbox Murders (1978)</title>
    <meta>
        <content>movie</content>
        <imdb>tt0078405</imdb>
        <title>The Toolbox Murders</title>
        <year>1978</year>
    </meta>
    <link>
        <sublink>search</sublink>
        <sublink>searchsd</sublink>
    </link>
    <thumbnail>https://image.tmdb.org/t/p/w1280/yUvEmwJnysnpmFm7A6S9mlaMH7X.jpg</thumbnail>
    <fanart>https://image.tmdb.org/t/p/w1280/uzwoetXfBa7i1wSoaKw8oF2laRd.jpg</fanart>
</item>
<item>
    <title>Blood Stalkers (1976)</title>
    <meta>
        <content>movie</content>
        <imdb>tt0077245</imdb>
        <title>Blood Stalkers</title>
        <year>1976</year>
    </meta>
    <link>
        <sublink>search</sublink>
        <sublink>searchsd</sublink>
    </link>
    <thumbnail>https://image.tmdb.org/t/p/w1280/z1cyNQD1sQFd44fkajEqnH9Fif.jpg</thumbnail>
    <fanart>https://image.tmdb.org/t/p/w1280none</fanart>
</item>
<item>
    <title>When a Stranger Calls (1979)</title>
    <meta>
        <content>movie</content>
        <imdb>tt0080130</imdb>
        <title>When a Stranger Calls</title>
        <year>1979</year>
    </meta>
    <link>
        <sublink>search</sublink>
        <sublink>searchsd</sublink>
    </link>
    <thumbnail>https://image.tmdb.org/t/p/w1280/mdhpKVuuNZcc9noZzYXruxeIxdJ.jpg</thumbnail>
    <fanart>https://image.tmdb.org/t/p/w1280/fAHaJJCrW8AlQTuTRYD3rAdut5k.jpg</fanart>
</item>
<item>
    <title>Tourist Trap (1979)</title>
    <meta>
        <content>movie</content>
        <imdb>tt0080040</imdb>
        <title>Tourist Trap</title>
        <year>1979</year>
    </meta>
    <link>
        <sublink>search</sublink>
        <sublink>searchsd</sublink>
    </link>
    <thumbnail>https://image.tmdb.org/t/p/w1280/zPU8rFobvX1SwEXj1YCI4acd4xE.jpg</thumbnail>
    <fanart>https://image.tmdb.org/t/p/w1280/dMeYjEPQCUO8gN8ZyGpx4r5j5iZ.jpg</fanart>
</item>
<item>
    <title>Savage Weekend (1979)</title>
    <meta>
        <content>movie</content>
        <imdb>tt0079855</imdb>
        <title>Savage Weekend</title>
        <year>1979</year>
    </meta>
    <link>
        <sublink>search</sublink>
        <sublink>searchsd</sublink>
    </link>
    <thumbnail>https://image.tmdb.org/t/p/w1280/7aZAR7aoIqTBnd7TJN0WXaFHJYM.jpg</thumbnail>
    <fanart>https://image.tmdb.org/t/p/w1280/eJj6folsAxvKjFU534BSKDmG1Fg.jpg</fanart>
</item>
<item>
    <title>The Driller Killer (1979)</title>
    <meta>
        <content>movie</content>
        <imdb>tt0079082</imdb>
        <title>The Driller Killer</title>
        <year>1979</year>
    </meta>
    <link>
        <sublink>search</sublink>
        <sublink>searchsd</sublink>
    </link>
    <thumbnail>https://image.tmdb.org/t/p/w1280/uSnjwjtRKfHE3bd3rDAKIfezzk0.jpg</thumbnail>
    <fanart>https://image.tmdb.org/t/p/w1280/1oZkkHNMqBB3JR1Zxy8aJpDF911.jpg</fanart>
</item>
<item>
    <title>Blood Frenzy (1987)</title>
    <meta>
        <content>movie</content>
        <imdb>tt0092670</imdb>
        <title>Blood Frenzy</title>
        <year>1987</year>
    </meta>
    <link>
        <sublink>search</sublink>
        <sublink>searchsd</sublink>
    </link>
    <thumbnail>https://image.tmdb.org/t/p/w1280/4ggfy10Gn9OzWGla9EtHtWepd5y.jpg</thumbnail>
    <fanart>https://image.tmdb.org/t/p/w1280none</fanart>
</item>
<item>
    <title>Blood Lake (1987)</title>
    <meta>
        <content>movie</content>
        <imdb>tt0299551</imdb>
        <title>Blood Lake</title>
        <year>1987</year>
    </meta>
    <link>
        <sublink>search</sublink>
        <sublink>searchsd</sublink>
    </link>
    <thumbnail>https://image.tmdb.org/t/p/w1280/wV9FaG37zktBoGpTCYWPP2UrfQf.jpg</thumbnail>
    <fanart>https://image.tmdb.org/t/p/w1280none</fanart>
</item>
<item>
    <title>Spine (1986 Video)</title>
    <meta>
        <content>movie</content>
        <imdb>tt0165960</imdb>
        <title>Spine</title>
        <year>1986 Video</year>
    </meta>
    <link>
        <sublink>search</sublink>
        <sublink>searchsd</sublink>
    </link>
    <thumbnail>https://image.tmdb.org/t/p/w1280/1EW7EZdau3fLxTHtBmWOfe7iVhj.jpg</thumbnail>
    <fanart>https://image.tmdb.org/t/p/w1280none</fanart>
</item>
<item>
    <title>Return to Horror High (1987)</title>
    <meta>
        <content>movie</content>
        <imdb>tt0093854</imdb>
        <title>Return to Horror High</title>
        <year>1987</year>
    </meta>
    <link>
        <sublink>search</sublink>
        <sublink>searchsd</sublink>
    </link>
    <thumbnail>https://image.tmdb.org/t/p/w1280/9ZzSGTH3i25uGc8pfqKoJU5U0hU.jpg</thumbnail>
    <fanart>https://image.tmdb.org/t/p/w1280/xaPTEPXPckRbfzCMJ8ylysQEind.jpg</fanart>
</item>
<item>
    <title>Tenebre (1982)</title>
    <meta>
        <content>movie</content>
        <imdb>tt0084777</imdb>
        <title>Tenebre</title>
        <year>1982</year>
    </meta>
    <link>
        <sublink>search</sublink>
        <sublink>searchsd</sublink>
    </link>
    <thumbnail>https://image.tmdb.org/t/p/w1280/bEsajgqQEgJgRukc3mrA9G5BEhk.jpg</thumbnail>
    <fanart>https://image.tmdb.org/t/p/w1280/fMQ0sMBEDtna8mRYVxo1xbC9UFC.jpg</fanart>
</item>
<item>
    <title>The New York Ripper (1982)</title>
    <meta>
        <content>movie</content>
        <imdb>tt0084719</imdb>
        <title>The New York Ripper</title>
        <year>1982</year>
    </meta>
    <link>
        <sublink>search</sublink>
        <sublink>searchsd</sublink>
    </link>
    <thumbnail>https://image.tmdb.org/t/p/w1280/yoR0uX8YXjtyRHv48byKYK8nsjg.jpg</thumbnail>
    <fanart>https://image.tmdb.org/t/p/w1280/jYG3ZeO9c7BUa60PwebhnKxRu0K.jpg</fanart>
</item>
<item>
    <title>Killer Party (1986)</title>
    <meta>
        <content>movie</content>
        <imdb>tt0091338</imdb>
        <title>Killer Party</title>
        <year>1986</year>
    </meta>
    <link>
        <sublink>search</sublink>
        <sublink>searchsd</sublink>
    </link>
    <thumbnail>https://image.tmdb.org/t/p/w1280/pvzFAfYDokkwGLjjXXpMxnaTi9D.jpg</thumbnail>
    <fanart>https://image.tmdb.org/t/p/w1280/dUjjoPbfHpy8ftek9pIXdpehQ5m.jpg</fanart>
</item>
<item>
    <title>Deadly Dreams (1988)</title>
    <meta>
        <content>movie</content>
        <imdb>tt0094969</imdb>
        <title>Deadly Dreams</title>
        <year>1988</year>
    </meta>
    <link>
        <sublink>search</sublink>
        <sublink>searchsd</sublink>
    </link>
    <thumbnail>https://image.tmdb.org/t/p/w1280/ovQ6ZttV3z9OPiU3oxkVUsJM5kt.jpg</thumbnail>
    <fanart>https://image.tmdb.org/t/p/w1280/k3d4r5y2ifq9S1pdSbrpORv4td9.jpg</fanart>
</item>
<item>
    <title>Terror Night (1987)</title>
    <meta>
        <content>movie</content>
        <imdb>tt0094124</imdb>
        <title>Terror Night</title>
        <year>1987</year>
    </meta>
    <link>
        <sublink>search</sublink>
        <sublink>searchsd</sublink>
    </link>
    <thumbnail>https://image.tmdb.org/t/p/w1280/msks2hQ548oQirzNnnM7JAiw6if.jpg</thumbnail>
    <fanart>https://image.tmdb.org/t/p/w1280none</fanart>
</item>
<item>
    <title>Sweet 16 (1983)</title>
    <meta>
        <content>movie</content>
        <imdb>tt0083146</imdb>
        <title>Sweet 16</title>
        <year>1983</year>
    </meta>
    <link>
        <sublink>search</sublink>
        <sublink>searchsd</sublink>
    </link>
    <thumbnail>https://image.tmdb.org/t/p/w1280/g7ISk3dZR4GkwHItdZXyoDGAS31.jpg</thumbnail>
    <fanart>https://image.tmdb.org/t/p/w1280/9zPA2OzPFE00b2xJgdT5XASDVUH.jpg</fanart>
</item>
<item>
    <title>Mountaintop Motel Massacre (1983)</title>
    <meta>
        <content>movie</content>
        <imdb>tt0091560</imdb>
        <title>Mountaintop Motel Massacre</title>
        <year>1983</year>
    </meta>
    <link>
        <sublink>search</sublink>
        <sublink>searchsd</sublink>
    </link>
    <thumbnail>https://image.tmdb.org/t/p/w1280/h3mQwbbWdXiGaXa1arymGsaNDmB.jpg</thumbnail>
    <fanart>https://image.tmdb.org/t/p/w1280/fz2t9VUynsDPmkjl8mr3b7i4O8j.jpg</fanart>
</item>
<item>
    <title>The Initiation (1984)</title>
    <meta>
        <content>movie</content>
        <imdb>tt0087472</imdb>
        <title>The Initiation</title>
        <year>1984</year>
    </meta>
    <link>
        <sublink>search</sublink>
        <sublink>searchsd</sublink>
    </link>
    <thumbnail>https://image.tmdb.org/t/p/w1280none</thumbnail>
    <fanart>https://image.tmdb.org/t/p/w1280none</fanart>
</item>
<item>
    <title>Bad Dreams (1988)</title>
    <meta>
        <content>movie</content>
        <imdb>tt0094701</imdb>
        <title>Bad Dreams</title>
        <year>1988</year>
    </meta>
    <link>
        <sublink>search</sublink>
        <sublink>searchsd</sublink>
    </link>
    <thumbnail>https://image.tmdb.org/t/p/w1280none</thumbnail>
    <fanart>https://image.tmdb.org/t/p/w1280none</fanart>
</item>
<item>
    <title>The Ripper (1985 Video)</title>
    <meta>
        <content>movie</content>
        <imdb>tt0089922</imdb>
        <title>The Ripper</title>
        <year>1985 Video</year>
    </meta>
    <link>
        <sublink>search</sublink>
        <sublink>searchsd</sublink>
    </link>
    <thumbnail>https://image.tmdb.org/t/p/w1280none</thumbnail>
    <fanart>https://image.tmdb.org/t/p/w1280none</fanart>
</item>
<item>
    <title>The Forest (1982)</title>
    <meta>
        <content>movie</content>
        <imdb>tt0122070</imdb>
        <title>The Forest</title>
        <year>1982</year>
    </meta>
    <link>
        <sublink>search</sublink>
        <sublink>searchsd</sublink>
    </link>
    <thumbnail>https://image.tmdb.org/t/p/w1280none</thumbnail>
    <fanart>https://image.tmdb.org/t/p/w1280none</fanart>
</item>
<item>
    <title>Night School (1981)</title>
    <meta>
        <content>movie</content>
        <imdb>tt0082812</imdb>
        <title>Night School</title>
        <year>1981</year>
    </meta>
    <link>
        <sublink>search</sublink>
        <sublink>searchsd</sublink>
    </link>
    <thumbnail>https://image.tmdb.org/t/p/w1280none</thumbnail>
    <fanart>https://image.tmdb.org/t/p/w1280none</fanart>
</item>
<item>
    <title>Maniac Cop (1988)</title>
    <meta>
        <content>movie</content>
        <imdb>tt0095583</imdb>
        <title>Maniac Cop</title>
        <year>1988</year>
    </meta>
    <link>
        <sublink>search</sublink>
        <sublink>searchsd</sublink>
    </link>
    <thumbnail>https://image.tmdb.org/t/p/w1280none</thumbnail>
    <fanart>https://image.tmdb.org/t/p/w1280none</fanart>
</item>
<item>
    <title>Humongous (1982)</title>
    <meta>
        <content>movie</content>
        <imdb>tt0082537</imdb>
        <title>Humongous</title>
        <year>1982</year>
    </meta>
    <link>
        <sublink>search</sublink>
        <sublink>searchsd</sublink>
    </link>
    <thumbnail>https://image.tmdb.org/t/p/w1280none</thumbnail>
    <fanart>https://image.tmdb.org/t/p/w1280none</fanart>
</item>
<item>
    <title>Horror House on Highway Five (1985)</title>
    <meta>
        <content>movie</content>
        <imdb>tt0089299</imdb>
        <title>Horror House on Highway Five</title>
        <year>1985</year>
    </meta>
    <link>
        <sublink>search</sublink>
        <sublink>searchsd</sublink>
    </link>
    <thumbnail>https://image.tmdb.org/t/p/w1280none</thumbnail>
    <fanart>https://image.tmdb.org/t/p/w1280none</fanart>
</item>
<item>
    <title>Blood Rage (1987)</title>
    <meta>
        <content>movie</content>
        <imdb>tt0085253</imdb>
        <title>Blood Rage</title>
        <year>1987</year>
    </meta>
    <link>
        <sublink>search</sublink>
        <sublink>searchsd</sublink>
    </link>
    <thumbnail>https://image.tmdb.org/t/p/w1280none</thumbnail>
    <fanart>https://image.tmdb.org/t/p/w1280none</fanart>
</item>
<item>
    <title>Anguish (1987)</title>
    <meta>
        <content>movie</content>
        <imdb>tt0090644</imdb>
        <title>Anguish</title>
        <year>1987</year>
    </meta>
    <link>
        <sublink>search</sublink>
        <sublink>searchsd</sublink>
    </link>
    <thumbnail>https://image.tmdb.org/t/p/w1280none</thumbnail>
    <fanart>https://image.tmdb.org/t/p/w1280none</fanart>
</item>
<item>
    <title>American Gothic (1987)</title>
    <meta>
        <content>movie</content>
        <imdb>tt0094642</imdb>
        <title>American Gothic</title>
        <year>1987</year>
    </meta>
    <link>
        <sublink>search</sublink>
        <sublink>searchsd</sublink>
    </link>
    <thumbnail>https://image.tmdb.org/t/p/w1280none</thumbnail>
    <fanart>https://image.tmdb.org/t/p/w1280none</fanart>
</item>
<item>
    <title>A Cat in the Brain (1990)</title>
    <meta>
        <content>movie</content>
        <imdb>tt0099637</imdb>
        <title>A Cat in the Brain</title>
        <year>1990</year>
    </meta>
    <link>
        <sublink>search</sublink>
        <sublink>searchsd</sublink>
    </link>
    <thumbnail>https://image.tmdb.org/t/p/w1280none</thumbnail>
    <fanart>https://image.tmdb.org/t/p/w1280none</fanart>
</item>
<item>
    <title>He Knows You're Alone (1980)</title>
    <meta>
        <content>movie</content>
        <imdb>tt0080850</imdb>
        <title>He Knows You're Alone</title>
        <year>1980</year>
    </meta>
    <link>
        <sublink>search</sublink>
        <sublink>searchsd</sublink>
    </link>
    <thumbnail>https://image.tmdb.org/t/p/w1280none</thumbnail>
    <fanart>https://image.tmdb.org/t/p/w1280none</fanart>
</item>
<item>
    <title>Butcher, Baker, Nightmare Maker (1982)</title>
    <meta>
        <content>movie</content>
        <imdb>tt0082813</imdb>
        <title>Butcher, Baker, Nightmare Maker</title>
        <year>1982</year>
    </meta>
    <link>
        <sublink>search</sublink>
        <sublink>searchsd</sublink>
    </link>
    <thumbnail>https://image.tmdb.org/t/p/w1280none</thumbnail>
    <fanart>https://image.tmdb.org/t/p/w1280none</fanart>
</item>
<item>
    <title>The Final Terror (1983)</title>
    <meta>
        <content>movie</content>
        <imdb>tt0082379</imdb>
        <title>The Final Terror</title>
        <year>1983</year>
    </meta>
    <link>
        <sublink>search</sublink>
        <sublink>searchsd</sublink>
    </link>
    <thumbnail>https://image.tmdb.org/t/p/w1280none</thumbnail>
    <fanart>https://image.tmdb.org/t/p/w1280none</fanart>
</item>
<item>
    <title>Fade to Black (1980)</title>
    <meta>
        <content>movie</content>
        <imdb>tt0080711</imdb>
        <title>Fade to Black</title>
        <year>1980</year>
    </meta>
    <link>
        <sublink>search</sublink>
        <sublink>searchsd</sublink>
    </link>
    <thumbnail>https://image.tmdb.org/t/p/w1280none</thumbnail>
    <fanart>https://image.tmdb.org/t/p/w1280none</fanart>
</item>
<item>
    <title>Faceless (1987)</title>
    <meta>
        <content>movie</content>
        <imdb>tt0095125</imdb>
        <title>Faceless</title>
        <year>1987</year>
    </meta>
    <link>
        <sublink>search</sublink>
        <sublink>searchsd</sublink>
    </link>
    <thumbnail>https://image.tmdb.org/t/p/w1280none</thumbnail>
    <fanart>https://image.tmdb.org/t/p/w1280none</fanart>
</item>
<item>
    <title>Evil Laugh (1986)</title>
    <meta>
        <content>movie</content>
        <imdb>tt0095120</imdb>
        <title>Evil Laugh</title>
        <year>1986</year>
    </meta>
    <link>
        <sublink>search</sublink>
        <sublink>searchsd</sublink>
    </link>
    <thumbnail>https://image.tmdb.org/t/p/w1280none</thumbnail>
    <fanart>https://image.tmdb.org/t/p/w1280none</fanart>
</item>
<item>
    <title>Dressed to Kill (1980)</title>
    <meta>
        <content>movie</content>
        <imdb>tt0080661</imdb>
        <title>Dressed to Kill</title>
        <year>1980</year>
    </meta>
    <link>
        <sublink>search</sublink>
        <sublink>searchsd</sublink>
    </link>
    <thumbnail>https://image.tmdb.org/t/p/w1280none</thumbnail>
    <fanart>https://image.tmdb.org/t/p/w1280none</fanart>
</item>
<item>
    <title>The Dorm That Dripped Blood (1982)</title>
    <meta>
        <content>movie</content>
        <imdb>tt0082279</imdb>
        <title>The Dorm That Dripped Blood</title>
        <year>1982</year>
    </meta>
    <link>
        <sublink>search</sublink>
        <sublink>searchsd</sublink>
    </link>
    <thumbnail>https://image.tmdb.org/t/p/w1280none</thumbnail>
    <fanart>https://image.tmdb.org/t/p/w1280none</fanart>
</item>
<item>
    <title>The House by the Cemetery (1981)</title>
    <meta>
        <content>movie</content>
        <imdb>tt0082966</imdb>
        <title>The House by the Cemetery</title>
        <year>1981</year>
    </meta>
    <link>
        <sublink>search</sublink>
        <sublink>searchsd</sublink>
    </link>
    <thumbnail>https://image.tmdb.org/t/p/w1280none</thumbnail>
    <fanart>https://image.tmdb.org/t/p/w1280none</fanart>
</item>
<item>
    <title>Die Sxc3xa4ge des Todes (1981)</title>
    <meta>
        <content>movie</content>
        <imdb>tt0083156</imdb>
        <title>Die Sxc3xa4ge des Todes</title>
        <year>1981</year>
    </meta>
    <link>
        <sublink>search</sublink>
        <sublink>searchsd</sublink>
    </link>
    <thumbnail>https://image.tmdb.org/t/p/w1280none</thumbnail>
    <fanart>https://image.tmdb.org/t/p/w1280none</fanart>
</item>
<item>
    <title>The Boogey Man (1980)</title>
    <meta>
        <content>movie</content>
        <imdb>tt0080464</imdb>
        <title>The Boogey Man</title>
        <year>1980</year>
    </meta>
    <link>
        <sublink>search</sublink>
        <sublink>searchsd</sublink>
    </link>
    <thumbnail>https://image.tmdb.org/t/p/w1280none</thumbnail>
    <fanart>https://image.tmdb.org/t/p/w1280none</fanart>
</item>
<item>
    <title>Don't Go in the Woods (1981)</title>
    <meta>
        <content>movie</content>
        <imdb>tt0182996</imdb>
        <title>Don't Go in the Woods</title>
        <year>1981</year>
    </meta>
    <link>
        <sublink>search</sublink>
        <sublink>searchsd</sublink>
    </link>
    <thumbnail>https://image.tmdb.org/t/p/w1280none</thumbnail>
    <fanart>https://image.tmdb.org/t/p/w1280none</fanart>
</item>
<item>
    <title>Death Valley (1982)</title>
    <meta>
        <content>movie</content>
        <imdb>tt0083805</imdb>
        <title>Death Valley</title>
        <year>1982</year>
    </meta>
    <link>
        <sublink>search</sublink>
        <sublink>searchsd</sublink>
    </link>
    <thumbnail>https://image.tmdb.org/t/p/w1280none</thumbnail>
    <fanart>https://image.tmdb.org/t/p/w1280none</fanart>
</item>
<item>
    <title>Deadly Blessing (1981)</title>
    <meta>
        <content>movie</content>
        <imdb>tt0082245</imdb>
        <title>Deadly Blessing</title>
        <year>1981</year>
    </meta>
    <link>
        <sublink>search</sublink>
        <sublink>searchsd</sublink>
    </link>
    <thumbnail>https://image.tmdb.org/t/p/w1280none</thumbnail>
    <fanart>https://image.tmdb.org/t/p/w1280none</fanart>
</item>
<item>
    <title>Cutting Class (1989)</title>
    <meta>
        <content>movie</content>
        <imdb>tt0097136</imdb>
        <title>Cutting Class</title>
        <year>1989</year>
    </meta>
    <link>
        <sublink>search</sublink>
        <sublink>searchsd</sublink>
    </link>
    <thumbnail>https://image.tmdb.org/t/p/w1280none</thumbnail>
    <fanart>https://image.tmdb.org/t/p/w1280none</fanart>
</item>
<item>
    <title>Clownhouse (1989)</title>
    <meta>
        <content>movie</content>
        <imdb>tt0094886</imdb>
        <title>Clownhouse</title>
        <year>1989</year>
    </meta>
    <link>
        <sublink>search</sublink>
        <sublink>searchsd</sublink>
    </link>
    <thumbnail>https://image.tmdb.org/t/p/w1280none</thumbnail>
    <fanart>https://image.tmdb.org/t/p/w1280none</fanart>
</item>
<item>
    <title>Christmas Evil (1980)</title>
    <meta>
        <content>movie</content>
        <imdb>tt0081793</imdb>
        <title>Christmas Evil</title>
        <year>1980</year>
    </meta>
    <link>
        <sublink>search</sublink>
        <sublink>searchsd</sublink>
    </link>
    <thumbnail>https://image.tmdb.org/t/p/w1280none</thumbnail>
    <fanart>https://image.tmdb.org/t/p/w1280none</fanart>
</item>
<item>
    <title>Night Screams (1987)</title>
    <meta>
        <content>movie</content>
        <imdb>tt0244098</imdb>
        <title>Night Screams</title>
        <year>1987</year>
    </meta>
    <link>
        <sublink>search</sublink>
        <sublink>searchsd</sublink>
    </link>
    <thumbnail>https://image.tmdb.org/t/p/w1280none</thumbnail>
    <fanart>https://image.tmdb.org/t/p/w1280none</fanart>
</item>
<item>
    <title>Absurd (1981)</title>
    <meta>
        <content>movie</content>
        <imdb>tt0084028</imdb>
        <title>Absurd</title>
        <year>1981</year>
    </meta>
    <link>
        <sublink>search</sublink>
        <sublink>searchsd</sublink>
    </link>
    <thumbnail>https://image.tmdb.org/t/p/w1280/k7rrC6mj5omaoNUrJ5OKvqcAHYi.jpg</thumbnail>
    <fanart>https://image.tmdb.org/t/p/w1280/repiTtG43T5c4mur34ywWkDGu8t.jpg</fanart>
</item>
<item>
    <title>Antropophagus (1980)</title>
    <meta>
        <content>movie</content>
        <imdb>tt0082479</imdb>
        <title>Antropophagus</title>
        <year>1980</year>
    </meta>
    <link>
        <sublink>search</sublink>
        <sublink>searchsd</sublink>
    </link>
    <thumbnail>https://image.tmdb.org/t/p/w1280/lQa81693JmUGfdzf8VKENi3ZHev.jpg</thumbnail>
    <fanart>https://image.tmdb.org/t/p/w1280/49vIU8YH4LHoeWqCTWNgkCr2jDh.jpg</fanart>
</item>
<item>
    <title>Alone in the Dark (1982)</title>
    <meta>
        <content>movie</content>
        <imdb>tt0083542</imdb>
        <title>Alone in the Dark</title>
        <year>1982</year>
    </meta>
    <link>
        <sublink>search</sublink>
        <sublink>searchsd</sublink>
    </link>
    <thumbnail>https://image.tmdb.org/t/p/w1280/AtdnaxYy5J2JvKTPGhMeGRhVIeY.jpg</thumbnail>
    <fanart>https://image.tmdb.org/t/p/w1280/gcKPEKj2ABTU2JvEQimbx07o9Kr.jpg</fanart>
</item>
<item>
    <title>Intruder (1989)</title>
    <meta>
        <content>movie</content>
        <imdb>tt0095379</imdb>
        <title>Intruder</title>
        <year>1989</year>
    </meta>
    <link>
        <sublink>search</sublink>
        <sublink>searchsd</sublink>
    </link>
    <thumbnail>https://image.tmdb.org/t/p/w1280/1Nkz4im3FNPP9C2VSDqyffcwc8d.jpg</thumbnail>
    <fanart>https://image.tmdb.org/t/p/w1280/2UKNdVVbnSrUOFMXmEBEFlAc6FI.jpg</fanart>
</item>
<item>
    <title>Cheerleader Camp (1988)</title>
    <meta>
        <content>movie</content>
        <imdb>tt0092744</imdb>
        <title>Cheerleader Camp</title>
        <year>1988</year>
    </meta>
    <link>
        <sublink>search</sublink>
        <sublink>searchsd</sublink>
    </link>
    <thumbnail>https://image.tmdb.org/t/p/w1280/aJTnnQk31vSnxs1Tcb1FjvErw2u.jpg</thumbnail>
    <fanart>https://image.tmdb.org/t/p/w1280/3qGQpYMcbNxdOPGjVZWO3gvE4i9.jpg</fanart>
</item>
<item>
    <title>Visiting Hours (1982)</title>
    <meta>
        <content>movie</content>
        <imdb>tt0083296</imdb>
        <title>Visiting Hours</title>
        <year>1982</year>
    </meta>
    <link>
        <sublink>search</sublink>
        <sublink>searchsd</sublink>
    </link>
    <thumbnail>https://image.tmdb.org/t/p/w1280/aMIDKHxSeemWpO8Jp5fBoMagHPl.jpg</thumbnail>
    <fanart>https://image.tmdb.org/t/p/w1280/7PaZnsBeYxfH1eCx3wlg4epnK5i.jpg</fanart>
</item>
<item>
    <title>Unhinged (1982)</title>
    <meta>
        <content>movie</content>
        <imdb>tt0180274</imdb>
        <title>Unhinged</title>
        <year>1982</year>
    </meta>
    <link>
        <sublink>search</sublink>
        <sublink>searchsd</sublink>
    </link>
    <thumbnail>https://image.tmdb.org/t/p/w1280/ZYSigg3ZgZFwjk2Mn6low6A4M8.jpg</thumbnail>
    <fanart>https://image.tmdb.org/t/p/w1280/mXh615ojFOEF0BvlU08SEpvQDvO.jpg</fanart>
</item>
<item>
    <title>The Texas Chainsaw Massacre 2 (1986)</title>
    <meta>
        <content>movie</content>
        <imdb>tt0092076</imdb>
        <title>The Texas Chainsaw Massacre 2</title>
        <year>1986</year>
    </meta>
    <link>
        <sublink>search</sublink>
        <sublink>searchsd</sublink>
    </link>
    <thumbnail>https://image.tmdb.org/t/p/w1280/1EI0Qs6AhtxdamRBsFC4zm2I6sj.jpg</thumbnail>
    <fanart>https://image.tmdb.org/t/p/w1280/ajdhwlImMWSWTu1sEMv72yu7IqK.jpg</fanart>
</item>
<item>
    <title>The Prowler (1981)</title>
    <meta>
        <content>movie</content>
        <imdb>tt0082951</imdb>
        <title>The Prowler</title>
        <year>1981</year>
    </meta>
    <link>
        <sublink>search</sublink>
        <sublink>searchsd</sublink>
    </link>
    <thumbnail>https://image.tmdb.org/t/p/w1280/aPYEX5LmfM0rIwZ3XbOp5Unz3Bw.jpg</thumbnail>
    <fanart>https://image.tmdb.org/t/p/w1280/uiKTmt6vCi3wud95ZY0F51wparG.jpg</fanart>
</item>
<item>
    <title>The Mutilator (1984)</title>
    <meta>
        <content>movie</content>
        <imdb>tt0124014</imdb>
        <title>The Mutilator</title>
        <year>1984</year>
    </meta>
    <link>
        <sublink>search</sublink>
        <sublink>searchsd</sublink>
    </link>
    <thumbnail>https://image.tmdb.org/t/p/w1280/70WHpVVDYBCmnhgM5mxbQ55xkmm.jpg</thumbnail>
    <fanart>https://image.tmdb.org/t/p/w1280/ktUfhuiaxijjk3OCgT2RepGdoQB.jpg</fanart>
</item>
<item>
    <title>The House on Sorority Row (1983)</title>
    <meta>
        <content>movie</content>
        <imdb>tt0085694</imdb>
        <title>The House on Sorority Row</title>
        <year>1983</year>
    </meta>
    <link>
        <sublink>search</sublink>
        <sublink>searchsd</sublink>
    </link>
    <thumbnail>https://image.tmdb.org/t/p/w1280/dvffSQjmXqUbt7Gv2ZIqkEpv5aJ.jpg</thumbnail>
    <fanart>https://image.tmdb.org/t/p/w1280/1nexT60UlMYOAl7bdIJui27iPbq.jpg</fanart>
</item>
<item>
    <title>The Funhouse (1981)</title>
    <meta>
        <content>movie</content>
        <imdb>tt0082427</imdb>
        <title>The Funhouse</title>
        <year>1981</year>
    </meta>
    <link>
        <sublink>search</sublink>
        <sublink>searchsd</sublink>
    </link>
    <thumbnail>https://image.tmdb.org/t/p/w1280/gW7v4mdFbAbjWlnO0SmZaJ1d6zT.jpg</thumbnail>
    <fanart>https://image.tmdb.org/t/p/w1280/bmblIu9Mz8DNIHG3vF8SFnsy5Q8.jpg</fanart>
</item>
<item>
    <title>The Burning (1981)</title>
    <meta>
        <content>movie</content>
        <imdb>tt0082118</imdb>
        <title>The Burning</title>
        <year>1981</year>
    </meta>
    <link>
        <sublink>search</sublink>
        <sublink>searchsd</sublink>
    </link>
    <thumbnail>https://image.tmdb.org/t/p/w1280/eHqxGUZ9jOsCPSxhG6Ngr1uSBYJ.jpg</thumbnail>
    <fanart>https://image.tmdb.org/t/p/w1280/mVqJofGWozzmOf9gg0zQj4f1DmT.jpg</fanart>
</item>
<item>
    <title>Terror Train (1980)</title>
    <meta>
        <content>movie</content>
        <imdb>tt0081617</imdb>
        <title>Terror Train</title>
        <year>1980</year>
    </meta>
    <link>
        <sublink>search</sublink>
        <sublink>searchsd</sublink>
    </link>
    <thumbnail>https://image.tmdb.org/t/p/w1280/lBfEvRUsP8WqoS075i3mlTEmBHH.jpg</thumbnail>
    <fanart>https://image.tmdb.org/t/p/w1280/myzTzctRnRHjJx9w1zBJsLGvHL6.jpg</fanart>
</item>
<item>
    <title>Student Bodies (1981)</title>
    <meta>
        <content>movie</content>
        <imdb>tt0083133</imdb>
        <title>Student Bodies</title>
        <year>1981</year>
    </meta>
    <link>
        <sublink>search</sublink>
        <sublink>searchsd</sublink>
    </link>
    <thumbnail>https://image.tmdb.org/t/p/w1280/xdZluQ9y2fb2IBMWmSRyNt0ifyn.jpg</thumbnail>
    <fanart>https://image.tmdb.org/t/p/w1280/vIKe11VNVuLDSWHPVe1yu5MGQP4.jpg</fanart>
</item>
<item>
    <title>Splatter University (1984)</title>
    <meta>
        <content>movie</content>
        <imdb>tt0125510</imdb>
        <title>Splatter University</title>
        <year>1984</year>
    </meta>
    <link>
        <sublink>search</sublink>
        <sublink>searchsd</sublink>
    </link>
    <thumbnail>https://image.tmdb.org/t/p/w1280/92tZpsUXVI028nBuAggF9ia4vxY.jpg</thumbnail>
    <fanart>https://image.tmdb.org/t/p/w1280/d2BN4Qxu1YGlmOVCYFzIDXRn1oL.jpg</fanart>
</item>
<item>
    <title>Sorority House Massacre (1986)</title>
    <meta>
        <content>movie</content>
        <imdb>tt0091990</imdb>
        <title>Sorority House Massacre</title>
        <year>1986</year>
    </meta>
    <link>
        <sublink>search</sublink>
        <sublink>searchsd</sublink>
    </link>
    <thumbnail>https://image.tmdb.org/t/p/w1280/50MIbPoRhNWeiGZkUYsg4Qo85aE.jpg</thumbnail>
    <fanart>https://image.tmdb.org/t/p/w1280/u2EwXRVnpcjOZn3MQXuDMx6dU34.jpg</fanart>
</item>
<item>
    <title>Sorority House Massacre II (1990)</title>
    <meta>
        <content>movie</content>
        <imdb>tt0100663</imdb>
        <title>Sorority House Massacre II</title>
        <year>1990</year>
    </meta>
    <link>
        <sublink>search</sublink>
        <sublink>searchsd</sublink>
    </link>
    <thumbnail>https://image.tmdb.org/t/p/w1280/h6cCCjnU2MsvMYucg3VQwvyUnqE.jpg</thumbnail>
    <fanart>https://image.tmdb.org/t/p/w1280/1xUXtX9WaznIq0tJpUBny1zEEfH.jpg</fanart>
</item>
<item>
    <title>The Slumber Party Massacre (1982)</title>
    <meta>
        <content>movie</content>
        <imdb>tt0084695</imdb>
        <title>The Slumber Party Massacre</title>
        <year>1982</year>
    </meta>
    <link>
        <sublink>search</sublink>
        <sublink>searchsd</sublink>
    </link>
    <thumbnail>https://image.tmdb.org/t/p/w1280/GhezpGRfFKpQHLJfOpKM2IAEoz.jpg</thumbnail>
    <fanart>https://image.tmdb.org/t/p/w1280/ukrGjfR9uKHjW4aBEQIDVUuFXVn.jpg</fanart>
</item>
<item>
    <title>Slumber Party Massacre II (1987)</title>
    <meta>
        <content>movie</content>
        <imdb>tt0093996</imdb>
        <title>Slumber Party Massacre II</title>
        <year>1987</year>
    </meta>
    <link>
        <sublink>search</sublink>
        <sublink>searchsd</sublink>
    </link>
    <thumbnail>https://image.tmdb.org/t/p/w1280/9kbVSIPP6060q950s1y2cjW4SP8.jpg</thumbnail>
    <fanart>https://image.tmdb.org/t/p/w1280/uQovzsHA07y8gJotl4TCypbMBM0.jpg</fanart>
</item>
<item>
    <title>Slumber Party Massacre III (1990)</title>
    <meta>
        <content>movie</content>
        <imdb>tt0100639</imdb>
        <title>Slumber Party Massacre III</title>
        <year>1990</year>
    </meta>
    <link>
        <sublink>search</sublink>
        <sublink>searchsd</sublink>
    </link>
    <thumbnail>https://image.tmdb.org/t/p/w1280/h6Uyoi3Ppb5viyTPVtx3ysO1xnp.jpg</thumbnail>
    <fanart>https://image.tmdb.org/t/p/w1280/81JGJRzKbzrhpTyJZUIoLfFBN85.jpg</fanart>
</item>
<item>
    <title>Sleepaway Camp (1983)</title>
    <meta>
        <content>movie</content>
        <imdb>tt0086320</imdb>
        <title>Sleepaway Camp</title>
        <year>1983</year>
    </meta>
    <link>
        <sublink>search</sublink>
        <sublink>searchsd</sublink>
    </link>
    <thumbnail>https://image.tmdb.org/t/p/w1280/gkAgVMS2mShi8bXWUSB8VvDshl2.jpg</thumbnail>
    <fanart>https://image.tmdb.org/t/p/w1280/oLQ5j4XMfRGS97rjm0DM7t5cE3N.jpg</fanart>
</item>
<item>
    <title>Sleepaway Camp II: Unhappy Campers (1988)</title>
    <meta>
        <content>movie</content>
        <imdb>tt0096118</imdb>
        <title>Sleepaway Camp II: Unhappy Campers</title>
        <year>1988</year>
    </meta>
    <link>
        <sublink>search</sublink>
        <sublink>searchsd</sublink>
    </link>
    <thumbnail>https://image.tmdb.org/t/p/w1280/irAxhD6ednYlwjsgyYePFbF1O1v.jpg</thumbnail>
    <fanart>https://image.tmdb.org/t/p/w1280/hsehYopvmZb6jDBlmYK9u7JusCe.jpg</fanart>
</item>
<item>
    <title>Sleepaway Camp III: Teenage Wasteland (1989)</title>
    <meta>
        <content>movie</content>
        <imdb>tt0096119</imdb>
        <title>Sleepaway Camp III: Teenage Wasteland</title>
        <year>1989</year>
    </meta>
    <link>
        <sublink>search</sublink>
        <sublink>searchsd</sublink>
    </link>
    <thumbnail>https://image.tmdb.org/t/p/w1280/nRJW9YXo3HqPPpa5G6GCxNxbuCo.jpg</thumbnail>
    <fanart>https://image.tmdb.org/t/p/w1280/ppJHk2cyPkhoAYfwZWslKrP20rx.jpg</fanart>
</item>
<item>
    <title>Slaughter High (1986)</title>
    <meta>
        <content>movie</content>
        <imdb>tt0091969</imdb>
        <title>Slaughter High</title>
        <year>1986</year>
    </meta>
    <link>
        <sublink>search</sublink>
        <sublink>searchsd</sublink>
    </link>
    <thumbnail>https://image.tmdb.org/t/p/w1280/u2XSNoOH9TnhMO7nTZPUK7b5OFh.jpg</thumbnail>
    <fanart>https://image.tmdb.org/t/p/w1280/ziPyGB4QodnppJuNdDYkpygwWXL.jpg</fanart>
</item>
<item>
    <title>Silent Night, Deadly Night (1984)</title>
    <meta>
        <content>movie</content>
        <imdb>tt0088117</imdb>
        <title>Silent Night, Deadly Night</title>
        <year>1984</year>
    </meta>
    <link>
        <sublink>search</sublink>
        <sublink>searchsd</sublink>
    </link>
    <thumbnail>https://image.tmdb.org/t/p/w1280/2Lu1ry6sM1aQzZijIQrdBF70rX8.jpg</thumbnail>
    <fanart>https://image.tmdb.org/t/p/w1280/ylrwx7Smk0Ybs40dkBY0IRlsh3x.jpg</fanart>
</item>
<item>
    <title>Schizoid (1980)</title>
    <meta>
        <content>movie</content>
        <imdb>tt0081459</imdb>
        <title>Schizoid</title>
        <year>1980</year>
    </meta>
    <link>
        <sublink>search</sublink>
        <sublink>searchsd</sublink>
    </link>
    <thumbnail>https://image.tmdb.org/t/p/w1280/1fwEPBwrXIjeqgNESFktR4YE4YU.jpg</thumbnail>
    <fanart>https://image.tmdb.org/t/p/w1280/pxXmOp52GcItyAvXjoRE9ANqbbS.jpg</fanart>
</item>
<item>
    <title>Psycho II (1983)</title>
    <meta>
        <content>movie</content>
        <imdb>tt0086154</imdb>
        <title>Psycho II</title>
        <year>1983</year>
    </meta>
    <link>
        <sublink>search</sublink>
        <sublink>searchsd</sublink>
    </link>
    <thumbnail>https://image.tmdb.org/t/p/w1280/tYNx7yIU9Q3O2xxjy3ie5YCkIak.jpg</thumbnail>
    <fanart>https://image.tmdb.org/t/p/w1280/nagC0a0F9TsosA6wRjtV2NNNHD1.jpg</fanart>
</item>
<item>
    <title>Pieces (1982)</title>
    <meta>
        <content>movie</content>
        <imdb>tt0082748</imdb>
        <title>Pieces</title>
        <year>1982</year>
    </meta>
    <link>
        <sublink>search</sublink>
        <sublink>searchsd</sublink>
    </link>
    <thumbnail>https://image.tmdb.org/t/p/w1280/6S4nbIwrKmkKdo8fw1SfsbP2Y5f.jpg</thumbnail>
    <fanart>https://image.tmdb.org/t/p/w1280/eCnBQqGnNQLDmxjxtrxDIczsMu4.jpg</fanart>
</item>
<item>
    <title>Nightmare (1981)</title>
    <meta>
        <content>movie</content>
        <imdb>tt0082818</imdb>
        <title>Nightmare</title>
        <year>1981</year>
    </meta>
    <link>
        <sublink>search</sublink>
        <sublink>searchsd</sublink>
    </link>
    <thumbnail>https://image.tmdb.org/t/p/w1280/v1oCe3bM11KCOnrxVefzRjDH8hB.jpg</thumbnail>
    <fanart>https://image.tmdb.org/t/p/w1280/3OeLije6xBoy0N35oOoM3n1ARZV.jpg</fanart>
</item>
<dir>
    <title>[COLOR white]Next Page >>[/COLOR]</title>
    <imdburl>list/ls068121021/?page=2</imdburl>
    <thumbnail>https://image.ibb.co/gtsNjw/next.png</thumbnail>
</dir>
