<item>
    <title>Gothic (1986)</title>
    <meta>
        <content>movie</content>
        <imdb>tt0091142</imdb>
        <title>Gothic</title>
        <year>1986</year>
    </meta>
    <link>
        <sublink>search</sublink>
        <sublink>searchsd</sublink>
    </link>
    <thumbnail>https://image.tmdb.org/t/p/w1280/lsivD3aJXU3cfuotO1I1JIvCsKm.jpg</thumbnail>
    <fanart>https://image.tmdb.org/t/p/w1280/1fFjhxv8a0HrnPpbxVI9zCDAkFm.jpg</fanart>
</item>
<item>
    <title>The House of the Devil (2009)</title>
    <meta>
        <content>movie</content>
        <imdb>tt1172994</imdb>
        <title>The House of the Devil</title>
        <year>2009</year>
    </meta>
    <link>
        <sublink>search</sublink>
        <sublink>searchsd</sublink>
    </link>
    <thumbnail>https://image.tmdb.org/t/p/w1280/covH6buvTjzrjQLNNA23obaLPXl.jpg</thumbnail>
    <fanart>https://image.tmdb.org/t/p/w1280/ql41YDr40CjKRqhPVJufEOIgsmr.jpg</fanart>
</item>
<item>
    <title>Angst (I) (1983)</title>
    <meta>
        <content>movie</content>
        <imdb>tt0165623</imdb>
        <title>Angst</title>
        <year>I 1983</year>
    </meta>
    <link>
        <sublink>search</sublink>
        <sublink>searchsd</sublink>
    </link>
    <thumbnail>https://image.tmdb.org/t/p/w1280/Zm665MEtBY0wyErN5MSDhTWdBn.jpg</thumbnail>
    <fanart>https://image.tmdb.org/t/p/w1280/NCILbIaev7jaJ0ePGrRisb59rb.jpg</fanart>
</item>
<item>
    <title>From Hell (2001)</title>
    <meta>
        <content>movie</content>
        <imdb>tt0120681</imdb>
        <title>From Hell</title>
        <year>2001</year>
    </meta>
    <link>
        <sublink>search</sublink>
        <sublink>searchsd</sublink>
    </link>
    <thumbnail>https://image.tmdb.org/t/p/w1280/f3J77Cy3pRSeeN52Pk8oIvgi6IN.jpg</thumbnail>
    <fanart>https://image.tmdb.org/t/p/w1280/7MtD34lQ0dWmyNSbte4VZuQRt0i.jpg</fanart>
</item>
<item>
    <title>Wolf Creek (2005)</title>
    <meta>
        <content>movie</content>
        <imdb>tt0416315</imdb>
        <title>Wolf Creek</title>
        <year>2005</year>
    </meta>
    <link>
        <sublink>search</sublink>
        <sublink>searchsd</sublink>
    </link>
    <thumbnail>https://image.tmdb.org/t/p/w1280/eiQqXee0LwUvwHWp6QnZDoP1qdI.jpg</thumbnail>
    <fanart>https://image.tmdb.org/t/p/w1280/frkFxkU02YpPDi6bOSCwUBSd6I4.jpg</fanart>
</item>
<item>
    <title>Borderland (2007)</title>
    <meta>
        <content>movie</content>
        <imdb>tt0452592</imdb>
        <title>Borderland</title>
        <year>2007</year>
    </meta>
    <link>
        <sublink>search</sublink>
        <sublink>searchsd</sublink>
    </link>
    <thumbnail>https://image.tmdb.org/t/p/w1280/g8wTmHsYePIuRAL0Ub4YsdKs6Xd.jpg</thumbnail>
    <fanart>https://image.tmdb.org/t/p/w1280/fqGMEQKW95418Vq6p1yZmyFFEzW.jpg</fanart>
</item>
<item>
    <title>My Sweet Satan (1994)</title>
    <meta>
        <content>movie</content>
        <imdb>tt0110616</imdb>
        <title>My Sweet Satan</title>
        <year>1994</year>
    </meta>
    <link>
        <sublink>search</sublink>
        <sublink>searchsd</sublink>
    </link>
    <thumbnail>https://image.tmdb.org/t/p/w1280/u5UgVevxYmIqK6rsUJwzV8u7BOV.jpg</thumbnail>
    <fanart>https://image.tmdb.org/t/p/w1280none</fanart>
</item>
<item>
    <title>Psycho (1960)</title>
    <meta>
        <content>movie</content>
        <imdb>tt0054215</imdb>
        <title>Psycho</title>
        <year>1960</year>
    </meta>
    <link>
        <sublink>search</sublink>
        <sublink>searchsd</sublink>
    </link>
    <thumbnail>https://image.tmdb.org/t/p/w1280/81d8oyEFgj7FlxJqSDXWr8JH8kV.jpg</thumbnail>
    <fanart>https://image.tmdb.org/t/p/w1280/3md49VBCeqY6MSNyAVY6d5eC6bA.jpg</fanart>
</item>
<item>
    <title>Dahmer (2002)</title>
    <meta>
        <content>movie</content>
        <imdb>tt0285728</imdb>
        <title>Dahmer</title>
        <year>2002</year>
    </meta>
    <link>
        <sublink>search</sublink>
        <sublink>searchsd</sublink>
    </link>
    <thumbnail>https://image.tmdb.org/t/p/w1280/puwSViyVgtB5is1BEITb6mO6ROp.jpg</thumbnail>
    <fanart>https://image.tmdb.org/t/p/w1280/qLoTj2r2dyubmSpPmmyLvllqnGj.jpg</fanart>
</item>
<item>
    <title>Megan Is Missing (2011)</title>
    <meta>
        <content>movie</content>
        <imdb>tt1087461</imdb>
        <title>Megan Is Missing</title>
        <year>2011</year>
    </meta>
    <link>
        <sublink>search</sublink>
        <sublink>searchsd</sublink>
    </link>
    <thumbnail>https://image.tmdb.org/t/p/w1280/j4Zt98splKb96mK2YtOxEX7TfME.jpg</thumbnail>
    <fanart>https://image.tmdb.org/t/p/w1280/hjgi1FbeVxtjYMGzN6VGRL4SEv1.jpg</fanart>
</item>
<item>
    <title>The Exorcism of Emily Rose (2005)</title>
    <meta>
        <content>movie</content>
        <imdb>tt0404032</imdb>
        <title>The Exorcism of Emily Rose</title>
        <year>2005</year>
    </meta>
    <link>
        <sublink>search</sublink>
        <sublink>searchsd</sublink>
    </link>
    <thumbnail>https://image.tmdb.org/t/p/w1280/lDffYgWFiAfA7ztBW6R4LWdjXK6.jpg</thumbnail>
    <fanart>https://image.tmdb.org/t/p/w1280/6thnbe32tzVJlNHGmAKaHoQJRwP.jpg</fanart>
</item>
<item>
    <title>The Clinic (2010)</title>
    <meta>
        <content>movie</content>
        <imdb>tt1345772</imdb>
        <title>The Clinic</title>
        <year>2010</year>
    </meta>
    <link>
        <sublink>search</sublink>
        <sublink>searchsd</sublink>
    </link>
    <thumbnail>https://image.tmdb.org/t/p/w1280/bBNfjDlFl0n5oDzmqXINye6rxNK.jpg</thumbnail>
    <fanart>https://image.tmdb.org/t/p/w1280/vaix2xvwqDWcNZhq8Dms7MX2c4Z.jpg</fanart>
</item>
<item>
    <title>Shadow of the Vampire (2000)</title>
    <meta>
        <content>movie</content>
        <imdb>tt0189998</imdb>
        <title>Shadow of the Vampire</title>
        <year>2000</year>
    </meta>
    <link>
        <sublink>search</sublink>
        <sublink>searchsd</sublink>
    </link>
    <thumbnail>https://image.tmdb.org/t/p/w1280/cff7lGek3gJ4fh68547ki9PA6cq.jpg</thumbnail>
    <fanart>https://image.tmdb.org/t/p/w1280/rx57XEVo0BS7WpANdrJzWt7uXOl.jpg</fanart>
</item>
<item>
    <title>Gin gwai (2002)</title>
    <meta>
        <content>movie</content>
        <imdb>tt0325655</imdb>
        <title>Gin gwai</title>
        <year>2002</year>
    </meta>
    <link>
        <sublink>search</sublink>
        <sublink>searchsd</sublink>
    </link>
    <thumbnail>https://image.tmdb.org/t/p/w1280/hfNaBtYUbnULXqUWEP3EUzBuk0P.jpg</thumbnail>
    <fanart>https://image.tmdb.org/t/p/w1280/pdDSLpUOYiGcJGKSwcYl2pB5mBP.jpg</fanart>
</item>
<item>
    <title>Dead Man's Lake (2012)</title>
    <meta>
        <content>movie</content>
        <imdb>tt2436068</imdb>
        <title>Dead Man's Lake</title>
        <year>2012</year>
    </meta>
    <link>
        <sublink>search</sublink>
        <sublink>searchsd</sublink>
    </link>
    <thumbnail>https://image.tmdb.org/t/p/w1280/gPt7sLM6mqc3mgPVjOysCywESFy.jpg</thumbnail>
    <fanart>https://image.tmdb.org/t/p/w1280none</fanart>
</item>
<item>
    <title>Deranged: Confessions of a Necrophile (1974)</title>
    <meta>
        <content>movie</content>
        <imdb>tt0071408</imdb>
        <title>Deranged: Confessions of a Necrophile</title>
        <year>1974</year>
    </meta>
    <link>
        <sublink>search</sublink>
        <sublink>searchsd</sublink>
    </link>
    <thumbnail>https://image.tmdb.org/t/p/w1280/1wAVavy4KzhmKYj13OtsVeMd1z2.jpg</thumbnail>
    <fanart>https://image.tmdb.org/t/p/w1280/1POdWplQjpUOcm0nLj6dLPFWGNj.jpg</fanart>
</item>
<item>
    <title>The Girl Next Door (2007)</title>
    <meta>
        <content>movie</content>
        <imdb>tt0830558</imdb>
        <title>The Girl Next Door</title>
        <year>2007</year>
    </meta>
    <link>
        <sublink>search</sublink>
        <sublink>searchsd</sublink>
    </link>
    <thumbnail>https://image.tmdb.org/t/p/w1280/cJnTIvxS5ZMZGXRTeEgNUz4fyrT.jpg</thumbnail>
    <fanart>https://image.tmdb.org/t/p/w1280/u4ojeMIOYBTWyI32L9vIikKQUXX.jpg</fanart>
</item>
<item>
    <title>Family (2005\xe2\x80\x932007)</title>
    <meta>
        <content>movie</content>
        <imdb>tt0782399</imdb>
        <title>Family</title>
        <year>2005\xe2\x80\x932007</year>
    </meta>
    <link>
        <sublink>search</sublink>
        <sublink>searchsd</sublink>
    </link>
    <thumbnail>https://image.tmdb.org/t/p/w1280/muhX83zeLu4dF8nTmIrTWuEerZf.jpg</thumbnail>
    <fanart>https://image.tmdb.org/t/p/w1280none</fanart>
</item>
<item>
    <title>Hei tai yang 731 (1988)</title>
    <meta>
        <content>movie</content>
        <imdb>tt0093170</imdb>
        <title>Hei tai yang 731</title>
        <year>1988</year>
    </meta>
    <link>
        <sublink>search</sublink>
        <sublink>searchsd</sublink>
    </link>
    <thumbnail>https://image.tmdb.org/t/p/w1280/6uo21VFwSRE9sdF4K1s2pOyYUqF.jpg</thumbnail>
    <fanart>https://image.tmdb.org/t/p/w1280/69wVsaxUjEBE6iVqEVQDjm6KOy5.jpg</fanart>
</item>
<item>
    <title>Mum & Dad (2008)</title>
    <meta>
        <content>movie</content>
        <imdb>tt1129428</imdb>
        <title>Mum & Dad</title>
        <year>2008</year>
    </meta>
    <link>
        <sublink>search</sublink>
        <sublink>searchsd</sublink>
    </link>
    <thumbnail>https://image.tmdb.org/t/p/w1280/xX5VglsaCpxvhjTC5cJUbiTi2LU.jpg</thumbnail>
    <fanart>https://image.tmdb.org/t/p/w1280/oLMiQu6nAL77JVDfpTZhZvLtMv5.jpg</fanart>
</item>
<item>
    <title>The Afflicted (2011)</title>
    <meta>
        <content>movie</content>
        <imdb>tt1566637</imdb>
        <title>The Afflicted</title>
        <year>2011</year>
    </meta>
    <link>
        <sublink>search</sublink>
        <sublink>searchsd</sublink>
    </link>
    <thumbnail>https://image.tmdb.org/t/p/w1280/jdcktMJZ2EIJZVD8IJIis1w97No.jpg</thumbnail>
    <fanart>https://image.tmdb.org/t/p/w1280/oLttskb5ZOnBGdAmV3rsPT9UTqa.jpg</fanart>
</item>
<item>
    <title>The Haunting in Connecticut (2009)</title>
    <meta>
        <content>movie</content>
        <imdb>tt0492044</imdb>
        <title>The Haunting in Connecticut</title>
        <year>2009</year>
    </meta>
    <link>
        <sublink>search</sublink>
        <sublink>searchsd</sublink>
    </link>
    <thumbnail>https://image.tmdb.org/t/p/w1280/8WEkxaRQJSsZ1Yy4advVCVK18Gv.jpg</thumbnail>
    <fanart>https://image.tmdb.org/t/p/w1280/na8T1ykPKAYmseM8gkSjuoHOZP.jpg</fanart>
</item>
<item>
    <title>Audrey Rose (1977)</title>
    <meta>
        <content>movie</content>
        <imdb>tt0075704</imdb>
        <title>Audrey Rose</title>
        <year>1977</year>
    </meta>
    <link>
        <sublink>search</sublink>
        <sublink>searchsd</sublink>
    </link>
    <thumbnail>https://image.tmdb.org/t/p/w1280/aSleSJrBJ6hKA8HfVuF9mehuyTR.jpg</thumbnail>
    <fanart>https://image.tmdb.org/t/p/w1280/ctkf5rK8spaAvwXX4GHg5sWOHcr.jpg</fanart>
</item>
<item>
    <title>The Hills Have Eyes (1977)</title>
    <meta>
        <content>movie</content>
        <imdb>tt0077681</imdb>
        <title>The Hills Have Eyes</title>
        <year>1977</year>
    </meta>
    <link>
        <sublink>search</sublink>
        <sublink>searchsd</sublink>
    </link>
    <thumbnail>https://image.tmdb.org/t/p/w1280/5vt8y3X9C77r4sTFqH7D5tqAjGL.jpg</thumbnail>
    <fanart>https://image.tmdb.org/t/p/w1280/cIlLMj1YFlVj2xCfKEcgZ38p3Df.jpg</fanart>
</item>
<item>
    <title>Eaten Alive (1976)</title>
    <meta>
        <content>movie</content>
        <imdb>tt0074455</imdb>
        <title>Eaten Alive</title>
        <year>1976</year>
    </meta>
    <link>
        <sublink>search</sublink>
        <sublink>searchsd</sublink>
    </link>
    <thumbnail>https://image.tmdb.org/t/p/w1280/4sz1YFCtLxQJQ5yxsJsmiJRHcMs.jpg</thumbnail>
    <fanart>https://image.tmdb.org/t/p/w1280/c3muvxHlVOh9Fic0zYT8YGizMPG.jpg</fanart>
</item>
<item>
    <title>The Amityville Horror (1979)</title>
    <meta>
        <content>movie</content>
        <imdb>tt0078767</imdb>
        <title>The Amityville Horror</title>
        <year>1979</year>
    </meta>
    <link>
        <sublink>search</sublink>
        <sublink>searchsd</sublink>
    </link>
    <thumbnail>https://image.tmdb.org/t/p/w1280/orociMcS1GExIcuiGbYYHlRlcL8.jpg</thumbnail>
    <fanart>https://image.tmdb.org/t/p/w1280/s2z4t3y5gvFKId09smKOUq8I8gK.jpg</fanart>
</item>
<item>
    <title>The Conjuring (2013)</title>
    <meta>
        <content>movie</content>
        <imdb>tt1457767</imdb>
        <title>The Conjuring</title>
        <year>2013</year>
    </meta>
    <link>
        <sublink>search</sublink>
        <sublink>searchsd</sublink>
    </link>
    <thumbnail>https://image.tmdb.org/t/p/w1280/xYGkdhOEVoFrLNUotuTXemtQAWd.jpg</thumbnail>
    <fanart>https://image.tmdb.org/t/p/w1280/ksV4twEYj9HUjq2MP6q2dM0rxWX.jpg</fanart>
</item>
<item>
    <title>Grimm Love (2006)</title>
    <meta>
        <content>movie</content>
        <imdb>tt0448400</imdb>
        <title>Grimm Love</title>
        <year>2006</year>
    </meta>
    <link>
        <sublink>search</sublink>
        <sublink>searchsd</sublink>
    </link>
    <thumbnail>https://image.tmdb.org/t/p/w1280/ncjM9D1aoCcA0jrI0QzfVXPTF8h.jpg</thumbnail>
    <fanart>https://image.tmdb.org/t/p/w1280/rRUlHoVL1X3JKIAuRAduy99KCdQ.jpg</fanart>
</item>
<item>
    <title>The Serpent and the Rainbow (1988)</title>
    <meta>
        <content>movie</content>
        <imdb>tt0096071</imdb>
        <title>The Serpent and the Rainbow</title>
        <year>1988</year>
    </meta>
    <link>
        <sublink>search</sublink>
        <sublink>searchsd</sublink>
    </link>
    <thumbnail>https://image.tmdb.org/t/p/w1280/6FcK8I3IBBndBo8gfTx1apC8DYj.jpg</thumbnail>
    <fanart>https://image.tmdb.org/t/p/w1280/f4ixXGrhChuGK1XE1K8vfCsQYZ6.jpg</fanart>
</item>
<item>
    <title>Chaos (I) (2005)</title>
    <meta>
        <content>movie</content>
        <imdb>tt0405977</imdb>
        <title>Chaos</title>
        <year>I 2005</year>
    </meta>
    <link>
        <sublink>search</sublink>
        <sublink>searchsd</sublink>
    </link>
    <thumbnail>https://image.tmdb.org/t/p/w1280/dBC540Bwvk5HOMblbtXbVDZwIzW.jpg</thumbnail>
    <fanart>https://image.tmdb.org/t/p/w1280/zX2cVQeLCUUdH49RWJuX1dEK37C.jpg</fanart>
</item>
<item>
    <title>Them (2006)</title>
    <meta>
        <content>movie</content>
        <imdb>tt0465203</imdb>
        <title>Them</title>
        <year>2006</year>
    </meta>
    <link>
        <sublink>search</sublink>
        <sublink>searchsd</sublink>
    </link>
    <thumbnail>https://image.tmdb.org/t/p/w1280/A8NOBA3Zhb8RdEi1dBfX6pONs8n.jpg</thumbnail>
    <fanart>https://image.tmdb.org/t/p/w1280/9jtGyktD3jQoJPGMcA4zIiqZNWk.jpg</fanart>
</item>
<item>
    <title>Koi no tsumi (2011)</title>
    <meta>
        <content>movie</content>
        <imdb>tt1743724</imdb>
        <title>Koi no tsumi</title>
        <year>2011</year>
    </meta>
    <link>
        <sublink>search</sublink>
        <sublink>searchsd</sublink>
    </link>
    <thumbnail>https://image.tmdb.org/t/p/w1280/rTyDmYh8Jg258P9P5VfZWtBYM2y.jpg</thumbnail>
    <fanart>https://image.tmdb.org/t/p/w1280/2w0nTRYmUkmDgwq7Jmh7V0xDQoi.jpg</fanart>
</item>
<item>
    <title>Jitsuroku Abe Sada (1975)</title>
    <meta>
        <content>movie</content>
        <imdb>tt0073208</imdb>
        <title>Jitsuroku Abe Sada</title>
        <year>1975</year>
    </meta>
    <link>
        <sublink>search</sublink>
        <sublink>searchsd</sublink>
    </link>
    <thumbnail>https://image.tmdb.org/t/p/w1280/hy6voKlzDaZI6CQmEQwMZPBfuLk.jpg</thumbnail>
    <fanart>https://image.tmdb.org/t/p/w1280/gM0cEaG31hb2xgxi2qi0QGw6T0K.jpg</fanart>
</item>
<item>
    <title>Little Monsters (2012)</title>
    <meta>
        <content>movie</content>
        <imdb>tt2189714</imdb>
        <title>Little Monsters</title>
        <year>2012</year>
    </meta>
    <link>
        <sublink>search</sublink>
        <sublink>searchsd</sublink>
    </link>
    <thumbnail>https://image.tmdb.org/t/p/w1280/5J7lTFWu5BqbeaqpsaioVOoxcEO.jpg</thumbnail>
    <fanart>https://image.tmdb.org/t/p/w1280none</fanart>
</item>
<item>
    <title>La casa muda (2010)</title>
    <meta>
        <content>movie</content>
        <imdb>tt1646973</imdb>
        <title>La casa muda</title>
        <year>2010</year>
    </meta>
    <link>
        <sublink>search</sublink>
        <sublink>searchsd</sublink>
    </link>
    <thumbnail>https://image.tmdb.org/t/p/w1280/hxOVa21hfMB2071OpEbTAHmX7fi.jpg</thumbnail>
    <fanart>https://image.tmdb.org/t/p/w1280/wMDY2W1PGq8UEQ7xD7S69qkV8nA.jpg</fanart>
</item>
<item>
    <title>Broken (III) (2006)</title>
    <meta>
        <content>movie</content>
        <imdb>tt0454839</imdb>
        <title>Broken</title>
        <year>III 2006</year>
    </meta>
    <link>
        <sublink>search</sublink>
        <sublink>searchsd</sublink>
    </link>
    <thumbnail>https://image.tmdb.org/t/p/w1280/37Zghhd0CydGRYxnpTBo8u6SJId.jpg</thumbnail>
    <fanart>https://image.tmdb.org/t/p/w1280/jAk50qt7cyaCYvtdCKjnBoAopqe.jpg</fanart>
</item>
<item>
    <title>Naked Fear (2007)</title>
    <meta>
        <content>movie</content>
        <imdb>tt0943326</imdb>
        <title>Naked Fear</title>
        <year>2007</year>
    </meta>
    <link>
        <sublink>search</sublink>
        <sublink>searchsd</sublink>
    </link>
    <thumbnail>https://image.tmdb.org/t/p/w1280/dqbVSuoGo7WL1WRFJUHf9tJ5AkD.jpg</thumbnail>
    <fanart>https://image.tmdb.org/t/p/w1280/amehL8trsPwc9R1VDSrV92zAdlT.jpg</fanart>
</item>
<item>
    <title>Death Tunnel (2005)</title>
    <meta>
        <content>movie</content>
        <imdb>tt0418627</imdb>
        <title>Death Tunnel</title>
        <year>2005</year>
    </meta>
    <link>
        <sublink>search</sublink>
        <sublink>searchsd</sublink>
    </link>
    <thumbnail>https://image.tmdb.org/t/p/w1280/1yyIR5vfQvBoC2QK9ejnmTFoYgo.jpg</thumbnail>
    <fanart>https://image.tmdb.org/t/p/w1280/lyqv36XIGndGtKmnZBVq64ntQah.jpg</fanart>
</item>
<item>
    <title>Evilenko (2004)</title>
    <meta>
        <content>movie</content>
        <imdb>tt0406754</imdb>
        <title>Evilenko</title>
        <year>2004</year>
    </meta>
    <link>
        <sublink>search</sublink>
        <sublink>searchsd</sublink>
    </link>
    <thumbnail>https://image.tmdb.org/t/p/w1280/nSpp7UNMrA5CkTc26msa93yVbdb.jpg</thumbnail>
    <fanart>https://image.tmdb.org/t/p/w1280/y9nQLPgURVGE4NGMj4keu6whf7X.jpg</fanart>
</item>
<item>
    <title>Las Vegas Serial Killer (1986)</title>
    <meta>
        <content>movie</content>
        <imdb>tt0091380</imdb>
        <title>Las Vegas Serial Killer</title>
        <year>1986</year>
    </meta>
    <link>
        <sublink>search</sublink>
        <sublink>searchsd</sublink>
    </link>
    <thumbnail>https://image.tmdb.org/t/p/w1280/koyNIkcCE1xUrAbHrMI8z2P3YUp.jpg</thumbnail>
    <fanart>https://image.tmdb.org/t/p/w1280none</fanart>
</item>
<item>
    <title>Mark of the Devil (1970)</title>
    <meta>
        <content>movie</content>
        <imdb>tt0065491</imdb>
        <title>Mark of the Devil</title>
        <year>1970</year>
    </meta>
    <link>
        <sublink>search</sublink>
        <sublink>searchsd</sublink>
    </link>
    <thumbnail>https://image.tmdb.org/t/p/w1280none</thumbnail>
    <fanart>https://image.tmdb.org/t/p/w1280none</fanart>
</item>
<item>
    <title>Tower of London (1962)</title>
    <meta>
        <content>movie</content>
        <imdb>tt0056606</imdb>
        <title>Tower of London</title>
        <year>1962</year>
    </meta>
    <link>
        <sublink>search</sublink>
        <sublink>searchsd</sublink>
    </link>
    <thumbnail>https://image.tmdb.org/t/p/w1280none</thumbnail>
    <fanart>https://image.tmdb.org/t/p/w1280none</fanart>
</item>
<item>
    <title>Tony (I) (2009)</title>
    <meta>
        <content>movie</content>
        <imdb>tt1120945</imdb>
        <title>Tony</title>
        <year>I 2009</year>
    </meta>
    <link>
        <sublink>search</sublink>
        <sublink>searchsd</sublink>
    </link>
    <thumbnail>https://image.tmdb.org/t/p/w1280none</thumbnail>
    <fanart>https://image.tmdb.org/t/p/w1280none</fanart>
</item>
<item>
    <title>Three on a Meathook (1972)</title>
    <meta>
        <content>movie</content>
        <imdb>tt0069375</imdb>
        <title>Three on a Meathook</title>
        <year>1972</year>
    </meta>
    <link>
        <sublink>search</sublink>
        <sublink>searchsd</sublink>
    </link>
    <thumbnail>https://image.tmdb.org/t/p/w1280none</thumbnail>
    <fanart>https://image.tmdb.org/t/p/w1280none</fanart>
</item>
<item>
    <title>The Toolbox Murders (1978)</title>
    <meta>
        <content>movie</content>
        <imdb>tt0078405</imdb>
        <title>The Toolbox Murders</title>
        <year>1978</year>
    </meta>
    <link>
        <sublink>search</sublink>
        <sublink>searchsd</sublink>
    </link>
    <thumbnail>https://image.tmdb.org/t/p/w1280none</thumbnail>
    <fanart>https://image.tmdb.org/t/p/w1280none</fanart>
</item>
<item>
    <title>Hate Crime (2012)</title>
    <meta>
        <content>movie</content>
        <imdb>tt2257436</imdb>
        <title>Hate Crime</title>
        <year>2012</year>
    </meta>
    <link>
        <sublink>search</sublink>
        <sublink>searchsd</sublink>
    </link>
    <thumbnail>https://image.tmdb.org/t/p/w1280none</thumbnail>
    <fanart>https://image.tmdb.org/t/p/w1280none</fanart>
</item>
<item>
    <title>Jungle Holocaust (1977)</title>
    <meta>
        <content>movie</content>
        <imdb>tt0078437</imdb>
        <title>Jungle Holocaust</title>
        <year>1977</year>
    </meta>
    <link>
        <sublink>search</sublink>
        <sublink>searchsd</sublink>
    </link>
    <thumbnail>https://image.tmdb.org/t/p/w1280none</thumbnail>
    <fanart>https://image.tmdb.org/t/p/w1280none</fanart>
</item>
<item>
    <title>Wolf Creek 2 (2013)</title>
    <meta>
        <content>movie</content>
        <imdb>tt2004432</imdb>
        <title>Wolf Creek 2</title>
        <year>2013</year>
    </meta>
    <link>
        <sublink>search</sublink>
        <sublink>searchsd</sublink>
    </link>
    <thumbnail>https://image.tmdb.org/t/p/w1280none</thumbnail>
    <fanart>https://image.tmdb.org/t/p/w1280none</fanart>
</item>
<item>
    <title>The Possession (I) (2012)</title>
    <meta>
        <content>movie</content>
        <imdb>tt0431021</imdb>
        <title>The Possession</title>
        <year>I 2012</year>
    </meta>
    <link>
        <sublink>search</sublink>
        <sublink>searchsd</sublink>
    </link>
    <thumbnail>https://image.tmdb.org/t/p/w1280none</thumbnail>
    <fanart>https://image.tmdb.org/t/p/w1280none</fanart>
</item>
<item>
    <title>Long Pigs (2007)</title>
    <meta>
        <content>movie</content>
        <imdb>tt0971204</imdb>
        <title>Long Pigs</title>
        <year>2007</year>
    </meta>
    <link>
        <sublink>search</sublink>
        <sublink>searchsd</sublink>
    </link>
    <thumbnail>https://image.tmdb.org/t/p/w1280none</thumbnail>
    <fanart>https://image.tmdb.org/t/p/w1280none</fanart>
</item>
<item>
    <title>The Amityville Horror (2005)</title>
    <meta>
        <content>movie</content>
        <imdb>tt0384806</imdb>
        <title>The Amityville Horror</title>
        <year>2005</year>
    </meta>
    <link>
        <sublink>search</sublink>
        <sublink>searchsd</sublink>
    </link>
    <thumbnail>https://image.tmdb.org/t/p/w1280none</thumbnail>
    <fanart>https://image.tmdb.org/t/p/w1280none</fanart>
</item>
<item>
    <title>The Texas Chain Saw Massacre (1974)</title>
    <meta>
        <content>movie</content>
        <imdb>tt0072271</imdb>
        <title>The Texas Chain Saw Massacre</title>
        <year>1974</year>
    </meta>
    <link>
        <sublink>search</sublink>
        <sublink>searchsd</sublink>
    </link>
    <thumbnail>https://image.tmdb.org/t/p/w1280none</thumbnail>
    <fanart>https://image.tmdb.org/t/p/w1280none</fanart>
</item>
<item>
    <title>Kemper (2008 Video)</title>
    <meta>
        <content>movie</content>
        <imdb>tt1144581</imdb>
        <title>Kemper</title>
        <year>2008 Video</year>
    </meta>
    <link>
        <sublink>search</sublink>
        <sublink>searchsd</sublink>
    </link>
    <thumbnail>https://image.tmdb.org/t/p/w1280none</thumbnail>
    <fanart>https://image.tmdb.org/t/p/w1280none</fanart>
</item>
<item>
    <title>Baby Blues (2008 Video)</title>
    <meta>
        <content>movie</content>
        <imdb>tt0972359</imdb>
        <title>Baby Blues</title>
        <year>2008 Video</year>
    </meta>
    <link>
        <sublink>search</sublink>
        <sublink>searchsd</sublink>
    </link>
    <thumbnail>https://image.tmdb.org/t/p/w1280none</thumbnail>
    <fanart>https://image.tmdb.org/t/p/w1280none</fanart>
</item>
<item>
    <title>Drifter: Henry Lee Lucas (2009)</title>
    <meta>
        <content>movie</content>
        <imdb>tt1336621</imdb>
        <title>Drifter: Henry Lee Lucas</title>
        <year>2009</year>
    </meta>
    <link>
        <sublink>search</sublink>
        <sublink>searchsd</sublink>
    </link>
    <thumbnail>https://image.tmdb.org/t/p/w1280none</thumbnail>
    <fanart>https://image.tmdb.org/t/p/w1280none</fanart>
</item>
<item>
    <title>Ed Gein: The Butcher of Plainfield (2007 Video)</title>
    <meta>
        <content>movie</content>
        <imdb>tt0858437</imdb>
        <title>Ed Gein: The Butcher of Plainfield</title>
        <year>2007 Video</year>
    </meta>
    <link>
        <sublink>search</sublink>
        <sublink>searchsd</sublink>
    </link>
    <thumbnail>https://image.tmdb.org/t/p/w1280none</thumbnail>
    <fanart>https://image.tmdb.org/t/p/w1280none</fanart>
</item>
<item>
    <title>Blood Shed (2014)</title>
    <meta>
        <content>movie</content>
        <imdb>tt2486278</imdb>
        <title>Blood Shed</title>
        <year>2014</year>
    </meta>
    <link>
        <sublink>search</sublink>
        <sublink>searchsd</sublink>
    </link>
    <thumbnail>https://image.tmdb.org/t/p/w1280none</thumbnail>
    <fanart>https://image.tmdb.org/t/p/w1280none</fanart>
</item>
<item>
    <title>Ren tou dou fu tang (2001)</title>
    <meta>
        <content>movie</content>
        <imdb>tt0299109</imdb>
        <title>Ren tou dou fu tang</title>
        <year>2001</year>
    </meta>
    <link>
        <sublink>search</sublink>
        <sublink>searchsd</sublink>
    </link>
    <thumbnail>https://image.tmdb.org/t/p/w1280none</thumbnail>
    <fanart>https://image.tmdb.org/t/p/w1280none</fanart>
</item>
<item>
    <title>Fortress (1985)</title>
    <meta>
        <content>movie</content>
        <imdb>tt0091069</imdb>
        <title>Fortress</title>
        <year>1985</year>
    </meta>
    <link>
        <sublink>search</sublink>
        <sublink>searchsd</sublink>
    </link>
    <thumbnail>https://image.tmdb.org/t/p/w1280none</thumbnail>
    <fanart>https://image.tmdb.org/t/p/w1280none</fanart>
</item>
<item>
    <title>The Town That Dreaded Sundown (2014)</title>
    <meta>
        <content>movie</content>
        <imdb>tt2561546</imdb>
        <title>The Town That Dreaded Sundown</title>
        <year>2014</year>
    </meta>
    <link>
        <sublink>search</sublink>
        <sublink>searchsd</sublink>
    </link>
    <thumbnail>https://image.tmdb.org/t/p/w1280none</thumbnail>
    <fanart>https://image.tmdb.org/t/p/w1280none</fanart>
</item>
<item>
    <title>Vampire Clan (2002)</title>
    <meta>
        <content>movie</content>
        <imdb>tt0310298</imdb>
        <title>Vampire Clan</title>
        <year>2002</year>
    </meta>
    <link>
        <sublink>search</sublink>
        <sublink>searchsd</sublink>
    </link>
    <thumbnail>https://image.tmdb.org/t/p/w1280none</thumbnail>
    <fanart>https://image.tmdb.org/t/p/w1280none</fanart>
</item>
<item>
    <title>The Uninvited (1996 TV Movie)</title>
    <meta>
        <content>movie</content>
        <imdb>tt0141937</imdb>
        <title>The Uninvited</title>
        <year>1996 TV Movie</year>
    </meta>
    <link>
        <sublink>search</sublink>
        <sublink>searchsd</sublink>
    </link>
    <thumbnail>https://image.tmdb.org/t/p/w1280none</thumbnail>
    <fanart>https://image.tmdb.org/t/p/w1280none</fanart>
</item>
<item>
    <title>An American Haunting (2005)</title>
    <meta>
        <content>movie</content>
        <imdb>tt0429573</imdb>
        <title>An American Haunting</title>
        <year>2005</year>
    </meta>
    <link>
        <sublink>search</sublink>
        <sublink>searchsd</sublink>
    </link>
    <thumbnail>https://image.tmdb.org/t/p/w1280none</thumbnail>
    <fanart>https://image.tmdb.org/t/p/w1280none</fanart>
</item>
<item>
    <title>Confessions of a Serial Killer (1985)</title>
    <meta>
        <content>movie</content>
        <imdb>tt0092776</imdb>
        <title>Confessions of a Serial Killer</title>
        <year>1985</year>
    </meta>
    <link>
        <sublink>search</sublink>
        <sublink>searchsd</sublink>
    </link>
    <thumbnail>https://image.tmdb.org/t/p/w1280none</thumbnail>
    <fanart>https://image.tmdb.org/t/p/w1280none</fanart>
</item>
<item>
    <title>The Strangers (2008)</title>
    <meta>
        <content>movie</content>
        <imdb>tt0482606</imdb>
        <title>The Strangers</title>
        <year>2008</year>
    </meta>
    <link>
        <sublink>search</sublink>
        <sublink>searchsd</sublink>
    </link>
    <thumbnail>https://image.tmdb.org/t/p/w1280none</thumbnail>
    <fanart>https://image.tmdb.org/t/p/w1280none</fanart>
</item>
<item>
    <title>Gou yeung yi sang (1992)</title>
    <meta>
        <content>movie</content>
        <imdb>tt0104319</imdb>
        <title>Gou yeung yi sang</title>
        <year>1992</year>
    </meta>
    <link>
        <sublink>search</sublink>
        <sublink>searchsd</sublink>
    </link>
    <thumbnail>https://image.tmdb.org/t/p/w1280none</thumbnail>
    <fanart>https://image.tmdb.org/t/p/w1280none</fanart>
</item>
<item>
    <title>The Haunted (1991 TV Movie)</title>
    <meta>
        <content>movie</content>
        <imdb>tt0102007</imdb>
        <title>The Haunted</title>
        <year>1991 TV Movie</year>
    </meta>
    <link>
        <sublink>search</sublink>
        <sublink>searchsd</sublink>
    </link>
    <thumbnail>https://image.tmdb.org/t/p/w1280none</thumbnail>
    <fanart>https://image.tmdb.org/t/p/w1280none</fanart>
</item>
<item>
    <title>Pang see: Song jun tin leung (2001)</title>
    <meta>
        <content>movie</content>
        <imdb>tt0299088</imdb>
        <title>Pang see: Song jun tin leung</title>
        <year>2001</year>
    </meta>
    <link>
        <sublink>search</sublink>
        <sublink>searchsd</sublink>
    </link>
    <thumbnail>https://image.tmdb.org/t/p/w1280none</thumbnail>
    <fanart>https://image.tmdb.org/t/p/w1280none</fanart>
</item>
<item>
    <title>Tun Men se mo (1994)</title>
    <meta>
        <content>movie</content>
        <imdb>tt0111515</imdb>
        <title>Tun Men se mo</title>
        <year>1994</year>
    </meta>
    <link>
        <sublink>search</sublink>
        <sublink>searchsd</sublink>
    </link>
    <thumbnail>https://image.tmdb.org/t/p/w1280none</thumbnail>
    <fanart>https://image.tmdb.org/t/p/w1280none</fanart>
</item>
<item>
    <title>Deliver Us from Evil (I) (2014)</title>
    <meta>
        <content>movie</content>
        <imdb>tt2377322</imdb>
        <title>Deliver Us from Evil</title>
        <year>I 2014</year>
    </meta>
    <link>
        <sublink>search</sublink>
        <sublink>searchsd</sublink>
    </link>
    <thumbnail>https://image.tmdb.org/t/p/w1280none</thumbnail>
    <fanart>https://image.tmdb.org/t/p/w1280none</fanart>
</item>
<item>
    <title>Baan phii sing (2007)</title>
    <meta>
        <content>movie</content>
        <imdb>tt1070750</imdb>
        <title>Baan phii sing</title>
        <year>2007</year>
    </meta>
    <link>
        <sublink>search</sublink>
        <sublink>searchsd</sublink>
    </link>
    <thumbnail>https://image.tmdb.org/t/p/w1280none</thumbnail>
    <fanart>https://image.tmdb.org/t/p/w1280none</fanart>
</item>
<item>
    <title>Carver (2008 Video)</title>
    <meta>
        <content>movie</content>
        <imdb>tt1001333</imdb>
        <title>Carver</title>
        <year>2008 Video</year>
    </meta>
    <link>
        <sublink>search</sublink>
        <sublink>searchsd</sublink>
    </link>
    <thumbnail>https://image.tmdb.org/t/p/w1280none</thumbnail>
    <fanart>https://image.tmdb.org/t/p/w1280none</fanart>
</item>
<item>
    <title>Toolbox Murders (2004)</title>
    <meta>
        <content>movie</content>
        <imdb>tt0367153</imdb>
        <title>Toolbox Murders</title>
        <year>2004</year>
    </meta>
    <link>
        <sublink>search</sublink>
        <sublink>searchsd</sublink>
    </link>
    <thumbnail>https://image.tmdb.org/t/p/w1280/6GNzivnNFeUazUdTEXwcMjTxSkn.jpg</thumbnail>
    <fanart>https://image.tmdb.org/t/p/w1280/5LvLk7R2LtKBc1tOqmauJ0ivlcR.jpg</fanart>
</item>
<item>
    <title>Psycho (1998)</title>
    <meta>
        <content>movie</content>
        <imdb>tt0155975</imdb>
        <title>Psycho</title>
        <year>1998</year>
    </meta>
    <link>
        <sublink>search</sublink>
        <sublink>searchsd</sublink>
    </link>
    <thumbnail>https://image.tmdb.org/t/p/w1280/5emaTTGS8rnLgZrBS98zqv1XWqE.jpg</thumbnail>
    <fanart>https://image.tmdb.org/t/p/w1280/7Aw6Yy5vPvB1LR6mOdeTi1WNN8m.jpg</fanart>
</item>
<item>
    <title>Beloved (1998)</title>
    <meta>
        <content>movie</content>
        <imdb>tt0120603</imdb>
        <title>Beloved</title>
        <year>1998</year>
    </meta>
    <link>
        <sublink>search</sublink>
        <sublink>searchsd</sublink>
    </link>
    <thumbnail>https://image.tmdb.org/t/p/w1280/jwzOg5RBIF2ZkF67BnYibSPp4P8.jpg</thumbnail>
    <fanart>https://image.tmdb.org/t/p/w1280/rXVcTEiLLvkI3dGiPqOiOuPq3dP.jpg</fanart>
</item>
<item>
    <title>Vila Roza (2013)</title>
    <meta>
        <content>movie</content>
        <imdb>tt3213512</imdb>
        <title>Vila Roza</title>
        <year>2013</year>
    </meta>
    <link>
        <sublink>search</sublink>
        <sublink>searchsd</sublink>
    </link>
    <thumbnail>https://image.tmdb.org/t/p/w1280/k0a4zGlkvE66FQXW6tzrjI7jPZ3.jpg</thumbnail>
    <fanart>https://image.tmdb.org/t/p/w1280/ecPoJoPwXIDkJHv3cbQNgXaf4SK.jpg</fanart>
</item>
<item>
    <title>247xb0F (2011)</title>
    <meta>
        <content>movie</content>
        <imdb>tt1877543</imdb>
        <title>247xb0F</title>
        <year>2011</year>
    </meta>
    <link>
        <sublink>search</sublink>
        <sublink>searchsd</sublink>
    </link>
    <thumbnail>https://image.tmdb.org/t/p/w1280/yNSE6aAS8pa2kzxDwCkpAIlNeQx.jpg</thumbnail>
    <fanart>https://image.tmdb.org/t/p/w1280/i6wWaGsd1PxQq9AIK29GRHt96Pv.jpg</fanart>
</item>
<item>
    <title>The Rite (2011)</title>
    <meta>
        <content>movie</content>
        <imdb>tt1161864</imdb>
        <title>The Rite</title>
        <year>2011</year>
    </meta>
    <link>
        <sublink>search</sublink>
        <sublink>searchsd</sublink>
    </link>
    <thumbnail>https://image.tmdb.org/t/p/w1280/94jKSKAOfM3EU4bPsOPkVB9AOHT.jpg</thumbnail>
    <fanart>https://image.tmdb.org/t/p/w1280/yaF4JUgdNy3NKXVtptTkKawZtlB.jpg</fanart>
</item>
<item>
    <title>The Mothman Prophecies (2002)</title>
    <meta>
        <content>movie</content>
        <imdb>tt0265349</imdb>
        <title>The Mothman Prophecies</title>
        <year>2002</year>
    </meta>
    <link>
        <sublink>search</sublink>
        <sublink>searchsd</sublink>
    </link>
    <thumbnail>https://image.tmdb.org/t/p/w1280/746O4Rn8TKRp2UZoenD4dgwmKMj.jpg</thumbnail>
    <fanart>https://image.tmdb.org/t/p/w1280/1m5i8hzRYVuKW4MLtXjZDrj6ZAr.jpg</fanart>
</item>
<item>
    <title>Hoboken Hollow (2006)</title>
    <meta>
        <content>movie</content>
        <imdb>tt0455961</imdb>
        <title>Hoboken Hollow</title>
        <year>2006</year>
    </meta>
    <link>
        <sublink>search</sublink>
        <sublink>searchsd</sublink>
    </link>
    <thumbnail>https://image.tmdb.org/t/p/w1280/tLwJRC3paihMpkxYQqc9HyvlVc8.jpg</thumbnail>
    <fanart>https://image.tmdb.org/t/p/w1280/oF48LRAv1W9mmACMkn3UzvgSty.jpg</fanart>
</item>
<item>
    <title>Shadow People (II) (2013)</title>
    <meta>
        <content>movie</content>
        <imdb>tt1764647</imdb>
        <title>Shadow People</title>
        <year>II 2013</year>
    </meta>
    <link>
        <sublink>search</sublink>
        <sublink>searchsd</sublink>
    </link>
    <thumbnail>https://image.tmdb.org/t/p/w1280/DclkCjLsZz3IEV8hxnt9U31b7X.jpg</thumbnail>
    <fanart>https://image.tmdb.org/t/p/w1280/uOdldehI5KQ7MpSss1QEXGME4Tm.jpg</fanart>
</item>
<item>
    <title>Black Water (2007)</title>
    <meta>
        <content>movie</content>
        <imdb>tt0816436</imdb>
        <title>Black Water</title>
        <year>2007</year>
    </meta>
    <link>
        <sublink>search</sublink>
        <sublink>searchsd</sublink>
    </link>
    <thumbnail>https://image.tmdb.org/t/p/w1280/eoLKVlcg2kq22dCW58WqHqYSteK.jpg</thumbnail>
    <fanart>https://image.tmdb.org/t/p/w1280/oqkbIfxOFFncu1aBBEOZung3Pmp.jpg</fanart>
</item>
<item>
    <title>A Nightmare on Elm Street (1984)</title>
    <meta>
        <content>movie</content>
        <imdb>tt0087800</imdb>
        <title>A Nightmare on Elm Street</title>
        <year>1984</year>
    </meta>
    <link>
        <sublink>search</sublink>
        <sublink>searchsd</sublink>
    </link>
    <thumbnail>https://image.tmdb.org/t/p/w1280/sXFlyjfWv544uKOJmPd2vVsaFm9.jpg</thumbnail>
    <fanart>https://image.tmdb.org/t/p/w1280/3G7Xf2drr2u1jhOPxGR18pl39PX.jpg</fanart>
</item>
<item>
    <title>Child's Play (1988)</title>
    <meta>
        <content>movie</content>
        <imdb>tt0094862</imdb>
        <title>Child's Play</title>
        <year>1988</year>
    </meta>
    <link>
        <sublink>search</sublink>
        <sublink>searchsd</sublink>
    </link>
    <thumbnail>https://image.tmdb.org/t/p/w1280/dSX9i2buibfyKFRpK2kOe6rtl5R.jpg</thumbnail>
    <fanart>https://image.tmdb.org/t/p/w1280/2O7BSytXfkEcTyP9I4IiFBhn3w3.jpg</fanart>
</item>
<item>
    <title>The Atticus Institute (2015)</title>
    <meta>
        <content>movie</content>
        <imdb>tt3280916</imdb>
        <title>The Atticus Institute</title>
        <year>2015</year>
    </meta>
    <link>
        <sublink>search</sublink>
        <sublink>searchsd</sublink>
    </link>
    <thumbnail>https://image.tmdb.org/t/p/w1280/jDNr74CkdoufjWrX3kFrbgdVbgq.jpg</thumbnail>
    <fanart>https://image.tmdb.org/t/p/w1280/j3TnmpdEalVROAvH0ypDpeawpAf.jpg</fanart>
</item>
<item>
    <title>Hostel (2005)</title>
    <meta>
        <content>movie</content>
        <imdb>tt0450278</imdb>
        <title>Hostel</title>
        <year>2005</year>
    </meta>
    <link>
        <sublink>search</sublink>
        <sublink>searchsd</sublink>
    </link>
    <thumbnail>https://image.tmdb.org/t/p/w1280/zF3pEs1CUbjPgioxDH4h2MEHsWl.jpg</thumbnail>
    <fanart>https://image.tmdb.org/t/p/w1280/9jTL24i6meo6u5hHEPwUY8TD1N4.jpg</fanart>
</item>
<item>
    <title>Hostel: Part II (2007)</title>
    <meta>
        <content>movie</content>
        <imdb>tt0498353</imdb>
        <title>Hostel: Part II</title>
        <year>2007</year>
    </meta>
    <link>
        <sublink>search</sublink>
        <sublink>searchsd</sublink>
    </link>
    <thumbnail>https://image.tmdb.org/t/p/w1280/fRRjGgHCh6dWvRn1wSbv2VMO6JL.jpg</thumbnail>
    <fanart>https://image.tmdb.org/t/p/w1280/lshpN0UfiHqan1G9HalSUQVTJdJ.jpg</fanart>
</item>
<item>
    <title>Encounter with the Unknown (1972)</title>
    <meta>
        <content>movie</content>
        <imdb>tt0072937</imdb>
        <title>Encounter with the Unknown</title>
        <year>1972</year>
    </meta>
    <link>
        <sublink>search</sublink>
        <sublink>searchsd</sublink>
    </link>
    <thumbnail>https://image.tmdb.org/t/p/w1280/AaKYl4tCxzuJXtPEHYh9q2by92n.jpg</thumbnail>
    <fanart>https://image.tmdb.org/t/p/w1280/lW3WyDnhtoDpGyvVIJg70puDZ8T.jpg</fanart>
</item>
<item>
    <title>The Horror Vault Vol.1 (2008)</title>
    <meta>
        <content>movie</content>
        <imdb>tt0369424</imdb>
        <title>The Horror Vault Vol.1</title>
        <year>2008</year>
    </meta>
    <link>
        <sublink>search</sublink>
        <sublink>searchsd</sublink>
    </link>
    <thumbnail>https://image.tmdb.org/t/p/w1280none</thumbnail>
    <fanart>https://image.tmdb.org/t/p/w1280none</fanart>
</item>
<item>
    <title>Death Game (1977)</title>
    <meta>
        <content>movie</content>
        <imdb>tt0075921</imdb>
        <title>Death Game</title>
        <year>1977</year>
    </meta>
    <link>
        <sublink>search</sublink>
        <sublink>searchsd</sublink>
    </link>
    <thumbnail>https://image.tmdb.org/t/p/w1280/djQ52NKVsCNV2bXqni3slSFnL6l.jpg</thumbnail>
    <fanart>https://image.tmdb.org/t/p/w1280none</fanart>
</item>
<item>
    <title>The Entity (1982)</title>
    <meta>
        <content>movie</content>
        <imdb>tt0082334</imdb>
        <title>The Entity</title>
        <year>1982</year>
    </meta>
    <link>
        <sublink>search</sublink>
        <sublink>searchsd</sublink>
    </link>
    <thumbnail>https://image.tmdb.org/t/p/w1280/shESiPSMap1lITPt5dWXuWigRSG.jpg</thumbnail>
    <fanart>https://image.tmdb.org/t/p/w1280/9pDEitMiB9Xyt6i2cEOTe3E07JF.jpg</fanart>
</item>
<item>
    <title>Sop Dek 2002 (2011)</title>
    <meta>
        <content>movie</content>
        <imdb>tt2372429</imdb>
        <title>Sop Dek 2002</title>
        <year>2011</year>
    </meta>
    <link>
        <sublink>search</sublink>
        <sublink>searchsd</sublink>
    </link>
    <thumbnail>https://image.tmdb.org/t/p/w1280/nC8ssJqqrapsm7bKkiP8DIcsFLL.jpg</thumbnail>
    <fanart>https://image.tmdb.org/t/p/w1280/ojStVOjJZcdqtxgCDgPCp6qLcng.jpg</fanart>
</item>
<item>
    <title>Kuchisake-onna 2 (2008)</title>
    <meta>
        <content>movie</content>
        <imdb>tt1192612</imdb>
        <title>Kuchisake-onna 2</title>
        <year>2008</year>
    </meta>
    <link>
        <sublink>search</sublink>
        <sublink>searchsd</sublink>
    </link>
    <thumbnail>https://image.tmdb.org/t/p/w1280/d0hHYgHT0BQ509kdBEjMq5ggP22.jpg</thumbnail>
    <fanart>https://image.tmdb.org/t/p/w1280none</fanart>
</item>
<item>
    <title>Ravenous (1999)</title>
    <meta>
        <content>movie</content>
        <imdb>tt0129332</imdb>
        <title>Ravenous</title>
        <year>1999</year>
    </meta>
    <link>
        <sublink>search</sublink>
        <sublink>searchsd</sublink>
    </link>
    <thumbnail>https://image.tmdb.org/t/p/w1280/spwvStEA4CraTXPOcONrDzncXOZ.jpg</thumbnail>
    <fanart>https://image.tmdb.org/t/p/w1280/tG7ydFmDr2Y1kecUCM6foFxmJjP.jpg</fanart>
</item>
<item>
    <title>Blackwater Valley Exorcism (2006 Video)</title>
    <meta>
        <content>movie</content>
        <imdb>tt0863005</imdb>
        <title>Blackwater Valley Exorcism</title>
        <year>2006 Video</year>
    </meta>
    <link>
        <sublink>search</sublink>
        <sublink>searchsd</sublink>
    </link>
    <thumbnail>https://image.tmdb.org/t/p/w1280/jYMVyvkpO8YlAwgQC9KaJdJPbVg.jpg</thumbnail>
    <fanart>https://image.tmdb.org/t/p/w1280/z9A2sIIlaY5WnrWfYnVBlru2kUD.jpg</fanart>
</item>
<item>
    <title>Annabelle (I) (2014)</title>
    <meta>
        <content>movie</content>
        <imdb>tt3322940</imdb>
        <title>Annabelle</title>
        <year>I 2014</year>
    </meta>
    <link>
        <sublink>search</sublink>
        <sublink>searchsd</sublink>
    </link>
    <thumbnail>https://image.tmdb.org/t/p/w1280/yAgxM61Sn0dYML4C9v3MJFp5zPI.jpg</thumbnail>
    <fanart>https://image.tmdb.org/t/p/w1280/8pCFurneAWouGbBMEoBHqU1ejbb.jpg</fanart>
</item>
<item>
    <title>#Horror (2015)</title>
    <meta>
        <content>movie</content>
        <imdb>tt3526286</imdb>
        <title>#Horror</title>
        <year>2015</year>
    </meta>
    <link>
        <sublink>search</sublink>
        <sublink>searchsd</sublink>
    </link>
    <thumbnail>https://image.tmdb.org/t/p/w1280/48zZhMQ7HABuHrgQL1dD4CipywF.jpg</thumbnail>
    <fanart>https://image.tmdb.org/t/p/w1280/iSbEhQMcQWvJeR32AWbWmcX5aVJ.jpg</fanart>
</item>
<item>
    <title>Diary of a Cannibal (2007 Video)</title>
    <meta>
        <content>movie</content>
        <imdb>tt0826817</imdb>
        <title>Diary of a Cannibal</title>
        <year>2007 Video</year>
    </meta>
    <link>
        <sublink>search</sublink>
        <sublink>searchsd</sublink>
    </link>
    <thumbnail>https://image.tmdb.org/t/p/w1280/qOnsTD6AE8RzocHBQ4kx3UbaD8J.jpg</thumbnail>
    <fanart>https://image.tmdb.org/t/p/w1280none</fanart>
</item>
<item>
    <title>Robert (2015)</title>
    <meta>
        <content>movie</content>
        <imdb>tt4141368</imdb>
        <title>Robert</title>
        <year>2015</year>
    </meta>
    <link>
        <sublink>search</sublink>
        <sublink>searchsd</sublink>
    </link>
    <thumbnail>https://image.tmdb.org/t/p/w1280/me4Cyy5F7SjQ3fmxL4Mo63UIg2A.jpg</thumbnail>
    <fanart>https://image.tmdb.org/t/p/w1280/7FJv1bVpFr3MMUo2gvInCJ4Bwy5.jpg</fanart>
</item>
<item>
    <title>Dark Reel (2008)</title>
    <meta>
        <content>movie</content>
        <imdb>tt0883398</imdb>
        <title>Dark Reel</title>
        <year>2008</year>
    </meta>
    <link>
        <sublink>search</sublink>
        <sublink>searchsd</sublink>
    </link>
    <thumbnail>https://image.tmdb.org/t/p/w1280/xd6wh1aH1n4K6gralNUqIMKGD4n.jpg</thumbnail>
    <fanart>https://image.tmdb.org/t/p/w1280/4MBSaLpliWHH69fjqLk2geqVqCA.jpg</fanart>
</item>
<dir>
    <title>[COLOR white]Next Page >>[/COLOR]</title>
    <imdburl>list/ls068149613/?page=2</imdburl>
    <thumbnail>https://image.ibb.co/gtsNjw/next.png</thumbnail>
</dir>
