<item>
    <title>Beauty and the Beast</title>
    <meta>
        <imdb>tt0101414</imdb>
        <content>movie</content>
        <title>Beauty and the Beast</title>
        <year>1991</year>
    </meta>
    <link>
        <sublink>search</sublink>
        <sublink>searchsd</sublink>
    </link>
    <thumbnail>https://image.tmdb.org/t/p/w1280//b9QJr2oblOu1grgOMUZF1xkUJdh.jpg</thumbnail>
    <fanart>https://image.tmdb.org/t/p/w1280//9BQIYKXc0HMSeK2kl3h3YxX66ZN.jpg</fanart>
</item>
<item>
    <title>A Garfield Christmas Special</title>
    <meta>
        <imdb>tt0302596</imdb>
        <content>movie</content>
        <title>A Garfield Christmas Special</title>
        <year>1987</year>
    </meta>
    <link>
        <sublink>search</sublink>
        <sublink>searchsd</sublink>
    </link>
    <thumbnail>https://image.tmdb.org/t/p/w1280//93lz2WnLPK4dDHN6knvnaVkzeHD.jpg</thumbnail>
    <fanart>https://image.tmdb.org/t/p/w1280//m3uBvMxOe0FLaxHBXuf1jJOJxwM.jpg</fanart>
</item>
<item>
    <title>Bah, Humduck!: A Looney Tunes Christmas</title>
    <meta>
        <imdb>tt0896522</imdb>
        <content>movie</content>
        <title>Bah, Humduck!: A Looney Tunes Christmas</title>
        <year>2006</year>
    </meta>
    <link>
        <sublink>search</sublink>
        <sublink>searchsd</sublink>
    </link>
    <thumbnail>https://image.tmdb.org/t/p/w1280//tjlEbgooaWO2MGfhYvhgzS01YTd.jpg</thumbnail>
    <fanart>https://image.tmdb.org/t/p/w1280//t0MsILaXy0FbgwNUn0HArV411si.jpg</fanart>
</item>
<item>
    <title>Jack Frost</title>
    <meta>
        <imdb>tt0079357</imdb>
        <content>movie</content>
        <title>Jack Frost</title>
        <year>1979</year>
    </meta>
    <link>
        <sublink>search</sublink>
        <sublink>searchsd</sublink>
    </link>
    <thumbnail>https://image.tmdb.org/t/p/w1280//22NGrOqvf7NdxGWzjoLhReOcMB1.jpg</thumbnail>
    <fanart>https://image.tmdb.org/t/p/w1280//5vOuSIqVRzczTUmyLzt9nJUm8cX.jpg</fanart>
</item>
<item>
    <title>Rudolph the Red-Nosed Reindeer: The Movie</title>
    <meta>
        <imdb>tt0137201</imdb>
        <content>movie</content>
        <title>Rudolph the Red-Nosed Reindeer: The Movie</title>
        <year>1998</year>
    </meta>
    <link>
        <sublink>search</sublink>
        <sublink>searchsd</sublink>
    </link>
    <thumbnail>https://image.tmdb.org/t/p/w1280//twZ8byxrmg5MSegiqog1v4kMUDJ.jpg</thumbnail>
    <fanart>https://image.tmdb.org/t/p/w1280//2StdMG93eZitka68AKeZw3EYPd6.jpg</fanart>
</item>
<item>
    <title>Rudolph and Frosty's Christmas in July</title>
    <meta>
        <imdb>tt0079828</imdb>
        <content>movie</content>
        <title>Rudolph and Frosty's Christmas in July</title>
        <year>1979</year>
    </meta>
    <link>
        <sublink>search</sublink>
        <sublink>searchsd</sublink>
    </link>
    <thumbnail>https://image.tmdb.org/t/p/w1280//aQkuPGotl1jofdeX4eXiXLeorR4.jpg</thumbnail>
    <fanart>https://image.tmdb.org/t/p/w1280//dKPl4IjbRiIwwB2Qk94Mx0QEkmc.jpg</fanart>
</item>
<item>
    <title>Christmas Comes but Once a Year</title>
    <meta>
        <imdb>tt0027446</imdb>
        <content>movie</content>
        <title>Christmas Comes but Once a Year</title>
        <year>1936</year>
    </meta>
    <link>
        <sublink>search</sublink>
        <sublink>searchsd</sublink>
    </link>
    <thumbnail>https://image.tmdb.org/t/p/w1280//cY7q3Km2YrBVxLkZpQncMDe2rpV.jpg</thumbnail>
    <fanart>https://image.tmdb.org/t/p/w1280//dWac7wsEYrHgrVxAiwJO3tivKP5.jpg</fanart>
</item>
<item>
    <title>Mickey's Magical Christmas: Snowed in at the House of Mouse</title>
    <meta>
        <imdb>tt0300195</imdb>
        <content>movie</content>
        <title>Mickey's Magical Christmas: Snowed in at the House of Mouse</title>
        <year>2001</year>
    </meta>
    <link>
        <sublink>search</sublink>
        <sublink>searchsd</sublink>
    </link>
    <thumbnail>https://image.tmdb.org/t/p/w1280//3yIvYvNvarfvwc9YnC0ZbAHhfRK.jpg</thumbnail>
    <fanart>https://image.tmdb.org/t/p/w1280//zK2Z40YMpJXrdjtB87hLC4r07QS.jpg</fanart>
</item>
<item>
    <title>Disney Princess: A Christmas of Enchantment</title>
    <meta>
        <imdb>tt0766235</imdb>
        <content>movie</content>
        <title>Disney Princess: A Christmas of Enchantment</title>
        <year>2005</year>
    </meta>
    <link>
        <sublink>search</sublink>
        <sublink>searchsd</sublink>
    </link>
    <thumbnail>https://image.tmdb.org/t/p/w1280//lnpArUfU7kIF2cubQZTIlG3azyN.jpg</thumbnail>
    <fanart>https://image.tmdb.org/t/p/w1280//3Z0gmD2kVs3qkiD67wsfHQ06huK.jpg</fanart>
</item>
<item>
    <title>The Little Drummer Boy</title>
    <meta>
        <imdb>tt0063230</imdb>
        <content>movie</content>
        <title>The Little Drummer Boy</title>
        <year>1968</year>
    </meta>
    <link>
        <sublink>search</sublink>
        <sublink>searchsd</sublink>
    </link>
    <thumbnail>https://image.tmdb.org/t/p/w1280//rYVPNEG8kN4iXueTFkmQ4SxyvUY.jpg</thumbnail>
    <fanart>https://image.tmdb.org/t/p/w1280//sRlL6YpEOjMWRgPWR2NFIOnkSjc.jpg</fanart>
</item>
<item>
    <title>Merry Madagascar</title>
    <meta>
        <imdb>tt1526300</imdb>
        <content>movie</content>
        <title>Merry Madagascar</title>
        <year>2009</year>
    </meta>
    <link>
        <sublink>search</sublink>
        <sublink>searchsd</sublink>
    </link>
    <thumbnail>https://image.tmdb.org/t/p/w1280//yb8X45eBtkcEWfcQLdVlTE82pLE.jpg</thumbnail>
    <fanart>https://image.tmdb.org/t/p/w1280//bIA6DNEf3luPT9T5RzLVkBkXMNq.jpg</fanart>
</item>
<item>
    <title>Arthur Christmas</title>
    <meta>
        <imdb>tt1430607</imdb>
        <content>movie</content>
        <title>Arthur Christmas</title>
        <year>2011</year>
    </meta>
    <link>
        <sublink>search</sublink>
        <sublink>searchsd</sublink>
    </link>
    <thumbnail>https://image.tmdb.org/t/p/w1280//8IP8VQBJRdN9S74IRFQXgKGTWJt.jpg</thumbnail>
    <fanart>https://image.tmdb.org/t/p/w1280//5mfMJpkO0mxDViHEeebFrzesdwc.jpg</fanart>
</item>
<item>
    <title>A Charlie Brown Christmas</title>
    <meta>
        <imdb>tt0059026</imdb>
        <content>movie</content>
        <title>A Charlie Brown Christmas</title>
        <year>1965</year>
    </meta>
    <link>
        <sublink>search</sublink>
        <sublink>searchsd</sublink>
    </link>
    <thumbnail>https://image.tmdb.org/t/p/w1280//3Bn0tc1BsheZwUQtvl10wTgQ16J.jpg</thumbnail>
    <fanart>https://image.tmdb.org/t/p/w1280//rtPtwVTo4RqumivX2zspSk8GyCy.jpg</fanart>
</item>
<item>
    <title>The Polar Express</title>
    <meta>
        <imdb>tt0338348</imdb>
        <content>movie</content>
        <title>The Polar Express</title>
        <year>2004</year>
    </meta>
    <link>
        <sublink>search</sublink>
        <sublink>searchsd</sublink>
    </link>
    <thumbnail>https://image.tmdb.org/t/p/w1280//2NETsNUxcfBdKtq3W5YbT9O03Ak.jpg</thumbnail>
    <fanart>https://image.tmdb.org/t/p/w1280//AcXCaPRB037DZoZZ2cJzRSxrNBP.jpg</fanart>
</item>
<item>
    <title>Casper's Haunted Christmas</title>
    <meta>
        <imdb>tt0284946</imdb>
        <content>movie</content>
        <title>Casper's Haunted Christmas</title>
        <year>2000</year>
    </meta>
    <link>
        <sublink>search</sublink>
        <sublink>searchsd</sublink>
    </link>
    <thumbnail>https://image.tmdb.org/t/p/w1280//3BFR30kh0O3NKR1Sfea3HXCG6hw.jpg</thumbnail>
    <fanart>https://image.tmdb.org/t/p/w1280//2oyWsxAoHvlzDX4YrnqFlRc7N4g.jpg</fanart>
</item>
<item>
    <title>The Night Before Christmas: A Mouse Tale</title>
    <meta>
        <imdb>tt0920465</imdb>
        <content>movie</content>
        <title>The Night Before Christmas: A Mouse Tale</title>
        <year>2002</year>
    </meta>
    <link>
        <sublink>search</sublink>
        <sublink>searchsd</sublink>
    </link>
    <thumbnail>https://image.tmdb.org/t/p/w1280//gvvKAuAbKh5ry5VEeR9AxlyGzzn.jpg</thumbnail>
    <fanart>https://image.tmdb.org/t/p/w1280//dRIDyY0DW4iMYDuDifEF5q1vOpG.jpg</fanart>
</item>
<item>
    <title>How the Grinch Stole Christmas!</title>
    <meta>
        <imdb>tt0060345</imdb>
        <content>movie</content>
        <title>How the Grinch Stole Christmas!</title>
        <year>1966</year>
    </meta>
    <link>
        <sublink>search</sublink>
        <sublink>searchsd</sublink>
    </link>
    <thumbnail>https://image.tmdb.org/t/p/w1280//7ir0iRuPK9OEuH569cp0nF5CJce.jpg</thumbnail>
    <fanart>https://image.tmdb.org/t/p/w1280//cDRhoYxoR4QYDO0XW9qV6kmH85J.jpg</fanart>
</item>
<item>
    <title>Mickey's Twice Upon a Christmas</title>
    <meta>
        <imdb>tt0424279</imdb>
        <content>movie</content>
        <title>Mickey's Twice Upon a Christmas</title>
        <year>2004</year>
    </meta>
    <link>
        <sublink>search</sublink>
        <sublink>searchsd</sublink>
    </link>
    <thumbnail>https://image.tmdb.org/t/p/w1280//aWngwGxTk7LFSwU6V1za2D0KFyh.jpg</thumbnail>
    <fanart>https://image.tmdb.org/t/p/w1280//6sFk5dzTz6NWLfy4TxwfqcK7gtY.jpg</fanart>
</item>
<item>
    <title>Rudolph, the Red-Nosed Reindeer</title>
    <meta>
        <imdb>tt0058536</imdb>
        <content>movie</content>
        <title>Rudolph, the Red-Nosed Reindeer</title>
        <year>1964</year>
    </meta>
    <link>
        <sublink>search</sublink>
        <sublink>searchsd</sublink>
    </link>
    <thumbnail>https://image.tmdb.org/t/p/w1280//r0vtyGOwTLZg4pgtbjlMGke7Qo1.jpg</thumbnail>
    <fanart>https://image.tmdb.org/t/p/w1280//3Y8Uyeev83zpOkLgh94ZoAaIfeS.jpg</fanart>
</item>
<item>
    <title>Shrek the Halls</title>
    <meta>
        <imdb>tt0897387</imdb>
        <content>movie</content>
        <title>Shrek the Halls</title>
        <year>2007</year>
    </meta>
    <link>
        <sublink>search</sublink>
        <sublink>searchsd</sublink>
    </link>
    <thumbnail>https://image.tmdb.org/t/p/w1280//zq8UaoqVgpwOVOW1xfIYUekgyNl.jpg</thumbnail>
    <fanart>https://image.tmdb.org/t/p/w1280//hWwFGzPWmONZa6fFMk2uLLOnhmJ.jpg</fanart>
</item>
<item>
    <title>The Snowman</title>
    <meta>
        <imdb>tt0084701</imdb>
        <content>movie</content>
        <title>The Snowman</title>
        <year>1982</year>
    </meta>
    <link>
        <sublink>search</sublink>
        <sublink>searchsd</sublink>
    </link>
    <thumbnail>https://image.tmdb.org/t/p/w1280//xdrAebUt2OOIgilcZoEWcrOu0Cs.jpg</thumbnail>
    <fanart>https://image.tmdb.org/t/p/w1280//jmPVdrcBof0EczFVLHTeYLdMTNp.jpg</fanart>
</item>
<item>
    <title>The Year Without a Santa Claus</title>
    <meta>
        <imdb>tt0072424</imdb>
        <content>movie</content>
        <title>The Year Without a Santa Claus</title>
        <year>1974</year>
    </meta>
    <link>
        <sublink>search</sublink>
        <sublink>searchsd</sublink>
    </link>
    <thumbnail>https://image.tmdb.org/t/p/w1280//fNpBQ8mAIG4wUs4DQWwVNTxA2rc.jpg</thumbnail>
    <fanart>https://image.tmdb.org/t/p/w1280//hAjECdL1PilD9K7BMQIOXggupO8.jpg</fanart>
</item>
<item>
    <title>Santa Claus Is Comin' to Town</title>
    <meta>
        <imdb>tt0066327</imdb>
        <content>movie</content>
        <title>Santa Claus Is Comin' to Town</title>
        <year>1970</year>
    </meta>
    <link>
        <sublink>search</sublink>
        <sublink>searchsd</sublink>
    </link>
    <thumbnail>https://image.tmdb.org/t/p/w1280//otO3xI0R7O3NcSy2cOFRLlxbSYA.jpg</thumbnail>
    <fanart>https://image.tmdb.org/t/p/w1280//zbc9LCaJcwSLKQntBxxA2YoixQa.jpg</fanart>
</item>
<item>
    <title>Mickey's Once Upon a Christmas</title>
    <meta>
        <imdb>tt0238414</imdb>
        <content>movie</content>
        <title>Mickey's Once Upon a Christmas</title>
        <year>1999</year>
    </meta>
    <link>
        <sublink>search</sublink>
        <sublink>searchsd</sublink>
    </link>
    <thumbnail>https://image.tmdb.org/t/p/w1280//hPXSWiuYdJXHtcDS5wluYWgZldE.jpg</thumbnail>
    <fanart>https://image.tmdb.org/t/p/w1280//txLoYcQtKKyGmqik1HRyW2Uv6CY.jpg</fanart>
</item>
<item>
    <title>Frosty the Snowman</title>
    <meta>
        <imdb>tt0064349</imdb>
        <content>movie</content>
        <title>Frosty the Snowman</title>
        <year>1969</year>
    </meta>
    <link>
        <sublink>search</sublink>
        <sublink>searchsd</sublink>
    </link>
    <thumbnail>https://image.tmdb.org/t/p/w1280//zs6epslSJK2qgDJPm4Aa88zkkTW.jpg</thumbnail>
    <fanart>https://image.tmdb.org/t/p/w1280//1WF6gXb6PfJ4k1QlZbFtgEMUtsm.jpg</fanart>
</item>
<item>
    <title>Mickey's Christmas Carol</title>
    <meta>
        <imdb>tt0085936</imdb>
        <content>movie</content>
        <title>Mickey's Christmas Carol</title>
        <year>1983</year>
    </meta>
    <link>
        <sublink>search</sublink>
        <sublink>searchsd</sublink>
    </link>
    <thumbnail>https://image.tmdb.org/t/p/w1280//b5bOnImybMdWNA415PXFjMWlsi7.jpg</thumbnail>
    <fanart>https://image.tmdb.org/t/p/w1280//fDK3xeAcQfQ40ZUULgZshElkspa.jpg</fanart>
</item>
<item>
    <title>Rudolph the Red-Nosed Reindeer</title>
    <meta>
        <imdb>tt0156031</imdb>
        <content>movie</content>
        <title>Rudolph the Red-Nosed Reindeer</title>
        <year>1948</year>
    </meta>
    <link>
        <sublink>search</sublink>
        <sublink>searchsd</sublink>
    </link>
    <thumbnail>https://image.tmdb.org/t/p/w1280//veejC1M4eIHyKZqh1ZKrjkij0EF.jpg</thumbnail>
    <fanart>https://image.tmdb.org/t/p/w1280//rvWIPQUUCNLF3AHCBlpyRyIsKLD.jpg</fanart>
</item>
<item>
    <title>An Elf's Story</title>
    <meta>
        <imdb>tt2094761</imdb>
        <content>movie</content>
        <title>An Elf's Story</title>
        <year>2011</year>
    </meta>
    <link>
        <sublink>search</sublink>
        <sublink>searchsd</sublink>
    </link>
    <thumbnail>https://image.tmdb.org/t/p/w1280//s4rwaCrOaCVVHGKgZU1V46SNlHK.jpg</thumbnail>
    <fanart>https://image.tmdb.org/t/p/w1280//l2vghJgJ9cNJ8a7MQkOYVA6Lu3w.jpg</fanart>
</item>
<item>
    <title>Abominable Christmas</title>
    <meta>
        <imdb>tt2445310</imdb>
        <content>movie</content>
        <title>Abominable Christmas</title>
        <year>2012</year>
    </meta>
    <link>
        <sublink>search</sublink>
        <sublink>searchsd</sublink>
    </link>
    <thumbnail>https://image.tmdb.org/t/p/w1280//ogIIaJm2PItR1h0LgG58392VFG8.jpg</thumbnail>
    <fanart>https://image.tmdb.org/t/p/w1280//nAYUHOX4kfpYs2puGuCsvvgY7hH.jpg</fanart>
</item>
<item>
    <title>Dragons: Gift of the Night Fury</title>
    <meta>
        <imdb>tt2065968</imdb>
        <content>movie</content>
        <title>Dragons: Gift of the Night Fury</title>
        <year>2011</year>
    </meta>
    <link>
        <sublink>search</sublink>
        <sublink>searchsd</sublink>
    </link>
    <thumbnail>https://image.tmdb.org/t/p/w1280//kYeAnW22uS9wxOkyHZuk7C2YGGx.jpg</thumbnail>
    <fanart>https://image.tmdb.org/t/p/w1280//c1m24XdpRDXBqiikNNczSEcKlgi.jpg</fanart>
</item>
<item>
    <title>Pluto's Christmas Tree</title>
    <meta>
        <imdb>tt0045037</imdb>
        <content>movie</content>
        <title>Pluto's Christmas Tree</title>
        <year>1952</year>
    </meta>
    <link>
        <sublink>search</sublink>
        <sublink>searchsd</sublink>
    </link>
    <thumbnail>https://image.tmdb.org/t/p/w1280//zgP8kRuheFUwR0ZIJTnYbE2gBvK.jpg</thumbnail>
    <fanart>https://image.tmdb.org/t/p/w1280//rFwqbIWKAqy0jBQAjpeLzkpjABj.jpg</fanart>
</item>
<item>
    <title>Kung Fu Panda Holiday</title>
    <meta>
        <imdb>tt1702433</imdb>
        <content>movie</content>
        <title>Kung Fu Panda Holiday</title>
        <year>2010</year>
    </meta>
    <link>
        <sublink>search</sublink>
        <sublink>searchsd</sublink>
    </link>
    <thumbnail>https://image.tmdb.org/t/p/w1280//gp18R42TbSUlw9VnXFqyecm52lq.jpg</thumbnail>
    <fanart>https://image.tmdb.org/t/p/w1280//a14RyRGC3kz7YeQtvphuYMtou9v.jpg</fanart>
</item>
<item>
    <title>The Berenstain Bears' Christmas Tree</title>
    <meta>
        <imdb>tt0356408</imdb>
        <content>movie</content>
        <title>The Berenstain Bears' Christmas Tree</title>
        <year>1979</year>
    </meta>
    <link>
        <sublink>search</sublink>
        <sublink>searchsd</sublink>
    </link>
    <thumbnail>https://image.tmdb.org/t/p/w1280//n47mXXXROaYIrAqShOARFVXFrQZ.jpg</thumbnail>
    <fanart/>
</item>
<item>
    <title>A Disney Christmas Gift</title>
    <meta>
        <imdb>tt2129864</imdb>
        <content>movie</content>
        <title>A Disney Christmas Gift</title>
        <year>1983</year>
    </meta>
    <link>
        <sublink>search</sublink>
        <sublink>searchsd</sublink>
    </link>
    <thumbnail>https://image.tmdb.org/t/p/w1280//23LbkmaZkijqpVugHDkAMJIQKJY.jpg</thumbnail>
    <fanart>https://image.tmdb.org/t/p/w1280//1vLjmvQrwR5FwDC2sLAhRnu1vGL.jpg</fanart>
</item>
<item>
    <title>Elf: Buddy's Musical Christmas</title>
    <meta>
        <imdb>tt4147830</imdb>
        <content>movie</content>
        <title>Elf: Buddy's Musical Christmas</title>
        <year>2014</year>
    </meta>
    <link>
        <sublink>search</sublink>
        <sublink>searchsd</sublink>
    </link>
    <thumbnail>https://image.tmdb.org/t/p/w1280//2HHi4T5xXBk9rfzpGeskzcYcJFD.jpg</thumbnail>
    <fanart>https://image.tmdb.org/t/p/w1280//finqvPRf8WjxwZkUquaRWQZ2BVq.jpg</fanart>
</item>
<item>
    <title>Santa and the Three Bears</title>
    <meta>
        <imdb>tt0066328</imdb>
        <content>movie</content>
        <title>Santa and the Three Bears</title>
        <year>1970</year>
    </meta>
    <link>
        <sublink>search</sublink>
        <sublink>searchsd</sublink>
    </link>
    <thumbnail>https://image.tmdb.org/t/p/w1280//a375C6x6eNT3ylkXIIY7v2w1o1l.jpg</thumbnail>
    <fanart>https://image.tmdb.org/t/p/w1280//1G3GbnERfRl5LaumJjJR11Sttjk.jpg</fanart>
</item>
<item>
    <title>Mr. Magoo's Christmas Carol</title>
    <meta>
        <imdb>tt0123179</imdb>
        <content>movie</content>
        <title>Mr. Magoo's Christmas Carol</title>
        <year>1962</year>
    </meta>
    <link>
        <sublink>search</sublink>
        <sublink>searchsd</sublink>
    </link>
    <thumbnail>https://image.tmdb.org/t/p/w1280//v373WxuWPaUlincYeu6AIzcZUV8.jpg</thumbnail>
    <fanart>https://image.tmdb.org/t/p/w1280//fZmoZ8MHLpHXWQgx3wA8Vp8O3d4.jpg</fanart>
</item>
<item>
    <title>Rudolph the Red-Nosed Reindeer & the Island of Misfit Toys</title>
    <meta>
        <imdb>tt0293913</imdb>
        <content>movie</content>
        <title>Rudolph the Red-Nosed Reindeer & the Island of Misfit Toys</title>
        <year>2001</year>
    </meta>
    <link>
        <sublink>search</sublink>
        <sublink>searchsd</sublink>
    </link>
    <thumbnail>https://image.tmdb.org/t/p/w1280//xnCxEFaOltMWkeyICS38dfoLkMA.jpg</thumbnail>
    <fanart>https://image.tmdb.org/t/p/w1280//9D0rp8scy3yXprhVdho2qxsvw59.jpg</fanart>
</item>
<item>
    <title>Dreamworks Holiday Classics (Merry Madagascar / Shrek the Halls / Gift of the Night Fury)</title>
    <meta>
        <imdb/>
        <content>movie</content>
        <title>Dreamworks Holiday Classics (Merry Madagascar / Shrek the Halls / Gift of the Night Fury)</title>
        <year>2012</year>
    </meta>
    <link>
        <sublink>search</sublink>
        <sublink>searchsd</sublink>
    </link>
    <thumbnail>https://image.tmdb.org/t/p/w1280//lcNYmrZqOp08PqGcWTC2CSvigLa.jpg</thumbnail>
    <fanart>https://image.tmdb.org/t/p/w1280//n0E9bawEskvCzL98Abe81AGnqj.jpg</fanart>
</item>
<item>
    <title>Walt Disneys Christmas</title>
    <meta>
        <imdb>tt0483445</imdb>
        <content>movie</content>
        <title>Walt Disneys Christmas</title>
        <year>1982</year>
    </meta>
    <link>
        <sublink>search</sublink>
        <sublink>searchsd</sublink>
    </link>
    <thumbnail>https://image.tmdb.org/t/p/w1280//vMNlghDQdkye5YFqP7oENzx2rL2.jpg</thumbnail>
    <fanart>https://image.tmdb.org/t/p/w1280//6yCJPxwPILiBCPFwPXVDcBPyVAF.jpg</fanart>
</item>
<item>
    <title>Olaf's Frozen Adventure</title>
    <meta>
        <imdb>tt5452780</imdb>
        <content>movie</content>
        <title>Olaf's Frozen Adventure</title>
        <year>2017</year>
    </meta>
    <link>
        <sublink>search</sublink>
        <sublink>searchsd</sublink>
    </link>
    <thumbnail>https://image.tmdb.org/t/p/w1280//As8WTtxXs9e3cBit3ztTf7zoRmm.jpg</thumbnail>
    <fanart>https://image.tmdb.org/t/p/w1280//9K4QqQZg4TVXcxBGDiVY4Aey3Rn.jpg</fanart>
</item>
<item>
    <title>A StoryBots Christmas</title>
    <meta>
        <imdb>tt7018722</imdb>
        <content>movie</content>
        <title>A StoryBots Christmas</title>
        <year>2017</year>
    </meta>
    <link>
        <sublink>search</sublink>
        <sublink>searchsd</sublink>
    </link>
    <thumbnail>https://image.tmdb.org/t/p/w1280//alPfz0S3QrN6cd7Kxf03EfSWKuf.jpg</thumbnail>
    <fanart>https://image.tmdb.org/t/p/w1280//40yE1f6RSA0sTa4vVsxZZWLYs5L.jpg</fanart>
</item>
<item>
    <title>Trolls Holiday</title>
    <meta>
        <imdb>tt6645614</imdb>
        <content>movie</content>
        <title>Trolls Holiday</title>
        <year>2017</year>
    </meta>
    <link>
        <sublink>search</sublink>
        <sublink>searchsd</sublink>
    </link>
    <thumbnail>https://image.tmdb.org/t/p/w1280//ioEv9lRn2IXIu0Dbfo9Qyo2IKhD.jpg</thumbnail>
    <fanart>https://image.tmdb.org/t/p/w1280//x9PMa1FENhhQWsfFAwrlUrkM8Qy.jpg</fanart>
</item>
<item>
    <title>Mariah Carey's All I Want for Christmas Is You</title>
    <meta>
        <imdb>tt6678950</imdb>
        <content>movie</content>
        <title>Mariah Carey's All I Want for Christmas Is You</title>
        <year>2017</year>
    </meta>
    <link>
        <sublink>search</sublink>
        <sublink>searchsd</sublink>
    </link>
    <thumbnail>https://image.tmdb.org/t/p/w1280//5jv1ZhB4H5SdlG9Q1dEL8WSIIGq.jpg</thumbnail>
    <fanart>https://image.tmdb.org/t/p/w1280//3Q54rAAHgxCGNYHuQ6qE1wiwKie.jpg</fanart>
</item>
<item>
    <title>DreamWorks Home: For the Holidays</title>
    <meta>
        <imdb>tt7713204</imdb>
        <content>movie</content>
        <title>DreamWorks Home: For the Holidays</title>
        <year>2017</year>
    </meta>
    <link>
        <sublink>search</sublink>
        <sublink>searchsd</sublink>
    </link>
    <thumbnail>https://image.tmdb.org/t/p/w1280//ucl7Dk1ELoIrpkR38e9AZhgRIZz.jpg</thumbnail>
    <fanart>https://image.tmdb.org/t/p/w1280//eB5Jlya5EpS0qko90VglBULrLCd.jpg</fanart>
</item>
<item>
    <title>Rudolph the Red-Nosed Reindeer 4D</title>
    <meta>
        <imdb>tt6329674</imdb>
        <content>movie</content>
        <title>Rudolph the Red-Nosed Reindeer 4D</title>
        <year>2016</year>
    </meta>
    <link>
        <sublink>search</sublink>
        <sublink>searchsd</sublink>
    </link>
    <thumbnail>https://image.tmdb.org/t/p/w1280//e7EMvVnEKEi4cV8W1KagouePbwK.jpg</thumbnail>
    <fanart>https://image.tmdb.org/t/p/w1280//mw04q7zCKqF2AoTWDDZ1XFaiSmx.jpg</fanart>
</item>
