<item>
    <title>12 Dates of Christmas</title>
    <meta>
        <imdb>tt1846442</imdb>
        <content>movie</content>
        <title>12 Dates of Christmas</title>
        <year>2011</year>
    </meta>
    <link>
        <sublink>search</sublink>
        <sublink>searchsd</sublink>
    </link>
    <thumbnail>https://image.tmdb.org/t/p/w1280//839Z87GiJvdrKIsKf7fFLa5I5dD.jpg</thumbnail>
    <fanart>https://image.tmdb.org/t/p/w1280//1BQy7XTpcaPY0co4Xp6gpBmoRtJ.jpg</fanart>
</item>
<item>
    <title>A Boyfriend for Christmas</title>
    <meta>
        <imdb>tt0385567</imdb>
        <content>movie</content>
        <title>A Boyfriend for Christmas</title>
        <year>2004</year>
    </meta>
    <link>
        <sublink>search</sublink>
        <sublink>searchsd</sublink>
    </link>
    <thumbnail>https://image.tmdb.org/t/p/w1280//ewC4nIT4tNl5roH4K4fJfae3pDo.jpg</thumbnail>
    <fanart>https://image.tmdb.org/t/p/w1280//kGJHKGun9wtEAcMBgOAWu69WONw.jpg</fanart>
</item>
<item>
    <title>A Bramble House Christmas</title>
    <meta>
        <imdb>tt7657462</imdb>
        <content>movie</content>
        <title>A Bramble House Christmas</title>
        <year>2017</year>
    </meta>
    <link>
        <sublink>search</sublink>
        <sublink>searchsd</sublink>
    </link>
    <thumbnail>https://image.tmdb.org/t/p/w1280//tZCQqY3ZijN73E4sBtPTRXkk1Yz.jpg</thumbnail>
    <fanart>https://image.tmdb.org/t/p/w1280//sGGhKL0H9qHP90tlaD9cr9sqeN0.jpg</fanart>
</item>
<item>
    <title>A Bride for Christmas</title>
    <meta>
        <imdb>tt2415112</imdb>
        <content>movie</content>
        <title>A Bride for Christmas</title>
        <year>2012</year>
    </meta>
    <link>
        <sublink>search</sublink>
        <sublink>searchsd</sublink>
    </link>
    <thumbnail>https://image.tmdb.org/t/p/w1280//yC9EAODkDaHEuaYi1MBPzcV4K12.jpg</thumbnail>
    <fanart>https://image.tmdb.org/t/p/w1280//zUI4RLOkZrgwNrPTfHJ6xvKqU9f.jpg</fanart>
</item>
<item>
    <title>A Christmas Detour</title>
    <meta>
        <imdb>tt4767950</imdb>
        <content>movie</content>
        <title>A Christmas Detour</title>
        <year>2015</year>
    </meta>
    <link>
        <sublink>search</sublink>
        <sublink>searchsd</sublink>
    </link>
    <thumbnail>https://image.tmdb.org/t/p/w1280//qIjtjCM8kwTIkjO9aADV7LvglKq.jpg</thumbnail>
    <fanart>https://image.tmdb.org/t/p/w1280//jHTrLJCAOAQhMOfC1sjsobSMMdR.jpg</fanart>
</item>
<item>
    <title>A Christmas Kiss</title>
    <meta>
        <imdb>tt1790621</imdb>
        <content>movie</content>
        <title>A Christmas Kiss</title>
        <year>2011</year>
    </meta>
    <link>
        <sublink>search</sublink>
        <sublink>searchsd</sublink>
    </link>
    <thumbnail>https://image.tmdb.org/t/p/w1280//yDNzZCinSSrTRPn0bjeiOjfoU6P.jpg</thumbnail>
    <fanart>https://image.tmdb.org/t/p/w1280//lDOevSDknYgQALszn22PcAEcUGT.jpg</fanart>
</item>
<item>
    <title>A Christmas Kiss II</title>
    <meta>
        <imdb>tt4280430</imdb>
        <content>movie</content>
        <title>A Christmas Kiss II</title>
        <year>2014</year>
    </meta>
    <link>
        <sublink>search</sublink>
        <sublink>searchsd</sublink>
    </link>
    <thumbnail>https://image.tmdb.org/t/p/w1280//awyQcHp4TpjAbDA2jpz0WwV6Rbw.jpg</thumbnail>
    <fanart>https://image.tmdb.org/t/p/w1280//sfKL9XcZL6fW6go5MSQOhm2hhfm.jpg</fanart>
</item>
<item>
    <title>A Christmas Melody</title>
    <meta>
        <imdb>tt4587740</imdb>
        <content>movie</content>
        <title>A Christmas Melody</title>
        <year>2015</year>
    </meta>
    <link>
        <sublink>search</sublink>
        <sublink>searchsd</sublink>
    </link>
    <thumbnail>https://image.tmdb.org/t/p/w1280//dSAJpqKITTiGuhidIVrf8Ah7MXP.jpg</thumbnail>
    <fanart>https://image.tmdb.org/t/p/w1280//1WCErHBOt0aLlT4boYAzPxUNjDa.jpg</fanart>
</item>
<item>
    <title>A Grandpa for Christmas</title>
    <meta>
        <imdb>tt0950740</imdb>
        <content>movie</content>
        <title>A Grandpa for Christmas</title>
        <year>2007</year>
    </meta>
    <link>
        <sublink>search</sublink>
        <sublink>searchsd</sublink>
    </link>
    <thumbnail>https://image.tmdb.org/t/p/w1280//tWgRnAL36C6xich8NFcYrn2Ifgz.jpg</thumbnail>
    <fanart>https://image.tmdb.org/t/p/w1280//31189AshHMhfI24Q8ZBHobPUMKJ.jpg</fanart>
</item>
<item>
    <title>A Holiday Engagement</title>
    <meta>
        <imdb>tt1807892</imdb>
        <content>movie</content>
        <title>A Holiday Engagement</title>
        <year>2011</year>
    </meta>
    <link>
        <sublink>search</sublink>
        <sublink>searchsd</sublink>
    </link>
    <thumbnail>https://image.tmdb.org/t/p/w1280//oFHlNAV9J2GIQvJMMbdaziP28PW.jpg</thumbnail>
    <fanart>https://image.tmdb.org/t/p/w1280//s6Efl6W4ILg3S9top1u4bsg7b47.jpg</fanart>
</item>
<item>
    <title>A Nutcracker Christmas</title>
    <meta>
        <imdb>tt6132948</imdb>
        <content>movie</content>
        <title>A Nutcracker Christmas</title>
        <year>2016</year>
    </meta>
    <link>
        <sublink>search</sublink>
        <sublink>searchsd</sublink>
    </link>
    <thumbnail>https://image.tmdb.org/t/p/w1280//oF1Dvn1cNo75lFo4TeDCkuLobAq.jpg</thumbnail>
    <fanart>https://image.tmdb.org/t/p/w1280//k2e7Cm0iTmceTUsHfbyrh2zD378.jpg</fanart>
</item>
<item>
    <title>A Princess for Christmas</title>
    <meta>
        <imdb>tt1083448</imdb>
        <content>movie</content>
        <title>A Princess for Christmas</title>
        <year>2011</year>
    </meta>
    <link>
        <sublink>search</sublink>
        <sublink>searchsd</sublink>
    </link>
    <thumbnail>https://image.tmdb.org/t/p/w1280//8B0GaAebFRWek6tGSqWAeyJOIp6.jpg</thumbnail>
    <fanart>https://image.tmdb.org/t/p/w1280//hlIY2FFJyTTvNxrzjZ5Rae7WKtg.jpg</fanart>
</item>
<item>
    <title>A Royal Christmas</title>
    <meta>
        <imdb>tt2838678</imdb>
        <content>movie</content>
        <title>A Royal Christmas</title>
        <year>2014</year>
    </meta>
    <link>
        <sublink>search</sublink>
        <sublink>searchsd</sublink>
    </link>
    <thumbnail>https://image.tmdb.org/t/p/w1280//5eAOPemB0zgBbUnZ7iAl3xDAO8j.jpg</thumbnail>
    <fanart>https://image.tmdb.org/t/p/w1280//wYrLjXDcI7sZ8WQTbDbaqcgCr1P.jpg</fanart>
</item>
<item>
    <title>A Royal Christmas Ball</title>
    <meta>
        <imdb>tt7605144</imdb>
        <content>movie</content>
        <title>A Royal Christmas Ball</title>
        <year>2017</year>
    </meta>
    <link>
        <sublink>search</sublink>
        <sublink>searchsd</sublink>
    </link>
    <thumbnail>https://image.tmdb.org/t/p/w1280//3WyIHLtUPSpVFAiWMEc7GKU3Qc3.jpg</thumbnail>
    <fanart>https://image.tmdb.org/t/p/w1280//6VR6jdrlif2vAP0G57Zzy8OmOPK.jpg</fanart>
</item>
<item>
    <title>A Season for Miracles</title>
    <meta>
        <imdb>tt0226418</imdb>
        <content>movie</content>
        <title>A Season for Miracles</title>
        <year>1999</year>
    </meta>
    <link>
        <sublink>search</sublink>
        <sublink>searchsd</sublink>
    </link>
    <thumbnail>https://image.tmdb.org/t/p/w1280//gXoiHaMkOMngzSRyZJVe4qZOVET.jpg</thumbnail>
    <fanart>https://image.tmdb.org/t/p/w1280//yrqCoW2q0xgUGlcD6wMLgP5JsER.jpg</fanart>
</item>
<item>
    <title>A Very Merry Mix-Up</title>
    <meta>
        <imdb>tt3131456</imdb>
        <content>movie</content>
        <title>A Very Merry Mix-Up</title>
        <year>2013</year>
    </meta>
    <link>
        <sublink>search</sublink>
        <sublink>searchsd</sublink>
    </link>
    <thumbnail>https://image.tmdb.org/t/p/w1280//t5B9YUSVwXPYIc6hcf5l3IG8KtF.jpg</thumbnail>
    <fanart>https://image.tmdb.org/t/p/w1280//wl52M8UmCvhLWumPJrh40foJQDj.jpg</fanart>
</item>
<item>
    <title>A Very Merry Toy Store</title>
    <meta>
        <imdb>tt7069196</imdb>
        <content>movie</content>
        <title>A Very Merry Toy Store</title>
        <year>2017</year>
    </meta>
    <link>
        <sublink>search</sublink>
        <sublink>searchsd</sublink>
    </link>
    <thumbnail>https://image.tmdb.org/t/p/w1280//HqFvAbpOrNIiuT8F4VbTAsHDNL.jpg</thumbnail>
    <fanart>https://image.tmdb.org/t/p/w1280//V724vpHh0V6GtP8rLn20Ey7cFc.jpg</fanart>
</item>
<item>
    <title>A Wish for Christmas</title>
    <meta>
        <imdb>tt5676118</imdb>
        <content>movie</content>
        <title>A Wish for Christmas</title>
        <year>2016</year>
    </meta>
    <link>
        <sublink>search</sublink>
        <sublink>searchsd</sublink>
    </link>
    <thumbnail>https://image.tmdb.org/t/p/w1280//9z81XnaxHJ7LYptef6augvgwake.jpg</thumbnail>
    <fanart>https://image.tmdb.org/t/p/w1280//tAIRgvOdHF4iUjfZ4KPtYC3w5Mi.jpg</fanart>
</item>
<item>
    <title>All I Want For Christmas</title>
    <meta>
        <imdb>tt0101301</imdb>
        <content>movie</content>
        <title>All I Want For Christmas</title>
        <year>1991</year>
    </meta>
    <link>
        <sublink>search</sublink>
        <sublink>searchsd</sublink>
    </link>
    <thumbnail>https://image.tmdb.org/t/p/w1280//pk5FSKmykwoZ0GdU26CbLq05r5S.jpg</thumbnail>
    <fanart>https://image.tmdb.org/t/p/w1280//tAp9pc2YawPcgnaZ4TBz1o9EWcI.jpg</fanart>
</item>
<item>
    <title>Angels Sing</title>
    <meta>
        <imdb>tt1833888</imdb>
        <content>movie</content>
        <title>Angels Sing</title>
        <year>2013</year>
    </meta>
    <link>
        <sublink>search</sublink>
        <sublink>searchsd</sublink>
    </link>
    <thumbnail>https://image.tmdb.org/t/p/w1280//f9MPM3S1Q4THWn3njgEbYA8uP1o.jpg</thumbnail>
    <fanart>https://image.tmdb.org/t/p/w1280//a4b0C19jG0HmotOGU9WNlJ0Zmwk.jpg</fanart>
</item>
<item>
    <title>Annie Claus is Coming to Town</title>
    <meta>
        <imdb>tt1910501</imdb>
        <content>movie</content>
        <title>Annie Claus is Coming to Town</title>
        <year>2011</year>
    </meta>
    <link>
        <sublink>search</sublink>
        <sublink>searchsd</sublink>
    </link>
    <thumbnail>https://image.tmdb.org/t/p/w1280//bLOniLgm3HhQKqwMSx6rKy2Jqdd.jpg</thumbnail>
    <fanart>https://image.tmdb.org/t/p/w1280//2bcblb3SdavD3EhrupmcoweRfOS.jpg</fanart>
</item>
<item>
    <title>Call Me Mrs. Miracle</title>
    <meta>
        <imdb>tt1708459</imdb>
        <content>movie</content>
        <title>Call Me Mrs. Miracle</title>
        <year>2010</year>
    </meta>
    <link>
        <sublink>search</sublink>
        <sublink>searchsd</sublink>
    </link>
    <thumbnail>https://image.tmdb.org/t/p/w1280//ustimMHSAEF8sD569RNkmjIn2bi.jpg</thumbnail>
    <fanart>https://image.tmdb.org/t/p/w1280//EPLp4NOBcZqELBT0Iz2NmMAlX9.jpg</fanart>
</item>
<item>
    <title>The Christmas Calendar</title>
    <meta>
        <imdb>tt6478538</imdb>
        <content>movie</content>
        <title>The Christmas Calendar</title>
        <year>2017</year>
    </meta>
    <link>
        <sublink>search</sublink>
        <sublink>searchsd</sublink>
    </link>
    <thumbnail>https://image.tmdb.org/t/p/w1280//wuBwTgY4kyS8rtAutBguxLwmkse.jpg</thumbnail>
    <fanart>https://image.tmdb.org/t/p/w1280//tDEmBRbT35eyXwpv4Hh6XSgxIn2.jpg</fanart>
</item>
<item>
    <title>The Christmas Card</title>
    <meta>
        <imdb>tt0783494</imdb>
        <content>movie</content>
        <title>The Christmas Card</title>
        <year>2006</year>
    </meta>
    <link>
        <sublink>search</sublink>
        <sublink>searchsd</sublink>
    </link>
    <thumbnail>https://image.tmdb.org/t/p/w1280//9QDdTcEZwGJEVbTZew4V5ragSb8.jpg</thumbnail>
    <fanart>https://image.tmdb.org/t/p/w1280//vuj12ISa8INRS83hXUVCnPYzKRM.jpg</fanart>
</item>
<item>
    <title>Christmas Connection</title>
    <meta>
        <imdb>tt7630836</imdb>
        <content>movie</content>
        <title>Christmas Connection</title>
        <year>2017</year>
    </meta>
    <link>
        <sublink>search</sublink>
        <sublink>searchsd</sublink>
    </link>
    <thumbnail>https://image.tmdb.org/t/p/w1280//ffH0JalkEY9PZxHYqILI1b8cWY2.jpg</thumbnail>
    <fanart>https://image.tmdb.org/t/p/w1280//qdCRaNUGl0UeDHfMKaI5hHcAx38.jpg</fanart>
</item>
<item>
    <title>The Christmas Cottage</title>
    <meta>
        <imdb>tt5997848</imdb>
        <content>movie</content>
        <title>The Christmas Cottage</title>
        <year>2017</year>
    </meta>
    <link>
        <sublink>search</sublink>
        <sublink>searchsd</sublink>
    </link>
    <thumbnail>https://image.tmdb.org/t/p/w1280//mGAWcjWxJsY6TPYwfv7UgaYj1Wz.jpg</thumbnail>
    <fanart>https://image.tmdb.org/t/p/w1280//y19N9JVh98y11JsQSFPFV3M17Ff.jpg</fanart>
</item>
<item>
    <title>Christmas Encore</title>
    <meta>
        <imdb>tt7714138</imdb>
        <content>movie</content>
        <title>Christmas Encore</title>
        <year>2017</year>
    </meta>
    <link>
        <sublink>search</sublink>
        <sublink>searchsd</sublink>
    </link>
    <thumbnail>https://image.tmdb.org/t/p/w1280//6vhpr3YKNPCQQuZ0biqaFUDEk4d.jpg</thumbnail>
    <fanart>https://image.tmdb.org/t/p/w1280//rmMwPExcqppMovjIuNrzho6IBX3.jpg</fanart>
</item>
<item>
    <title>Christmas Getaway</title>
    <meta>
        <imdb>tt7688990</imdb>
        <content>movie</content>
        <title>Christmas Getaway</title>
        <year>2017</year>
    </meta>
    <link>
        <sublink>search</sublink>
        <sublink>searchsd</sublink>
    </link>
    <thumbnail>https://image.tmdb.org/t/p/w1280//q9LKi5UFWvj38YI3sPRJCbjT9DY.jpg</thumbnail>
    <fanart>https://image.tmdb.org/t/p/w1280//gDNj156tJLIL8dMjYzsKQ2Ih4r7.jpg</fanart>
</item>
<item>
    <title>Christmas Homecoming</title>
    <meta>
        <imdb>tt5944496</imdb>
        <content>movie</content>
        <title>Christmas Homecoming</title>
        <year>2017</year>
    </meta>
    <link>
        <sublink>search</sublink>
        <sublink>searchsd</sublink>
    </link>
    <thumbnail>https://image.tmdb.org/t/p/w1280//vUJ7RmPxc9ntDzqFRtNKutvHrvz.jpg</thumbnail>
    <fanart>https://image.tmdb.org/t/p/w1280//lx7ce21es1FmvEoJV86Zd7jWuG3.jpg</fanart>
</item>
<item>
    <title>Christmas Land</title>
    <meta>
        <imdb>tt5265662</imdb>
        <content>movie</content>
        <title>Christmas Land</title>
        <year>2015</year>
    </meta>
    <link>
        <sublink>search</sublink>
        <sublink>searchsd</sublink>
    </link>
    <thumbnail>https://image.tmdb.org/t/p/w1280//Al3fCDcKEzH6sDPRu9x5qYFXvo.jpg</thumbnail>
    <fanart>https://image.tmdb.org/t/p/w1280//1Ghu8xirHYiM6Co5XE84ayloEwG.jpg</fanart>
</item>
<item>
    <title>Christmas List</title>
    <meta>
        <imdb>tt5902138</imdb>
        <content>movie</content>
        <title>Christmas List</title>
        <year>2016</year>
    </meta>
    <link>
        <sublink>search</sublink>
        <sublink>searchsd</sublink>
    </link>
    <thumbnail>https://image.tmdb.org/t/p/w1280//l67XKcTK5GWj6ssNJW0WdXAjwPz.jpg</thumbnail>
    <fanart>https://image.tmdb.org/t/p/w1280//1XQ2CYNiEIRflDSmAz7UvXrUkfL.jpg</fanart>
</item>
<item>
    <title>Christmas Lodge</title>
    <meta>
        <imdb>tt1895321</imdb>
        <content>movie</content>
        <title>Christmas Lodge</title>
        <year>2011</year>
    </meta>
    <link>
        <sublink>search</sublink>
        <sublink>searchsd</sublink>
    </link>
    <thumbnail>https://image.tmdb.org/t/p/w1280//7lwUMzPeDHN2LXA2j3R9jlsmvE0.jpg</thumbnail>
    <fanart>https://image.tmdb.org/t/p/w1280//eCvWzshWpsHCtLX51VhhDXMKUEL.jpg</fanart>
</item>
<item>
    <title>Christmas Magic</title>
    <meta>
        <imdb>tt2112127</imdb>
        <content>movie</content>
        <title>Christmas Magic</title>
        <year>2011</year>
    </meta>
    <link>
        <sublink>search</sublink>
        <sublink>searchsd</sublink>
    </link>
    <thumbnail>https://image.tmdb.org/t/p/w1280//zlhBSOM1Rn5E3KiJ8RTQZVNraHy.jpg</thumbnail>
    <fanart>https://image.tmdb.org/t/p/w1280//riCGSNREubntTAuxSAifNZlQ2vV.jpg</fanart>
</item>
<item>
    <title>Christmas Mail</title>
    <meta>
        <imdb>tt1663628</imdb>
        <content>movie</content>
        <title>Christmas Mail</title>
        <year>2010</year>
    </meta>
    <link>
        <sublink>search</sublink>
        <sublink>searchsd</sublink>
    </link>
    <thumbnail>https://image.tmdb.org/t/p/w1280//kOQMJKHsmT3T5lAlmkAIpNrdu51.jpg</thumbnail>
    <fanart>https://image.tmdb.org/t/p/w1280//vXnfdOAgtfoVJk8Y8gPTcj7mN1P.jpg</fanart>
</item>
<item>
    <title>Christmas Makeover</title>
    <meta>
        <imdb>None</imdb>
        <content>movie</content>
        <title>Christmas Makeover</title>
        <year>2016</year>
    </meta>
    <link>
        <sublink>search</sublink>
        <sublink>searchsd</sublink>
    </link>
    <thumbnail>https://image.tmdb.org/t/p/w1280//kwsWyG0YzGBtXYKvSqrluNWlBaW.jpg</thumbnail>
    <fanart/>
</item>
<item>
    <title>Christmas Next Door</title>
    <meta>
        <imdb>tt7616668</imdb>
        <content>movie</content>
        <title>Christmas Next Door</title>
        <year>2017</year>
    </meta>
    <link>
        <sublink>search</sublink>
        <sublink>searchsd</sublink>
    </link>
    <thumbnail>https://image.tmdb.org/t/p/w1280//vY8GqUw4qXds2HblGYhRu1XcAu1.jpg</thumbnail>
    <fanart>https://image.tmdb.org/t/p/w1280//8WDbpq8xXCDZheUmNnOpIJa6fzx.jpg</fanart>
</item>
<item>
    <title>The Christmas Ornament</title>
    <meta>
        <imdb>tt3289944</imdb>
        <content>movie</content>
        <title>The Christmas Ornament</title>
        <year>2013</year>
    </meta>
    <link>
        <sublink>search</sublink>
        <sublink>searchsd</sublink>
    </link>
    <thumbnail>https://image.tmdb.org/t/p/w1280//qWSD3OnjLSQfpchTLp1eIoA4VTQ.jpg</thumbnail>
    <fanart>https://image.tmdb.org/t/p/w1280//aO3EL1gGhUkrZqtPS6yljTaO7LJ.jpg</fanart>
</item>
<item>
    <title>The Christmas Parade</title>
    <meta>
        <imdb>tt4065324</imdb>
        <content>movie</content>
        <title>The Christmas Parade</title>
        <year>2014</year>
    </meta>
    <link>
        <sublink>search</sublink>
        <sublink>searchsd</sublink>
    </link>
    <thumbnail>https://image.tmdb.org/t/p/w1280//vlS2Jn5B22gPaMmdOH0qLS6wYsJ.jpg</thumbnail>
    <fanart>https://image.tmdb.org/t/p/w1280//nkcnhh8Ps99T7ygLmpvnyYpSFE3.jpg</fanart>
</item>
<item>
    <title>The Christmas Secret</title>
    <meta>
        <imdb>tt3626180</imdb>
        <content>movie</content>
        <title>The Christmas Secret</title>
        <year>2014</year>
    </meta>
    <link>
        <sublink>search</sublink>
        <sublink>searchsd</sublink>
    </link>
    <thumbnail>https://image.tmdb.org/t/p/w1280//fQMvwf086UD6mohV3Xc7XyEb6JV.jpg</thumbnail>
    <fanart>https://image.tmdb.org/t/p/w1280//5lrKaNDzebNGlbJB88Bvmb2NuLc.jpg</fanart>
</item>
<item>
    <title>The Christmas Shoes</title>
    <meta>
        <imdb>tt0330152</imdb>
        <content>movie</content>
        <title>The Christmas Shoes</title>
        <year>2002</year>
    </meta>
    <link>
        <sublink>search</sublink>
        <sublink>searchsd</sublink>
    </link>
    <thumbnail>https://image.tmdb.org/t/p/w1280//xfwFhPpRexlhZ0boBwebXX0E9C9.jpg</thumbnail>
    <fanart>https://image.tmdb.org/t/p/w1280//9DvkB5S9hF5AsRrsZYRcGL7k5qe.jpg</fanart>
</item>
<item>
    <title>The Christmas Snowman</title>
    <meta>
        <imdb>None</imdb>
        <content>movie</content>
        <title>The Christmas Snowman</title>
        <year>2017</year>
    </meta>
    <link>
        <sublink>search</sublink>
        <sublink>searchsd</sublink>
    </link>
    <thumbnail/>
    <fanart/>
</item>
<item>
    <title>The Christmas Swap</title>
    <meta>
        <imdb>tt6243612</imdb>
        <content>movie</content>
        <title>The Christmas Swap</title>
        <year>2016</year>
    </meta>
    <link>
        <sublink>search</sublink>
        <sublink>searchsd</sublink>
    </link>
    <thumbnail>https://image.tmdb.org/t/p/w1280//u8lnvncas5XTM7N4MXOrg1zMpqi.jpg</thumbnail>
    <fanart>https://image.tmdb.org/t/p/w1280//uOepE0TmGaoul3DqdZVhrUvBd3l.jpg</fanart>
</item>
<item>
    <title>The Christmas Train</title>
    <meta>
        <imdb>tt7370936</imdb>
        <content>movie</content>
        <title>The Christmas Train</title>
        <year>2017</year>
    </meta>
    <link>
        <sublink>search</sublink>
        <sublink>searchsd</sublink>
    </link>
    <thumbnail>https://image.tmdb.org/t/p/w1280//xWm5hdwacGqf9lx1ZdcNKwbJtCa.jpg</thumbnail>
    <fanart>https://image.tmdb.org/t/p/w1280//xmR8vv9dVpD6QgDhxJhyG1vxFlW.jpg</fanart>
</item>
<item>
    <title>Christmas at Cartwright's</title>
    <meta>
        <imdb>tt4177742</imdb>
        <content>movie</content>
        <title>Christmas at Cartwright's</title>
        <year>2014</year>
    </meta>
    <link>
        <sublink>search</sublink>
        <sublink>searchsd</sublink>
    </link>
    <thumbnail>https://image.tmdb.org/t/p/w1280//1ftpGly6428L4ZhqMolZb4KBRD8.jpg</thumbnail>
    <fanart>https://image.tmdb.org/t/p/w1280//ui1MnujD7ecnbtUQy7EIBdcGFV8.jpg</fanart>
</item>
<item>
    <title>Christmas at Holly Lodge</title>
    <meta>
        <imdb>tt7557728</imdb>
        <content>movie</content>
        <title>Christmas at Holly Lodge</title>
        <year>2017</year>
    </meta>
    <link>
        <sublink>search</sublink>
        <sublink>searchsd</sublink>
    </link>
    <thumbnail>https://image.tmdb.org/t/p/w1280//aTsC9lJooHZpt8VmTn5ksdMAlJA.jpg</thumbnail>
    <fanart>https://image.tmdb.org/t/p/w1280//8IK6ruPbJRXoIv5qHk2J4QSeokM.jpg</fanart>
</item>
<item>
    <title>Christmas in Angel Falls</title>
    <meta>
        <imdb>tt7704762</imdb>
        <content>movie</content>
        <title>Christmas in Angel Falls</title>
        <year>2017</year>
    </meta>
    <link>
        <sublink>search</sublink>
        <sublink>searchsd</sublink>
    </link>
    <thumbnail>https://image.tmdb.org/t/p/w1280//orGzQYhYpIartkWr2N8WIqW7RH7.jpg</thumbnail>
    <fanart>https://image.tmdb.org/t/p/w1280//6Ol6O6ck7oLGKpodqHGOlJeX6rz.jpg</fanart>
</item>
<item>
    <title>Christmas in Boston</title>
    <meta>
        <imdb>tt0497025</imdb>
        <content>movie</content>
        <title>Christmas in Boston</title>
        <year>2005</year>
    </meta>
    <link>
        <sublink>search</sublink>
        <sublink>searchsd</sublink>
    </link>
    <thumbnail>https://image.tmdb.org/t/p/w1280//dfITEgMnkq8NL4FoC2iZauftn0s.jpg</thumbnail>
    <fanart>https://image.tmdb.org/t/p/w1280//rcINwz1HcpMKLcYjadWJrQaSYjz.jpg</fanart>
</item>
<item>
    <title>Christmas in Connecticut</title>
    <meta>
        <imdb>tt0037595</imdb>
        <content>movie</content>
        <title>Christmas in Connecticut</title>
        <year>1945</year>
    </meta>
    <link>
        <sublink>search</sublink>
        <sublink>searchsd</sublink>
    </link>
    <thumbnail>https://image.tmdb.org/t/p/w1280//3HDX2jk89eiIUL7upuRaKEQ6a6H.jpg</thumbnail>
    <fanart>https://image.tmdb.org/t/p/w1280//ee9q4ZzmB9JheqBWR8T5DJcbGiD.jpg</fanart>
</item>
<item>
    <title>Christmas in Evergreen</title>
    <meta>
        <imdb>tt7440948</imdb>
        <content>movie</content>
        <title>Christmas in Evergreen</title>
        <year>2017</year>
    </meta>
    <link>
        <sublink>search</sublink>
        <sublink>searchsd</sublink>
    </link>
    <thumbnail>https://image.tmdb.org/t/p/w1280//gdhPThDFrSbH4ihVXfPSAbYC15M.jpg</thumbnail>
    <fanart>https://image.tmdb.org/t/p/w1280//yamxgu1yrCPVclyB3rYOiWplSph.jpg</fanart>
</item>
<item>
    <title>Christmas in Mississippi</title>
    <meta>
        <imdb>tt7621886</imdb>
        <content>movie</content>
        <title>Christmas in Mississippi</title>
        <year>2017</year>
    </meta>
    <link>
        <sublink>search</sublink>
        <sublink>searchsd</sublink>
    </link>
    <thumbnail>https://image.tmdb.org/t/p/w1280//dLa5YROUXtZzenM2myG758LAu6c.jpg</thumbnail>
    <fanart>https://image.tmdb.org/t/p/w1280//8fWFtPtadbZyzdoa2aRpa3j4AcS.jpg</fanart>
</item>
<item>
    <title>Christmas with Holly</title>
    <meta>
        <imdb>tt2355762</imdb>
        <content>movie</content>
        <title>Christmas with Holly</title>
        <year>2012</year>
    </meta>
    <link>
        <sublink>search</sublink>
        <sublink>searchsd</sublink>
    </link>
    <thumbnail>https://image.tmdb.org/t/p/w1280//gDgX6E0c79dlXKzNrBqBCGmOEYj.jpg</thumbnail>
    <fanart>https://image.tmdb.org/t/p/w1280//7lHsBGKKKDvsGYnRwaTj0Ol3EHz.jpg</fanart>
</item>
<item>
    <title>Coming Home for Christmas</title>
    <meta>
        <imdb>tt7038614</imdb>
        <content>movie</content>
        <title>Coming Home for Christmas</title>
        <year>2017</year>
    </meta>
    <link>
        <sublink>search</sublink>
        <sublink>searchsd</sublink>
    </link>
    <thumbnail>https://image.tmdb.org/t/p/w1280//rQ7w2gVakNeA0V7XBN9MHsfwvnX.jpg</thumbnail>
    <fanart>https://image.tmdb.org/t/p/w1280//ehVCEEZ4WU7FaVh6yqUbHaXjA5y.jpg</fanart>
</item>
<item>
    <title>Coming Home for Christmas</title>
    <meta>
        <imdb>tt3004720</imdb>
        <content>movie</content>
        <title>Coming Home for Christmas</title>
        <year>2013</year>
    </meta>
    <link>
        <sublink>search</sublink>
        <sublink>searchsd</sublink>
    </link>
    <thumbnail>https://image.tmdb.org/t/p/w1280//sz01rcZHcU7zEgXRi8QfxbkNVr9.jpg</thumbnail>
    <fanart/>
</item>
<item>
    <title>Correcting Christmas</title>
    <meta>
        <imdb>tt3915160</imdb>
        <content>movie</content>
        <title>Correcting Christmas</title>
        <year>2014</year>
    </meta>
    <link>
        <sublink>search</sublink>
        <sublink>searchsd</sublink>
    </link>
    <thumbnail>https://image.tmdb.org/t/p/w1280//a1B87Ts3gxVgkFl4GsuaesvXrvK.jpg</thumbnail>
    <fanart>https://image.tmdb.org/t/p/w1280//nms3appMIDH0jryznxjpSxrS5Yt.jpg</fanart>
</item>
<item>
    <title>Crown for Christmas</title>
    <meta>
        <imdb>tt5133572</imdb>
        <content>movie</content>
        <title>Crown for Christmas</title>
        <year>2015</year>
    </meta>
    <link>
        <sublink>search</sublink>
        <sublink>searchsd</sublink>
    </link>
    <thumbnail>https://image.tmdb.org/t/p/w1280//d5v34mY5G4TYQnDHfPC5r7TAWPq.jpg</thumbnail>
    <fanart>https://image.tmdb.org/t/p/w1280//gqeVOcOEiqxYOIkLe6hMzF9nH75.jpg</fanart>
</item>
<item>
    <title>Delivering Christmas</title>
    <meta>
        <imdb>tt7663890</imdb>
        <content>movie</content>
        <title>Delivering Christmas</title>
        <year>2017</year>
    </meta>
    <link>
        <sublink>search</sublink>
        <sublink>searchsd</sublink>
    </link>
    <thumbnail>https://image.tmdb.org/t/p/w1280//hJHLtvTqGFkKnyFZj2APwKyIaqZ.jpg</thumbnail>
    <fanart/>
</item>
<item>
    <title>Family for Christmas</title>
    <meta>
        <imdb>tt4766018</imdb>
        <content>movie</content>
        <title>Family for Christmas</title>
        <year>2015</year>
    </meta>
    <link>
        <sublink>search</sublink>
        <sublink>searchsd</sublink>
    </link>
    <thumbnail>https://image.tmdb.org/t/p/w1280//pYvZGohIG7CWYcXsOromueXw8li.jpg</thumbnail>
    <fanart>https://image.tmdb.org/t/p/w1280//nB1J4RDFgp8x0LXo2hQz4gIT5YR.jpg</fanart>
</item>
<item>
    <title>Finding Santa</title>
    <meta>
        <imdb>tt7385392</imdb>
        <content>movie</content>
        <title>Finding Santa</title>
        <year>2017</year>
    </meta>
    <link>
        <sublink>search</sublink>
        <sublink>searchsd</sublink>
    </link>
    <thumbnail>https://image.tmdb.org/t/p/w1280//zYtk6l5drilvmjTUTKfFhotEkl.jpg</thumbnail>
    <fanart>https://image.tmdb.org/t/p/w1280//4LteBjSVNzKVf6tJFHsZFuflTrS.jpg</fanart>
</item>
<item>
    <title>Fir Crazy</title>
    <meta>
        <imdb>tt2665200</imdb>
        <content>movie</content>
        <title>Fir Crazy</title>
        <year>2013</year>
    </meta>
    <link>
        <sublink>search</sublink>
        <sublink>searchsd</sublink>
    </link>
    <thumbnail>https://image.tmdb.org/t/p/w1280//4jJhKvf9zyZNoYMu6MEMzJAzSBf.jpg</thumbnail>
    <fanart>https://image.tmdb.org/t/p/w1280//oz1Qz9meei4QqUk9pGcv4XW0Mhf.jpg</fanart>
</item>
<item>
    <title>Help for the Holidays</title>
    <meta>
        <imdb>tt2374486</imdb>
        <content>movie</content>
        <title>Help for the Holidays</title>
        <year>2012</year>
    </meta>
    <link>
        <sublink>search</sublink>
        <sublink>searchsd</sublink>
    </link>
    <thumbnail>https://image.tmdb.org/t/p/w1280//nDBBhIcAn17VUX030Iy0OPIHVlt.jpg</thumbnail>
    <fanart>https://image.tmdb.org/t/p/w1280//rLR2Gj7r9R6ndzkt28wL15Ik6GC.jpg</fanart>
</item>
<item>
    <title>Hitched for the Holidays</title>
    <meta>
        <imdb>tt2256703</imdb>
        <content>movie</content>
        <title>Hitched for the Holidays</title>
        <year>2012</year>
    </meta>
    <link>
        <sublink>search</sublink>
        <sublink>searchsd</sublink>
    </link>
    <thumbnail>https://image.tmdb.org/t/p/w1280//oJsQYsnWWZllgUvdMgVIPe8CwoC.jpg</thumbnail>
    <fanart>https://image.tmdb.org/t/p/w1280//s8mEdRA9KDIQZP6LqerhVuWqdZk.jpg</fanart>
</item>
<item>
    <title>Holiday Joy</title>
    <meta>
        <imdb>tt5990458</imdb>
        <content>movie</content>
        <title>Holiday Joy</title>
        <year>2016</year>
    </meta>
    <link>
        <sublink>search</sublink>
        <sublink>searchsd</sublink>
    </link>
    <thumbnail>https://image.tmdb.org/t/p/w1280//2QEoDUFo1YTRkkQdBUsLKgiWuPg.jpg</thumbnail>
    <fanart>https://image.tmdb.org/t/p/w1280//4dDgHRbqibjpyALi3VmdUmvcfrk.jpg</fanart>
</item>
<item>
    <title>Holiday in Handcuffs</title>
    <meta>
        <imdb>tt0938666</imdb>
        <content>movie</content>
        <title>Holiday in Handcuffs</title>
        <year>2007</year>
    </meta>
    <link>
        <sublink>search</sublink>
        <sublink>searchsd</sublink>
    </link>
    <thumbnail>https://image.tmdb.org/t/p/w1280//qTBRvNUV2M79nxqYYrNa1BcWrqP.jpg</thumbnail>
    <fanart>https://image.tmdb.org/t/p/w1280//qsPCt6HPeAxSrekPMY7oRXjhY8o.jpg</fanart>
</item>
<item>
    <title>The House Without a Christmas Tree</title>
    <meta>
        <imdb>tt0068720</imdb>
        <content>movie</content>
        <title>The House Without a Christmas Tree</title>
        <year>1972</year>
    </meta>
    <link>
        <sublink>search</sublink>
        <sublink>searchsd</sublink>
    </link>
    <thumbnail>https://image.tmdb.org/t/p/w1280//bOrNOTkizQ5R6s7JkdkJAI9JJ53.jpg</thumbnail>
    <fanart>https://image.tmdb.org/t/p/w1280//msqNkBNotB1ZsnH2bSj3oI4pOUC.jpg</fanart>
</item>
<item>
    <title>I'm Not Ready for Christmas</title>
    <meta>
        <imdb>tt5182120</imdb>
        <content>movie</content>
        <title>I'm Not Ready for Christmas</title>
        <year>2015</year>
    </meta>
    <link>
        <sublink>search</sublink>
        <sublink>searchsd</sublink>
    </link>
    <thumbnail>https://image.tmdb.org/t/p/w1280//85AsZIOoUAAHBHg2bghCrnsuDu1.jpg</thumbnail>
    <fanart>https://image.tmdb.org/t/p/w1280//qKVImr799ffbZbH85gOdzxcN0h7.jpg</fanart>
</item>
<item>
    <title>Karen Kingsbury's Maggie's Christmas Miracle</title>
    <meta>
        <imdb>None</imdb>
        <content>movie</content>
        <title>Karen Kingsbury's Maggie's Christmas Miracle</title>
        <year>2017</year>
    </meta>
    <link>
        <sublink>search</sublink>
        <sublink>searchsd</sublink>
    </link>
    <thumbnail>https://image.tmdb.org/t/p/w1280//b2WaXfeBqpNoqd8UA8UKaWLj4aB.jpg</thumbnail>
    <fanart>https://image.tmdb.org/t/p/w1280//fe7uPszIWq1J19VeJ1mQ7v1iK68.jpg</fanart>
</item>
<item>
    <title>Miss Me This Christmas</title>
    <meta>
        <imdb>tt7281126</imdb>
        <content>movie</content>
        <title>Miss Me This Christmas</title>
        <year>2017</year>
    </meta>
    <link>
        <sublink>search</sublink>
        <sublink>searchsd</sublink>
    </link>
    <thumbnail>https://image.tmdb.org/t/p/w1280//8uamWN2l2qkqsI9W5D7fvamQvdm.jpg</thumbnail>
    <fanart>https://image.tmdb.org/t/p/w1280//t4Q2z4gzE9Z6P4KbdfCMkmp9Xpm.jpg</fanart>
</item>
<item>
    <title>The Mistletoe Promise</title>
    <meta>
        <imdb>tt5921218</imdb>
        <content>movie</content>
        <title>The Mistletoe Promise</title>
        <year>2016</year>
    </meta>
    <link>
        <sublink>search</sublink>
        <sublink>searchsd</sublink>
    </link>
    <thumbnail>https://image.tmdb.org/t/p/w1280//gkK9i8xq4Ba4K0CFalKdez7rftq.jpg</thumbnail>
    <fanart>https://image.tmdb.org/t/p/w1280//bg0j29PoBKDDKFaqWFSqy0olMKB.jpg</fanart>
</item>
<item>
    <title>Moonlight & Mistletoe</title>
    <meta>
        <imdb>tt1264895</imdb>
        <content>movie</content>
        <title>Moonlight & Mistletoe</title>
        <year>2008</year>
    </meta>
    <link>
        <sublink>search</sublink>
        <sublink>searchsd</sublink>
    </link>
    <thumbnail>https://image.tmdb.org/t/p/w1280//6treHQuk5B1WznupDuTRyjDejUa.jpg</thumbnail>
    <fanart>https://image.tmdb.org/t/p/w1280//5eSwqWLpqtyAo3RXMk5ricgytzv.jpg</fanart>
</item>
<item>
    <title>The Most Wonderful Time of the Year</title>
    <meta>
        <imdb>tt1327788</imdb>
        <content>movie</content>
        <title>The Most Wonderful Time of the Year</title>
        <year>2008</year>
    </meta>
    <link>
        <sublink>search</sublink>
        <sublink>searchsd</sublink>
    </link>
    <thumbnail>https://image.tmdb.org/t/p/w1280//qhn3QemSCkU0Yi7XtCxPi0vOgsf.jpg</thumbnail>
    <fanart>https://image.tmdb.org/t/p/w1280//hlLJRkO5LyRUkDJLSlTDxdLrSMJ.jpg</fanart>
</item>
<item>
    <title>Mrs. Miracle</title>
    <meta>
        <imdb>tt1431115</imdb>
        <content>movie</content>
        <title>Mrs. Miracle</title>
        <year>2009</year>
    </meta>
    <link>
        <sublink>search</sublink>
        <sublink>searchsd</sublink>
    </link>
    <thumbnail>https://image.tmdb.org/t/p/w1280//dO7SXa512dQizAE0nYz0pUFgO9.jpg</thumbnail>
    <fanart>https://image.tmdb.org/t/p/w1280//tFDQJ3OVJIpwQRLBMd1IGVwwbr8.jpg</fanart>
</item>
<item>
    <title>Naughty or Nice</title>
    <meta>
        <imdb>tt2417134</imdb>
        <content>movie</content>
        <title>Naughty or Nice</title>
        <year>2012</year>
    </meta>
    <link>
        <sublink>search</sublink>
        <sublink>searchsd</sublink>
    </link>
    <thumbnail>https://image.tmdb.org/t/p/w1280//waXpBrjzW3Ik8mQd3CwJYCnexZt.jpg</thumbnail>
    <fanart>https://image.tmdb.org/t/p/w1280//wvwG50Y3WGtTliOTqFRUKtDOxdr.jpg</fanart>
</item>
<item>
    <title>The Night Before the Night Before Christmas</title>
    <meta>
        <imdb>tt1567140</imdb>
        <content>movie</content>
        <title>The Night Before the Night Before Christmas</title>
        <year>2010</year>
    </meta>
    <link>
        <sublink>search</sublink>
        <sublink>searchsd</sublink>
    </link>
    <thumbnail>https://image.tmdb.org/t/p/w1280//c95IMuSFAS70qFVqDUBm0tExjhZ.jpg</thumbnail>
    <fanart>https://image.tmdb.org/t/p/w1280//7q2O0PGWyrLwIsxbJZEBYeleUcq.jpg</fanart>
</item>
<item>
    <title>The Nine Lives of Christmas</title>
    <meta>
        <imdb>tt3889642</imdb>
        <content>movie</content>
        <title>The Nine Lives of Christmas</title>
        <year>2014</year>
    </meta>
    <link>
        <sublink>search</sublink>
        <sublink>searchsd</sublink>
    </link>
    <thumbnail>https://image.tmdb.org/t/p/w1280//iQ7r0QhZlQZ8hKhR8xE8paYArbz.jpg</thumbnail>
    <fanart>https://image.tmdb.org/t/p/w1280//hrwkZ2uxFI3WpARZ8j50cdOOy28.jpg</fanart>
</item>
<item>
    <title>November Christmas</title>
    <meta>
        <imdb>tt1708658</imdb>
        <content>movie</content>
        <title>November Christmas</title>
        <year>2010</year>
    </meta>
    <link>
        <sublink>search</sublink>
        <sublink>searchsd</sublink>
    </link>
    <thumbnail>https://image.tmdb.org/t/p/w1280//n9SvHtY454LBdYjdplEjQhqnan7.jpg</thumbnail>
    <fanart/>
</item>
<item>
    <title>Once Upon A Holiday</title>
    <meta>
        <imdb>tt5033114</imdb>
        <content>movie</content>
        <title>Once Upon A Holiday</title>
        <year>2015</year>
    </meta>
    <link>
        <sublink>search</sublink>
        <sublink>searchsd</sublink>
    </link>
    <thumbnail>https://image.tmdb.org/t/p/w1280//mBiLHwCMUCmPfhhkTP87Ht65Qy1.jpg</thumbnail>
    <fanart>https://image.tmdb.org/t/p/w1280//h6XYophW7prq47Q4IrvL0eus5Bu.jpg</fanart>
</item>
<item>
    <title>One Christmas Eve</title>
    <meta>
        <imdb>tt3725224</imdb>
        <content>movie</content>
        <title>One Christmas Eve</title>
        <year>2014</year>
    </meta>
    <link>
        <sublink>search</sublink>
        <sublink>searchsd</sublink>
    </link>
    <thumbnail>https://image.tmdb.org/t/p/w1280//pF5aRtb61wvUk0AWKhwuDAGMO71.jpg</thumbnail>
    <fanart>https://image.tmdb.org/t/p/w1280//8LhfMEPquT4AExQlYwG3rjdQHgN.jpg</fanart>
</item>
<item>
    <title>Pete's Christmas</title>
    <meta>
        <imdb>tt3004544</imdb>
        <content>movie</content>
        <title>Pete's Christmas</title>
        <year>2013</year>
    </meta>
    <link>
        <sublink>search</sublink>
        <sublink>searchsd</sublink>
    </link>
    <thumbnail>https://image.tmdb.org/t/p/w1280//vD4g1k1r35nK52tQpiMGXWcG4Wu.jpg</thumbnail>
    <fanart>https://image.tmdb.org/t/p/w1280//nREYKUnJ8VfKMW8wP9huyeQ4l5K.jpg</fanart>
</item>
<item>
    <title>Rocky Mountain Christmas</title>
    <meta>
        <imdb>tt7643644</imdb>
        <content>movie</content>
        <title>Rocky Mountain Christmas</title>
        <year>2017</year>
    </meta>
    <link>
        <sublink>search</sublink>
        <sublink>searchsd</sublink>
    </link>
    <thumbnail>https://image.tmdb.org/t/p/w1280//yzSbIht5LZU80r7qwIYedD9xJdy.jpg</thumbnail>
    <fanart>https://image.tmdb.org/t/p/w1280//6Pp1cp3joivkYJ2o7A1nJzj7YPk.jpg</fanart>
</item>
<item>
    <title>Romance at Reindeer Lodge</title>
    <meta>
        <imdb>tt7546978</imdb>
        <content>movie</content>
        <title>Romance at Reindeer Lodge</title>
        <year>2017</year>
    </meta>
    <link>
        <sublink>search</sublink>
        <sublink>searchsd</sublink>
    </link>
    <thumbnail>https://image.tmdb.org/t/p/w1280//hxgbjoSqcDxqZg6S0EKyMQEsZ09.jpg</thumbnail>
    <fanart>https://image.tmdb.org/t/p/w1280//ljAlPIYFsuMBe0t9wzQlLNZrMUJ.jpg</fanart>
</item>
<item>
    <title>Runaway Christmas Bride</title>
    <meta>
        <imdb>tt7404820</imdb>
        <content>movie</content>
        <title>Runaway Christmas Bride</title>
        <year>2017</year>
    </meta>
    <link>
        <sublink>search</sublink>
        <sublink>searchsd</sublink>
    </link>
    <thumbnail>https://image.tmdb.org/t/p/w1280//oo7bTMjsBren7FAECwyfe5oJZhR.jpg</thumbnail>
    <fanart/>
</item>
<item>
    <title>The Santa Suit</title>
    <meta>
        <imdb>tt1714827</imdb>
        <content>movie</content>
        <title>The Santa Suit</title>
        <year>2010</year>
    </meta>
    <link>
        <sublink>search</sublink>
        <sublink>searchsd</sublink>
    </link>
    <thumbnail>https://image.tmdb.org/t/p/w1280//fUFgGM4Ssfp4Nqb2Rn38xu5GG08.jpg</thumbnail>
    <fanart>https://image.tmdb.org/t/p/w1280//kluAPIpzkRc4D0wSMs7q4WBfEvr.jpg</fanart>
</item>
<item>
    <title>Second Chance Christmas</title>
    <meta>
        <imdb>tt6615240</imdb>
        <content>movie</content>
        <title>Second Chance Christmas</title>
        <year>2017</year>
    </meta>
    <link>
        <sublink>search</sublink>
        <sublink>searchsd</sublink>
    </link>
    <thumbnail>https://image.tmdb.org/t/p/w1280//sVXf5QyGWLOxCt3jjxEFIQLYgUw.jpg</thumbnail>
    <fanart/>
</item>
<item>
    <title>Sharing Christmas</title>
    <meta>
        <imdb>tt7697712</imdb>
        <content>movie</content>
        <title>Sharing Christmas</title>
        <year>2017</year>
    </meta>
    <link>
        <sublink>search</sublink>
        <sublink>searchsd</sublink>
    </link>
    <thumbnail>https://image.tmdb.org/t/p/w1280//vh5NsBK6ayaSnj3ZkVmufXosJhC.jpg</thumbnail>
    <fanart>https://image.tmdb.org/t/p/w1280//m4rVdK6GCawo2dv0jhZS4WqGIIj.jpg</fanart>
</item>
<item>
    <title>Silent Night</title>
    <meta>
        <imdb>tt0338434</imdb>
        <content>movie</content>
        <title>Silent Night</title>
        <year>2002</year>
    </meta>
    <link>
        <sublink>search</sublink>
        <sublink>searchsd</sublink>
    </link>
    <thumbnail>https://image.tmdb.org/t/p/w1280//tJWMKrZkRb27UyCCUTMFWpGc7HC.jpg</thumbnail>
    <fanart>https://image.tmdb.org/t/p/w1280//a6HJgaf4ZrG9lRfwee9xhEXX3S7.jpg</fanart>
</item>
<item>
    <title>Snow Bride</title>
    <meta>
        <imdb>tt3214240</imdb>
        <content>movie</content>
        <title>Snow Bride</title>
        <year>2013</year>
    </meta>
    <link>
        <sublink>search</sublink>
        <sublink>searchsd</sublink>
    </link>
    <thumbnail>https://image.tmdb.org/t/p/w1280//znTNTUk0n9dJKBS4Y8MOp6RMkyv.jpg</thumbnail>
    <fanart>https://image.tmdb.org/t/p/w1280//1cD0mBha4j56z8G87nx2V6vaS7R.jpg</fanart>
</item>
<item>
    <title>Snowed-Inn Christmas</title>
    <meta>
        <imdb>tt7421814</imdb>
        <content>movie</content>
        <title>Snowed-Inn Christmas</title>
        <year>2017</year>
    </meta>
    <link>
        <sublink>search</sublink>
        <sublink>searchsd</sublink>
    </link>
    <thumbnail>https://image.tmdb.org/t/p/w1280//A7dPd7lI0JJXQJR7gBBoYqNvikY.jpg</thumbnail>
    <fanart>https://image.tmdb.org/t/p/w1280//zT9WwHUHBEr0Kj4T4MPyHSn0ZhL.jpg</fanart>
</item>
<item>
    <title>Snowglobe</title>
    <meta>
        <imdb>tt1068284</imdb>
        <content>movie</content>
        <title>Snowglobe</title>
        <year>2007</year>
    </meta>
    <link>
        <sublink>search</sublink>
        <sublink>searchsd</sublink>
    </link>
    <thumbnail>https://image.tmdb.org/t/p/w1280//3n2rbzbFiEp8GptXjh6uE5SRAGG.jpg</thumbnail>
    <fanart>https://image.tmdb.org/t/p/w1280//vRq0uK7H2vXDZ3N9vcbwXow8h2u.jpg</fanart>
</item>
<item>
    <title>Snowmance</title>
    <meta>
        <imdb>tt7657428</imdb>
        <content>movie</content>
        <title>Snowmance</title>
        <year>2017</year>
    </meta>
    <link>
        <sublink>search</sublink>
        <sublink>searchsd</sublink>
    </link>
    <thumbnail>https://image.tmdb.org/t/p/w1280//sXPTx7lelMZMdvRy7EbjaPq9BXX.jpg</thumbnail>
    <fanart/>
</item>
<item>
    <title>The Spruces and the Pines</title>
    <meta>
        <imdb>tt6764496</imdb>
        <content>movie</content>
        <title>The Spruces and the Pines</title>
        <year>2017</year>
    </meta>
    <link>
        <sublink>search</sublink>
        <sublink>searchsd</sublink>
    </link>
    <thumbnail>https://image.tmdb.org/t/p/w1280//5R2OzGh59q8qn5mjgYwn2NnTKLh.jpg</thumbnail>
    <fanart>https://image.tmdb.org/t/p/w1280//fjqYTbfajZADLexZbTmgftAvMIQ.jpg</fanart>
</item>
<item>
    <title>The Sweetest Christmas</title>
    <meta>
        <imdb>tt7030432</imdb>
        <content>movie</content>
        <title>The Sweetest Christmas</title>
        <year>2017</year>
    </meta>
    <link>
        <sublink>search</sublink>
        <sublink>searchsd</sublink>
    </link>
    <thumbnail>https://image.tmdb.org/t/p/w1280//yzaLHT3WxQelA66MSkUlGw9DlmK.jpg</thumbnail>
    <fanart>https://image.tmdb.org/t/p/w1280//jst6BqZcY2TZvZcwEeTr4o7WFtp.jpg</fanart>
</item>
<item>
    <title>Switched for Christmas</title>
    <meta>
        <imdb>tt7038606</imdb>
        <content>movie</content>
        <title>Switched for Christmas</title>
        <year>2017</year>
    </meta>
    <link>
        <sublink>search</sublink>
        <sublink>searchsd</sublink>
    </link>
    <thumbnail>https://image.tmdb.org/t/p/w1280//6JmqxhyqvX3CleSEXPYk7jPnmOP.jpg</thumbnail>
    <fanart>https://image.tmdb.org/t/p/w1280//9NHjNLV4hpGPV18NMbwvcwAVYxR.jpg</fanart>
</item>
<item>
    <title>Tiny Christmas</title>
    <meta>
        <imdb>tt6727816</imdb>
        <content>movie</content>
        <title>Tiny Christmas</title>
        <year>2017</year>
    </meta>
    <link>
        <sublink>search</sublink>
        <sublink>searchsd</sublink>
    </link>
    <thumbnail>https://image.tmdb.org/t/p/w1280//2qLEJ0ek2KENDYJq9Nv8MJMxM5w.jpg</thumbnail>
    <fanart>https://image.tmdb.org/t/p/w1280//zLIzxlq6DQdirdSRCRaQnFMrux2.jpg</fanart>
</item>
<item>
    <title>Trading Christmas</title>
    <meta>
        <imdb>tt2008491</imdb>
        <content>movie</content>
        <title>Trading Christmas</title>
        <year>2011</year>
    </meta>
    <link>
        <sublink>search</sublink>
        <sublink>searchsd</sublink>
    </link>
    <thumbnail>https://image.tmdb.org/t/p/w1280//wevvPANhIVVy4WNZyKmeuurfA4w.jpg</thumbnail>
    <fanart>https://image.tmdb.org/t/p/w1280//xPFFHopEXRVShuzIWR9EsgZh4Fi.jpg</fanart>
</item>
<item>
    <title>The Ugly Christmas Sweater</title>
    <meta>
        <imdb>tt7661684</imdb>
        <content>movie</content>
        <title>The Ugly Christmas Sweater</title>
        <year>2017</year>
    </meta>
    <link>
        <sublink>search</sublink>
        <sublink>searchsd</sublink>
    </link>
    <thumbnail>https://image.tmdb.org/t/p/w1280//1ejZVFSw80VO9FQNoKzKLZyAYfN.jpg</thumbnail>
    <fanart/>
</item>
<item>
    <title>The Ultimate Christmas Present</title>
    <meta>
        <imdb>tt0256466</imdb>
        <content>movie</content>
        <title>The Ultimate Christmas Present</title>
        <year>2000</year>
    </meta>
    <link>
        <sublink>search</sublink>
        <sublink>searchsd</sublink>
    </link>
    <thumbnail>https://image.tmdb.org/t/p/w1280//4bonUj2piN0uEn2m3C8qBDRyyyP.jpg</thumbnail>
    <fanart>https://image.tmdb.org/t/p/w1280//n8zvFCOtFcGsNLpbVSxDCEXaZeI.jpg</fanart>
</item>
<item>
    <title>Wedding Wonderland</title>
    <meta>
        <imdb>tt6364638</imdb>
        <content>movie</content>
        <title>Wedding Wonderland</title>
        <year>2017</year>
    </meta>
    <link>
        <sublink>search</sublink>
        <sublink>searchsd</sublink>
    </link>
    <thumbnail>https://image.tmdb.org/t/p/w1280//91nVggXSyqEOK0u3rPKX5qQ5G7O.jpg</thumbnail>
    <fanart/>
</item>
<item>
    <title>Window Wonderland</title>
    <meta>
        <imdb>tt2994382</imdb>
        <content>movie</content>
        <title>Window Wonderland</title>
        <year>2013</year>
    </meta>
    <link>
        <sublink>search</sublink>
        <sublink>searchsd</sublink>
    </link>
    <thumbnail>https://image.tmdb.org/t/p/w1280//1iMUDVPmFMIbxjoRMlhjrkzwFoV.jpg</thumbnail>
    <fanart>https://image.tmdb.org/t/p/w1280//rqIA0lSwYP7CpcpcSMxjgMz9kDl.jpg</fanart>
</item>
<item>
    <title>With Love, Christmas</title>
    <meta>
        <imdb>tt7647000</imdb>
        <content>movie</content>
        <title>With Love, Christmas</title>
        <year>2017</year>
    </meta>
    <link>
        <sublink>search</sublink>
        <sublink>searchsd</sublink>
    </link>
    <thumbnail>https://image.tmdb.org/t/p/w1280//6Igebe2Qrc597pKlH2bavBi0NtE.jpg</thumbnail>
    <fanart>https://image.tmdb.org/t/p/w1280//q2KRyArJ3Kc3jtiYcwYXWE7x97t.jpg</fanart>
</item>
<item>
    <title>Wrapped Up In Christmas</title>
    <meta>
        <imdb>tt7605066</imdb>
        <content>movie</content>
        <title>Wrapped Up In Christmas</title>
        <year>2017</year>
    </meta>
    <link>
        <sublink>search</sublink>
        <sublink>searchsd</sublink>
    </link>
    <thumbnail>https://image.tmdb.org/t/p/w1280//fLSMmSPaQ5f48pVRnvtrYoLm1Vm.jpg</thumbnail>
    <fanart>https://image.tmdb.org/t/p/w1280//kXHWoe2XH38Bg7jh1wxfTnKOUeS.jpg</fanart>
</item>
