<item>
    <title>1776</title>
    <meta>
        <imdb>tt0068156</imdb>
        <content>movie</content>
        <title>1776</title>
        <year>1972</year>
    </meta>
    <link>
        <sublink>search</sublink>
        <sublink>searchsd</sublink>
    </link>
    <thumbnail>https://image.tmdb.org/t/p/w1280//dGFA3rjttzEkgHnRS6PjPjlunnU.jpg</thumbnail>
    <fanart>https://image.tmdb.org/t/p/w1280//9dkCWLsDEvyvFZdFRGEnpGEoiai.jpg</fanart>
</item>
<item>
    <title>American Graffiti</title>
    <meta>
        <imdb>tt0069704</imdb>
        <content>movie</content>
        <title>American Graffiti</title>
        <year>1973</year>
    </meta>
    <link>
        <sublink>search</sublink>
        <sublink>searchsd</sublink>
    </link>
    <thumbnail>https://image.tmdb.org/t/p/w1280//xq8MFYQ6MLZ65mFpweqV6mCs39k.jpg</thumbnail>
    <fanart>https://image.tmdb.org/t/p/w1280//u2fwkirPOiYzmYgtGbInPQtpQo0.jpg</fanart>
</item>
<item>
    <title>Apollo 13</title>
    <meta>
        <imdb>tt0112384</imdb>
        <content>movie</content>
        <title>Apollo 13</title>
        <year>1995</year>
    </meta>
    <link>
        <sublink>search</sublink>
        <sublink>searchsd</sublink>
    </link>
    <thumbnail>https://image.tmdb.org/t/p/w1280//6JQ9z3V9x4vlU2GSZx2yNO0PvuX.jpg</thumbnail>
    <fanart>https://image.tmdb.org/t/p/w1280//dx7htIWzPs50HEWP0lyvjfyfKyt.jpg</fanart>
</item>
<item>
    <title>Armageddon</title>
    <meta>
        <imdb>tt0120591</imdb>
        <content>movie</content>
        <title>Armageddon</title>
        <year>1998</year>
    </meta>
    <link>
        <sublink>search</sublink>
        <sublink>searchsd</sublink>
    </link>
    <thumbnail>https://image.tmdb.org/t/p/w1280//coINnuCzcw5FMHBty8hcudMOBnO.jpg</thumbnail>
    <fanart>https://image.tmdb.org/t/p/w1280//lI3qV4kiSg0BvE6gelzV0tPAoFK.jpg</fanart>
</item>
<item>
    <title>The Big Lebowski</title>
    <meta>
        <imdb>tt0118715</imdb>
        <content>movie</content>
        <title>The Big Lebowski</title>
        <year>1998</year>
    </meta>
    <link>
        <sublink>search</sublink>
        <sublink>searchsd</sublink>
    </link>
    <thumbnail>https://image.tmdb.org/t/p/w1280//qiE3ovg9TPylHReZjizQ40LsKZV.jpg</thumbnail>
    <fanart>https://image.tmdb.org/t/p/w1280//uY93JtLsAXLnd38b19dIVRv5L1X.jpg</fanart>
</item>
<item>
    <title>Born on the Fourth of July</title>
    <meta>
        <imdb>tt0096969</imdb>
        <content>movie</content>
        <title>Born on the Fourth of July</title>
        <year>1989</year>
    </meta>
    <link>
        <sublink>search</sublink>
        <sublink>searchsd</sublink>
    </link>
    <thumbnail>https://image.tmdb.org/t/p/w1280//iAUSzQNpxf9fX1EvhNbeguo6aVA.jpg</thumbnail>
    <fanart>https://image.tmdb.org/t/p/w1280//t9MrNY0xM9U5JSe5vHN9z08UYty.jpg</fanart>
</item>
<item>
    <title>Captain America: Civil War</title>
    <meta>
        <imdb>tt3498820</imdb>
        <content>movie</content>
        <title>Captain America: Civil War</title>
        <year>2016</year>
    </meta>
    <link>
        <sublink>search</sublink>
        <sublink>searchsd</sublink>
    </link>
    <thumbnail>https://image.tmdb.org/t/p/w1280//kSBXou5Ac7vEqKd97wotJumyJvU.jpg</thumbnail>
    <fanart>https://image.tmdb.org/t/p/w1280//m5O3SZvQ6EgD5XXXLPIP1wLppeW.jpg</fanart>
</item>
<item>
    <title>Captain America: The First Avenger</title>
    <meta>
        <imdb>tt0458339</imdb>
        <content>movie</content>
        <title>Captain America: The First Avenger</title>
        <year>2011</year>
    </meta>
    <link>
        <sublink>search</sublink>
        <sublink>searchsd</sublink>
    </link>
    <thumbnail>https://image.tmdb.org/t/p/w1280//vSNxAJTlD0r02V9sPYpOjqDZXUK.jpg</thumbnail>
    <fanart>https://image.tmdb.org/t/p/w1280//pmZtj1FKvQqISS6iQbkiLg5TAsr.jpg</fanart>
</item>
<item>
    <title>Captain America: The Winter Soldier</title>
    <meta>
        <imdb>tt1843866</imdb>
        <content>movie</content>
        <title>Captain America: The Winter Soldier</title>
        <year>2014</year>
    </meta>
    <link>
        <sublink>search</sublink>
        <sublink>searchsd</sublink>
    </link>
    <thumbnail>https://image.tmdb.org/t/p/w1280//5TQ6YDmymBpnF005OyoB7ohZps9.jpg</thumbnail>
    <fanart>https://image.tmdb.org/t/p/w1280//4qfXT9BtxeFuamR4F49m2mpKQI1.jpg</fanart>
</item>
<item>
    <title>The Finest Hours</title>
    <meta>
        <imdb>tt2025690</imdb>
        <content>movie</content>
        <title>The Finest Hours</title>
        <year>2016</year>
    </meta>
    <link>
        <sublink>search</sublink>
        <sublink>searchsd</sublink>
    </link>
    <thumbnail>https://image.tmdb.org/t/p/w1280//5vfRMplGxOzMiJu0FGFCA1ic44Q.jpg</thumbnail>
    <fanart>https://image.tmdb.org/t/p/w1280//a6VvlnIRTJTPUnyf1tIV9kEJO27.jpg</fanart>
</item>
<item>
    <title>Glory</title>
    <meta>
        <imdb>tt0097441</imdb>
        <content>movie</content>
        <title>Glory</title>
        <year>1989</year>
    </meta>
    <link>
        <sublink>search</sublink>
        <sublink>searchsd</sublink>
    </link>
    <thumbnail>https://image.tmdb.org/t/p/w1280//6pDBbYmR9iqg3IF8lgyY9pWFiqT.jpg</thumbnail>
    <fanart>https://image.tmdb.org/t/p/w1280//sqnYSuxXa0noQmz0VC6kNIBYIyj.jpg</fanart>
</item>
<item>
    <title>Grown Ups</title>
    <meta>
        <imdb>tt1375670</imdb>
        <content>movie</content>
        <title>Grown Ups</title>
        <year>2010</year>
    </meta>
    <link>
        <sublink>search</sublink>
        <sublink>searchsd</sublink>
    </link>
    <thumbnail>https://image.tmdb.org/t/p/w1280//t6Yj2UlqsrHHK6kJO1FWepR6mEd.jpg</thumbnail>
    <fanart>https://image.tmdb.org/t/p/w1280//q4s8RTQFyLrEn2S8akWGMmc8mYX.jpg</fanart>
</item>
<item>
    <title>I Know What You Did Last Summer</title>
    <meta>
        <imdb>tt0119345</imdb>
        <content>movie</content>
        <title>I Know What You Did Last Summer</title>
        <year>1997</year>
    </meta>
    <link>
        <sublink>search</sublink>
        <sublink>searchsd</sublink>
    </link>
    <thumbnail>https://image.tmdb.org/t/p/w1280//cruOfvjIqMTbOQxld8SpM8OzVnf.jpg</thumbnail>
    <fanart>https://image.tmdb.org/t/p/w1280//3s1jogOznYmG0xPqHE45D5ir3bx.jpg</fanart>
</item>
<item>
    <title>I Still Know What You Did Last Summer</title>
    <meta>
        <imdb>tt0130018</imdb>
        <content>movie</content>
        <title>I Still Know What You Did Last Summer</title>
        <year>1998</year>
    </meta>
    <link>
        <sublink>search</sublink>
        <sublink>searchsd</sublink>
    </link>
    <thumbnail>https://image.tmdb.org/t/p/w1280//j4s1TK90tZWZj7lQ84UDJXHI9Kh.jpg</thumbnail>
    <fanart>https://image.tmdb.org/t/p/w1280//iaFSFtxX02lXsT2zQHiykNSj7YP.jpg</fanart>
</item>
<item>
    <title>Independence Day</title>
    <meta>
        <imdb>tt0116629</imdb>
        <content>movie</content>
        <title>Independence Day</title>
        <year>1996</year>
    </meta>
    <link>
        <sublink>search</sublink>
        <sublink>searchsd</sublink>
    </link>
    <thumbnail>https://image.tmdb.org/t/p/w1280//bqLlWZJdhrS0knfEJRkquW7L8z2.jpg</thumbnail>
    <fanart>https://image.tmdb.org/t/p/w1280//ewMSszqEvI3G1U21SfYbOeoKdxS.jpg</fanart>
</item>
<item>
    <title>Iron Man</title>
    <meta>
        <imdb>tt0371746</imdb>
        <content>movie</content>
        <title>Iron Man</title>
        <year>2008</year>
    </meta>
    <link>
        <sublink>search</sublink>
        <sublink>searchsd</sublink>
    </link>
    <thumbnail>https://image.tmdb.org/t/p/w1280//848chlIWVT41VtAAgyh9bWymAYb.jpg</thumbnail>
    <fanart>https://image.tmdb.org/t/p/w1280//ZQixhAZx6fH1VNafFXsqa1B8QI.jpg</fanart>
</item>
<item>
    <title>Iron Man 2</title>
    <meta>
        <imdb>tt1228705</imdb>
        <content>movie</content>
        <title>Iron Man 2</title>
        <year>2010</year>
    </meta>
    <link>
        <sublink>search</sublink>
        <sublink>searchsd</sublink>
    </link>
    <thumbnail>https://image.tmdb.org/t/p/w1280//ArqpkNYGfcTIA6umWt6xihfIZZv.jpg</thumbnail>
    <fanart>https://image.tmdb.org/t/p/w1280//jxdSxqAFrdioKgXwgTs5Qfbazjq.jpg</fanart>
</item>
<item>
    <title>Iron Man 3</title>
    <meta>
        <imdb>tt1300854</imdb>
        <content>movie</content>
        <title>Iron Man 3</title>
        <year>2013</year>
    </meta>
    <link>
        <sublink>search</sublink>
        <sublink>searchsd</sublink>
    </link>
    <thumbnail>https://image.tmdb.org/t/p/w1280//1Ilv6ryHUv6rt9zIsbSEJUmmbEi.jpg</thumbnail>
    <fanart>https://image.tmdb.org/t/p/w1280//n9X2DKItL3V0yq1q1jrk8z5UAki.jpg</fanart>
</item>
<item>
    <title>Jaws</title>
    <meta>
        <imdb>tt0073195</imdb>
        <content>movie</content>
        <title>Jaws</title>
        <year>1975</year>
    </meta>
    <link>
        <sublink>search</sublink>
        <sublink>searchsd</sublink>
    </link>
    <thumbnail>https://image.tmdb.org/t/p/w1280//l1yltvzILaZcx2jYvc5sEMkM7Eh.jpg</thumbnail>
    <fanart>https://image.tmdb.org/t/p/w1280//slkPgAt1IQgxZXNrazEcOzhAK8f.jpg</fanart>
</item>
<dir>
    <title>John Adams</title>
    <meta>
        <imdb>tt0472027</imdb>
        <content>tvshow</content>
        <tvshowtitle>John Adams</tvshowtitle>
        <year>2008</year>
    </meta>
    <link>tmdb_tv_show(15114, 2008, John Adams)</link>
    <thumbnail>https://image.tmdb.org/t/p/w1280//kHwVI4tSqVhVOcvtZgdmuRi9A3g.jpg</thumbnail>
    <fanart>https://image.tmdb.org/t/p/w1280//4hRzhkUKj8nxQbVhpdljmW8RKA.jpg</fanart>
</dir>
<item>
    <title>Johnny Tremain</title>
    <meta>
        <imdb>tt0050567</imdb>
        <content>movie</content>
        <title>Johnny Tremain</title>
        <year>1957</year>
    </meta>
    <link>
        <sublink>search</sublink>
        <sublink>searchsd</sublink>
    </link>
    <thumbnail>https://image.tmdb.org/t/p/w1280//fX6lTE9CaUD7xzSa0vfeF5tDtom.jpg</thumbnail>
    <fanart>https://image.tmdb.org/t/p/w1280//di9F0NPCDkU7aNuMWhh8p4OLpTN.jpg</fanart>
</item>
<item>
    <title>Lincoln</title>
    <meta>
        <imdb>tt0443272</imdb>
        <content>movie</content>
        <title>Lincoln</title>
        <year>2012</year>
    </meta>
    <link>
        <sublink>search</sublink>
        <sublink>searchsd</sublink>
    </link>
    <thumbnail>https://image.tmdb.org/t/p/w1280//gkkiDu9srCCbCMxGKwNwKCxK7KF.jpg</thumbnail>
    <fanart>https://image.tmdb.org/t/p/w1280//9vZzjmaXIYotKGnCfQyWBD7PAIO.jpg</fanart>
</item>
<item>
    <title>Live Free or Die Hard</title>
    <meta>
        <imdb>tt0337978</imdb>
        <content>movie</content>
        <title>Live Free or Die Hard</title>
        <year>2007</year>
    </meta>
    <link>
        <sublink>search</sublink>
        <sublink>searchsd</sublink>
    </link>
    <thumbnail>https://image.tmdb.org/t/p/w1280//pHWgbaXiQD2nmex7u8Xv6XmhaZS.jpg</thumbnail>
    <fanart>https://image.tmdb.org/t/p/w1280//74J904knbahSF7csIEfmRtmdi0t.jpg</fanart>
</item>
<item>
    <title>The Longest Day</title>
    <meta>
        <imdb>tt0056197</imdb>
        <content>movie</content>
        <title>The Longest Day</title>
        <year>1962</year>
    </meta>
    <link>
        <sublink>search</sublink>
        <sublink>searchsd</sublink>
    </link>
    <thumbnail>https://image.tmdb.org/t/p/w1280//oiZn5znggo1G5CbXUNyF3UK8zqj.jpg</thumbnail>
    <fanart>https://image.tmdb.org/t/p/w1280//s5rP9nQ6fqvhkrpBEe4JrSRMmOf.jpg</fanart>
</item>
<item>
    <title>Love and Honor</title>
    <meta>
        <imdb>tt1976989</imdb>
        <content>movie</content>
        <title>Love and Honor</title>
        <year>2013</year>
    </meta>
    <link>
        <sublink>search</sublink>
        <sublink>searchsd</sublink>
    </link>
    <thumbnail>https://image.tmdb.org/t/p/w1280//e5R69Z5FviS3Ngp23IExu9G3rTW.jpg</thumbnail>
    <fanart>https://image.tmdb.org/t/p/w1280//9KixRGJrkgVMC7EERMyqvlwNnt4.jpg</fanart>
</item>
<item>
    <title>Moonrise Kingdom</title>
    <meta>
        <imdb>tt1748122</imdb>
        <content>movie</content>
        <title>Moonrise Kingdom</title>
        <year>2012</year>
    </meta>
    <link>
        <sublink>search</sublink>
        <sublink>searchsd</sublink>
    </link>
    <thumbnail>https://image.tmdb.org/t/p/w1280//ysTohGF7NY9Z6MYz9vLNYiyzh0r.jpg</thumbnail>
    <fanart>https://image.tmdb.org/t/p/w1280//1mKI5UfeCetrB3HZbYt6VTn7K9m.jpg</fanart>
</item>
<item>
    <title>Mr. Smith Goes to Washington</title>
    <meta>
        <imdb>tt0031679</imdb>
        <content>movie</content>
        <title>Mr. Smith Goes to Washington</title>
        <year>1939</year>
    </meta>
    <link>
        <sublink>search</sublink>
        <sublink>searchsd</sublink>
    </link>
    <thumbnail>https://image.tmdb.org/t/p/w1280//5Z7WhbH9yinIcvEDtUUbbMUQHRY.jpg</thumbnail>
    <fanart>https://image.tmdb.org/t/p/w1280//dwy7iMMePSfSNXvahTQPmygot1g.jpg</fanart>
</item>
<item>
    <title>My All American</title>
    <meta>
        <imdb>tt3719896</imdb>
        <content>movie</content>
        <title>My All American</title>
        <year>2015</year>
    </meta>
    <link>
        <sublink>search</sublink>
        <sublink>searchsd</sublink>
    </link>
    <thumbnail>https://image.tmdb.org/t/p/w1280//vGzTvGPIxgL2g4d7vt2NOVfeyor.jpg</thumbnail>
    <fanart>https://image.tmdb.org/t/p/w1280//aab59dodE6hey3TQ1clEwTHOIzI.jpg</fanart>
</item>
<item>
    <title>My Girl</title>
    <meta>
        <imdb>tt0102492</imdb>
        <content>movie</content>
        <title>My Girl</title>
        <year>1991</year>
    </meta>
    <link>
        <sublink>search</sublink>
        <sublink>searchsd</sublink>
    </link>
    <thumbnail>https://image.tmdb.org/t/p/w1280//4Csti4PTqzJM1lSY1zoFgXyjB8X.jpg</thumbnail>
    <fanart>https://image.tmdb.org/t/p/w1280//bUkb8goYWIRfDISwmUyKbZZnfMV.jpg</fanart>
</item>
<item>
    <title>National Treasure</title>
    <meta>
        <imdb>tt0368891</imdb>
        <content>movie</content>
        <title>National Treasure</title>
        <year>2004</year>
    </meta>
    <link>
        <sublink>search</sublink>
        <sublink>searchsd</sublink>
    </link>
    <thumbnail>https://image.tmdb.org/t/p/w1280//luMoc56LLMWUt60vUNNpwxrbTNt.jpg</thumbnail>
    <fanart>https://image.tmdb.org/t/p/w1280//a8MKD2z2UuptTaA26ueJVJk3GGb.jpg</fanart>
</item>
<item>
    <title>National Treasure: Book of Secrets</title>
    <meta>
        <imdb>tt0465234</imdb>
        <content>movie</content>
        <title>National Treasure: Book of Secrets</title>
        <year>2007</year>
    </meta>
    <link>
        <sublink>search</sublink>
        <sublink>searchsd</sublink>
    </link>
    <thumbnail>https://image.tmdb.org/t/p/w1280//sHr05tz70r7y8A6XrdCBsHPK7tF.jpg</thumbnail>
    <fanart>https://image.tmdb.org/t/p/w1280//m1dwC7dDznYwYtWGEL9kskEKrkL.jpg</fanart>
</item>
<item>
    <title>The Patriot</title>
    <meta>
        <imdb>tt0187393</imdb>
        <content>movie</content>
        <title>The Patriot</title>
        <year>2000</year>
    </meta>
    <link>
        <sublink>search</sublink>
        <sublink>searchsd</sublink>
    </link>
    <thumbnail>https://image.tmdb.org/t/p/w1280//tgXOraQmKatqrVs2KMgnNn6QpO.jpg</thumbnail>
    <fanart>https://image.tmdb.org/t/p/w1280//yQWiRYbsO0ceVm6EJ7TUaFXbYx1.jpg</fanart>
</item>
<item>
    <title>Red Dawn</title>
    <meta>
        <imdb>tt1234719</imdb>
        <content>movie</content>
        <title>Red Dawn</title>
        <year>2012</year>
    </meta>
    <link>
        <sublink>search</sublink>
        <sublink>searchsd</sublink>
    </link>
    <thumbnail>https://image.tmdb.org/t/p/w1280//tNkIfqiuWFYCUIiyVblar8rB1GV.jpg</thumbnail>
    <fanart>https://image.tmdb.org/t/p/w1280//1XGdQbJbv6EDLa3MP4qGhcg9S8a.jpg</fanart>
</item>
<dir>
    <title>Red Oaks</title>
    <meta>
        <imdb>tt3973820</imdb>
        <content>tvshow</content>
        <tvshowtitle>Red Oaks</tvshowtitle>
        <year>2014</year>
    </meta>
    <link>tmdb_tv_show(63130, 2014, Red Oaks)</link>
    <thumbnail>https://image.tmdb.org/t/p/w1280//jGI54TyocVBOAAfPmq8sytJGxeG.jpg</thumbnail>
    <fanart>https://image.tmdb.org/t/p/w1280//c5Awy42BrBsll6nemSGg0SwivYS.jpg</fanart>
</dir>
<item>
    <title>The Sandlot</title>
    <meta>
        <imdb>tt0108037</imdb>
        <content>movie</content>
        <title>The Sandlot</title>
        <year>1993</year>
    </meta>
    <link>
        <sublink>search</sublink>
        <sublink>searchsd</sublink>
    </link>
    <thumbnail>https://image.tmdb.org/t/p/w1280//fKJUQrAm5QbVR5DqgH9U5IflHGQ.jpg</thumbnail>
    <fanart>https://image.tmdb.org/t/p/w1280//m6kXoIPsU2zkvpA08pbJ3klRSW6.jpg</fanart>
</item>
<item>
    <title>The Sandlot 2</title>
    <meta>
        <imdb>tt0418131</imdb>
        <content>movie</content>
        <title>The Sandlot 2</title>
        <year>2005</year>
    </meta>
    <link>
        <sublink>search</sublink>
        <sublink>searchsd</sublink>
    </link>
    <thumbnail>https://image.tmdb.org/t/p/w1280//kYtQ7D2EmMYF7WScYn5pu5otiC1.jpg</thumbnail>
    <fanart>https://image.tmdb.org/t/p/w1280//mgYxAJwGt73SZIVB3wGlVs1Mu8p.jpg</fanart>
</item>
<item>
    <title>Stand by Me</title>
    <meta>
        <imdb>tt0092005</imdb>
        <content>movie</content>
        <title>Stand by Me</title>
        <year>1986</year>
    </meta>
    <link>
        <sublink>search</sublink>
        <sublink>searchsd</sublink>
    </link>
    <thumbnail>https://image.tmdb.org/t/p/w1280//kedC0y75jdzByjuZNLOWIOtduNw.jpg</thumbnail>
    <fanart>https://image.tmdb.org/t/p/w1280//cAwwKiSqFTtXjA5osuBIKWp8dML.jpg</fanart>
</item>
<item>
    <title>Stronger</title>
    <meta>
        <imdb>tt3881784</imdb>
        <content>movie</content>
        <title>Stronger</title>
        <year>2017</year>
    </meta>
    <link>
        <sublink>search</sublink>
        <sublink>searchsd</sublink>
    </link>
    <thumbnail>https://image.tmdb.org/t/p/w1280//2TDroy5YKKCthnXnAERjjGnusKw.jpg</thumbnail>
    <fanart>https://image.tmdb.org/t/p/w1280//fWY4LYTlsm64MQIffhiEZ8hLjat.jpg</fanart>
</item>
<item>
    <title>Team America: World Police</title>
    <meta>
        <imdb>tt0372588</imdb>
        <content>movie</content>
        <title>Team America: World Police</title>
        <year>2004</year>
    </meta>
    <link>
        <sublink>search</sublink>
        <sublink>searchsd</sublink>
    </link>
    <thumbnail>https://image.tmdb.org/t/p/w1280//crkPGNm0M19LHp8I5mhs75EqhSH.jpg</thumbnail>
    <fanart>https://image.tmdb.org/t/p/w1280//c6Z0E5IYNXSslBxSWX7Q1xUvthJ.jpg</fanart>
</item>
<item>
    <title>The Thin Red Line</title>
    <meta>
        <imdb>tt0120863</imdb>
        <content>movie</content>
        <title>The Thin Red Line</title>
        <year>1998</year>
    </meta>
    <link>
        <sublink>search</sublink>
        <sublink>searchsd</sublink>
    </link>
    <thumbnail>https://image.tmdb.org/t/p/w1280//jGDK6eM6vb8VEUmR0ZoaghcCG8f.jpg</thumbnail>
    <fanart>https://image.tmdb.org/t/p/w1280//sn0HQZthLpYamYb8VSPbEAWT4kF.jpg</fanart>
</item>
<item>
    <title>Top Gun</title>
    <meta>
        <imdb>tt0092099</imdb>
        <content>movie</content>
        <title>Top Gun</title>
        <year>1986</year>
    </meta>
    <link>
        <sublink>search</sublink>
        <sublink>searchsd</sublink>
    </link>
    <thumbnail>https://image.tmdb.org/t/p/w1280//orGXnBKfT41LxZhitLkXhqUfJJW.jpg</thumbnail>
    <fanart>https://image.tmdb.org/t/p/w1280//9GyBSsMiGkPSk4OESIYZuedijBI.jpg</fanart>
</item>
<item>
    <title>United 93</title>
    <meta>
        <imdb>tt0475276</imdb>
        <content>movie</content>
        <title>United 93</title>
        <year>2006</year>
    </meta>
    <link>
        <sublink>search</sublink>
        <sublink>searchsd</sublink>
    </link>
    <thumbnail>https://image.tmdb.org/t/p/w1280//pHp3DlbGDcLSKAahCwGR9bzhbZs.jpg</thumbnail>
    <fanart>https://image.tmdb.org/t/p/w1280//qEadwHs8JtZnkQ63i4x2A6fHxbt.jpg</fanart>
</item>
<item>
    <title>World Trade Center</title>
    <meta>
        <imdb>tt0469641</imdb>
        <content>movie</content>
        <title>World Trade Center</title>
        <year>2006</year>
    </meta>
    <link>
        <sublink>search</sublink>
        <sublink>searchsd</sublink>
    </link>
    <thumbnail>https://image.tmdb.org/t/p/w1280//hYbKIxMGqm0YaxGBYW52NbkYNAx.jpg</thumbnail>
    <fanart>https://image.tmdb.org/t/p/w1280//qBPsdNP23qqHUE7niOgKSPNnUSO.jpg</fanart>
</item>
<item>
    <title>Yankee Doodle Dandy</title>
    <meta>
        <imdb>tt0035575</imdb>
        <content>movie</content>
        <title>Yankee Doodle Dandy</title>
        <year>1942</year>
    </meta>
    <link>
        <sublink>search</sublink>
        <sublink>searchsd</sublink>
    </link>
    <thumbnail>https://image.tmdb.org/t/p/w1280//cqLLIyJFjLr6jGOxWVEHG11WGzB.jpg</thumbnail>
    <fanart>https://image.tmdb.org/t/p/w1280//58BOLbf2ShjhVVtT7twnUEeangh.jpg</fanart>
</item>
