<dir>
    <title>24</title>
    <meta>
        <imdb>tt0285331</imdb>
        <content>tvshow</content>
        <tvshowtitle>24</tvshowtitle>
        <year>2001</year>
    </meta>
    <link>tmdb_tv_show(1973, 2001, 24)</link>
    <thumbnail>https://image.tmdb.org/t/p/w1280//3m83XvlgjIMeBtCHlIyLAsa2GZ1.jpg</thumbnail>
    <fanart>https://image.tmdb.org/t/p/w1280//zyiX7iPUfuxV4ZAuCaTdmFeEYLQ.jpg</fanart>
</dir>
<item>
    <title>Abe Lincoln in Illinois</title>
    <meta>
        <imdb>tt0032181</imdb>
        <content>movie</content>
        <title>Abe Lincoln in Illinois</title>
        <year>1940</year>
    </meta>
    <link>
        <sublink>search</sublink>
        <sublink>searchsd</sublink>
    </link>
    <thumbnail>https://image.tmdb.org/t/p/w1280//mYAkUJWaKuqzflBK5gk2eNRPAr3.jpg</thumbnail>
    <fanart>https://image.tmdb.org/t/p/w1280//whAZOHCZ6jc5IhbkUUQNhXIGvNf.jpg</fanart>
</item>
<item>
    <title>Abraham Lincoln: Vampire Hunter</title>
    <meta>
        <imdb>tt1611224</imdb>
        <content>movie</content>
        <title>Abraham Lincoln: Vampire Hunter</title>
        <year>2012</year>
    </meta>
    <link>
        <sublink>search</sublink>
        <sublink>searchsd</sublink>
    </link>
    <thumbnail>https://image.tmdb.org/t/p/w1280//lHcaLiPDDrLmJAL2MTlMzgM2s2x.jpg</thumbnail>
    <fanart>https://image.tmdb.org/t/p/w1280//6dJgvOSLD6DKYqd29HsC10Cjyii.jpg</fanart>
</item>
<item>
    <title>Air Force One</title>
    <meta>
        <imdb>tt0118571</imdb>
        <content>movie</content>
        <title>Air Force One</title>
        <year>1997</year>
    </meta>
    <link>
        <sublink>search</sublink>
        <sublink>searchsd</sublink>
    </link>
    <thumbnail>https://image.tmdb.org/t/p/w1280//zgg8psC8jvNEx5RC4NJ4c9J0KtE.jpg</thumbnail>
    <fanart>https://image.tmdb.org/t/p/w1280//pJ6v9gMB2OCtnkLrtk0pl2otUE4.jpg</fanart>
</item>
<item>
    <title>All the President's Men</title>
    <meta>
        <imdb>tt0074119</imdb>
        <content>movie</content>
        <title>All the President's Men</title>
        <year>1976</year>
    </meta>
    <link>
        <sublink>search</sublink>
        <sublink>searchsd</sublink>
    </link>
    <thumbnail>https://image.tmdb.org/t/p/w1280//ruURnC7qLRtSnTV1vygcoEPzeYK.jpg</thumbnail>
    <fanart>https://image.tmdb.org/t/p/w1280//7nwfodS5en7Pysxc0ayrhLMUOAc.jpg</fanart>
</item>
<item>
    <title>The American Experience: FDR</title>
    <meta>
        <imdb>tt0285080</imdb>
        <content>movie</content>
        <title>The American Experience: FDR</title>
        <year>1994</year>
    </meta>
    <link>
        <sublink>search</sublink>
        <sublink>searchsd</sublink>
    </link>
    <thumbnail>https://image.tmdb.org/t/p/w1280//nLIKqsJ113OT07972ZXfEZxnjPw.jpg</thumbnail>
    <fanart/>
</item>
<item>
    <title>The American President</title>
    <meta>
        <imdb>tt0112346</imdb>
        <content>movie</content>
        <title>The American President</title>
        <year>1995</year>
    </meta>
    <link>
        <sublink>search</sublink>
        <sublink>searchsd</sublink>
    </link>
    <thumbnail>https://image.tmdb.org/t/p/w1280//lymPNGLZgPHuqM29rKMGV46ANij.jpg</thumbnail>
    <fanart>https://image.tmdb.org/t/p/w1280//wmViVyE9P0HTVU54sP3EriCmtIc.jpg</fanart>
</item>
<item>
    <title>Amistad</title>
    <meta>
        <imdb>tt0118607</imdb>
        <content>movie</content>
        <title>Amistad</title>
        <year>1997</year>
    </meta>
    <link>
        <sublink>search</sublink>
        <sublink>searchsd</sublink>
    </link>
    <thumbnail>https://image.tmdb.org/t/p/w1280//lgoCht4up4SBgK9Clz7GDBBYDx2.jpg</thumbnail>
    <fanart>https://image.tmdb.org/t/p/w1280//15uvO9r5CGtlg9v4vGvXMh1rxAx.jpg</fanart>
</item>
<item>
    <title>The Best Man</title>
    <meta>
        <imdb>tt0057883</imdb>
        <content>movie</content>
        <title>The Best Man</title>
        <year>1964</year>
    </meta>
    <link>
        <sublink>search</sublink>
        <sublink>searchsd</sublink>
    </link>
    <thumbnail>https://image.tmdb.org/t/p/w1280//wubGv0hq9ukeds8B7FxNbY8E10g.jpg</thumbnail>
    <fanart>https://image.tmdb.org/t/p/w1280//cQhB9gFpkeD15OGsCgZNAAmmzGE.jpg</fanart>
</item>
<item>
    <title>Bob Roberts</title>
    <meta>
        <imdb>tt0103850</imdb>
        <content>movie</content>
        <title>Bob Roberts</title>
        <year>1992</year>
    </meta>
    <link>
        <sublink>search</sublink>
        <sublink>searchsd</sublink>
    </link>
    <thumbnail>https://image.tmdb.org/t/p/w1280//gDJt4SGJQ0c2wCyDVghCRoRMxgo.jpg</thumbnail>
    <fanart>https://image.tmdb.org/t/p/w1280//sLH1nd77Y6qjzXymhNOxsFBHWuF.jpg</fanart>
</item>
<item>
    <title>The Butler</title>
    <meta>
        <imdb>tt1327773</imdb>
        <content>movie</content>
        <title>The Butler</title>
        <year>2013</year>
    </meta>
    <link>
        <sublink>search</sublink>
        <sublink>searchsd</sublink>
    </link>
    <thumbnail>https://image.tmdb.org/t/p/w1280//hUjEYTN5NuK8kYRQxngS7itpBQC.jpg</thumbnail>
    <fanart>https://image.tmdb.org/t/p/w1280//zZggWJSG18wPIOrZOgV5LI12LMi.jpg</fanart>
</item>
<item>
    <title>The Campaign</title>
    <meta>
        <imdb>tt1790886</imdb>
        <content>movie</content>
        <title>The Campaign</title>
        <year>2012</year>
    </meta>
    <link>
        <sublink>search</sublink>
        <sublink>searchsd</sublink>
    </link>
    <thumbnail>https://image.tmdb.org/t/p/w1280//6uH8BOWN60mu2Vd5z4jCaVWb2ix.jpg</thumbnail>
    <fanart>https://image.tmdb.org/t/p/w1280//8mKomlkHvO753Wc9w2Q25ffc4UC.jpg</fanart>
</item>
<item>
    <title>Clear and Present Danger</title>
    <meta>
        <imdb>tt0109444</imdb>
        <content>movie</content>
        <title>Clear and Present Danger</title>
        <year>1994</year>
    </meta>
    <link>
        <sublink>search</sublink>
        <sublink>searchsd</sublink>
    </link>
    <thumbnail>https://image.tmdb.org/t/p/w1280//avRDucB3FLf1Xz5532hbOYd1giX.jpg</thumbnail>
    <fanart>https://image.tmdb.org/t/p/w1280//hM4SlL49CPvltPkVVulyXHlfFjO.jpg</fanart>
</item>
<item>
    <title>The Contender</title>
    <meta>
        <imdb>tt0208874</imdb>
        <content>movie</content>
        <title>The Contender</title>
        <year>2000</year>
    </meta>
    <link>
        <sublink>search</sublink>
        <sublink>searchsd</sublink>
    </link>
    <thumbnail>https://image.tmdb.org/t/p/w1280//rhghnHHS9Rto7vSF4KYSQVJLxZM.jpg</thumbnail>
    <fanart>https://image.tmdb.org/t/p/w1280//pqp6Ujfkdjw8p3u9WXjRd6GS8L3.jpg</fanart>
</item>
<item>
    <title>Dave</title>
    <meta>
        <imdb>tt0106673</imdb>
        <content>movie</content>
        <title>Dave</title>
        <year>1993</year>
    </meta>
    <link>
        <sublink>search</sublink>
        <sublink>searchsd</sublink>
    </link>
    <thumbnail>https://image.tmdb.org/t/p/w1280//d8RP3iz7QVlkPAuEX4y6jMd2rC2.jpg</thumbnail>
    <fanart>https://image.tmdb.org/t/p/w1280//o5QteKWJMayxlFJDkS122vvOOw0.jpg</fanart>
</item>
<item>
    <title>Dick</title>
    <meta>
        <imdb>tt0144168</imdb>
        <content>movie</content>
        <title>Dick</title>
        <year>1999</year>
    </meta>
    <link>
        <sublink>search</sublink>
        <sublink>searchsd</sublink>
    </link>
    <thumbnail>https://image.tmdb.org/t/p/w1280//zYvJOoh6mviQcfHNbo3Y9fRoRp8.jpg</thumbnail>
    <fanart>https://image.tmdb.org/t/p/w1280//bKap5mxN3TSKaoiOOwBj4nWaR6t.jpg</fanart>
</item>
<item>
    <title>Dr. Strangelove or: How I Learned to Stop Worrying and Love the Bomb</title>
    <meta>
        <imdb>tt0057012</imdb>
        <content>movie</content>
        <title>Dr. Strangelove or: How I Learned to Stop Worrying and Love the Bomb</title>
        <year>1964</year>
    </meta>
    <link>
        <sublink>search</sublink>
        <sublink>searchsd</sublink>
    </link>
    <thumbnail>https://image.tmdb.org/t/p/w1280//tviJ68Wj4glQk3CPMvdvExYHxX.jpg</thumbnail>
    <fanart>https://image.tmdb.org/t/p/w1280//8Sh5rRcOrBy4AIm3keZ50dOIn4D.jpg</fanart>
</item>
<item>
    <title>Frost/Nixon</title>
    <meta>
        <imdb>tt0870111</imdb>
        <content>movie</content>
        <title>Frost/Nixon</title>
        <year>2008</year>
    </meta>
    <link>
        <sublink>search</sublink>
        <sublink>searchsd</sublink>
    </link>
    <thumbnail>https://image.tmdb.org/t/p/w1280//qCs0Vc3QhyqRSDLCDinOai5CVT5.jpg</thumbnail>
    <fanart>https://image.tmdb.org/t/p/w1280//n7VX5nsHUiQargJKVCJ5dcsa39o.jpg</fanart>
</item>
<item>
    <title>Gabriel Over the White House</title>
    <meta>
        <imdb>tt0024044</imdb>
        <content>movie</content>
        <title>Gabriel Over the White House</title>
        <year>1933</year>
    </meta>
    <link>
        <sublink>search</sublink>
        <sublink>searchsd</sublink>
    </link>
    <thumbnail>https://image.tmdb.org/t/p/w1280//8NAc7rpYdY9sg5rVVtyyhStoSub.jpg</thumbnail>
    <fanart>https://image.tmdb.org/t/p/w1280//s1RXZvULlSR0x9dEnNQ6rB8zHle.jpg</fanart>
</item>
<item>
    <title>Game Change</title>
    <meta>
        <imdb>tt1848902</imdb>
        <content>movie</content>
        <title>Game Change</title>
        <year>2012</year>
    </meta>
    <link>
        <sublink>search</sublink>
        <sublink>searchsd</sublink>
    </link>
    <thumbnail>https://image.tmdb.org/t/p/w1280//vnF5eG5A6NcLUqw3oJGoq6Br3WQ.jpg</thumbnail>
    <fanart>https://image.tmdb.org/t/p/w1280//vLtyKJtomlRm3U0UFmAqnj1rviV.jpg</fanart>
</item>
<dir>
    <title>George Washington</title>
    <meta>
        <imdb>tt0086720</imdb>
        <content>tvshow</content>
        <tvshowtitle>George Washington</tvshowtitle>
        <year>1984</year>
    </meta>
    <link>tmdb_tv_show(21344, 1984, George Washington)</link>
    <thumbnail>https://image.tmdb.org/t/p/w1280//8wKAJj2U9CL0GpEWXN0evE7epTU.jpg</thumbnail>
    <fanart/>
</dir>
<item>
    <title>Hyde Park on Hudson</title>
    <meta>
        <imdb>tt1477855</imdb>
        <content>movie</content>
        <title>Hyde Park on Hudson</title>
        <year>2012</year>
    </meta>
    <link>
        <sublink>search</sublink>
        <sublink>searchsd</sublink>
    </link>
    <thumbnail>https://image.tmdb.org/t/p/w1280//3mbfrCzlXlzO5kDTq2Qgj9EefYz.jpg</thumbnail>
    <fanart>https://image.tmdb.org/t/p/w1280//74Snr9uFmovkZ4AZfRwGmWigspd.jpg</fanart>
</item>
<item>
    <title>The Ides of March</title>
    <meta>
        <imdb>tt1124035</imdb>
        <content>movie</content>
        <title>The Ides of March</title>
        <year>2011</year>
    </meta>
    <link>
        <sublink>search</sublink>
        <sublink>searchsd</sublink>
    </link>
    <thumbnail>https://image.tmdb.org/t/p/w1280//xnYM774QZtouyApuLrd3VeSOVn1.jpg</thumbnail>
    <fanart>https://image.tmdb.org/t/p/w1280//fWy4ATlV8T3mYKicihloXfBeVAd.jpg</fanart>
</item>
<item>
    <title>In the Line of Fire</title>
    <meta>
        <imdb>tt0107206</imdb>
        <content>movie</content>
        <title>In the Line of Fire</title>
        <year>1993</year>
    </meta>
    <link>
        <sublink>search</sublink>
        <sublink>searchsd</sublink>
    </link>
    <thumbnail>https://image.tmdb.org/t/p/w1280//vXgWOXa7m3cEhOhYjR5q2UZCBBp.jpg</thumbnail>
    <fanart>https://image.tmdb.org/t/p/w1280//lWmRtLisFIZzfvhbFeyx61af0zZ.jpg</fanart>
</item>
<item>
    <title>Independence Day</title>
    <meta>
        <imdb>tt0116629</imdb>
        <content>movie</content>
        <title>Independence Day</title>
        <year>1996</year>
    </meta>
    <link>
        <sublink>search</sublink>
        <sublink>searchsd</sublink>
    </link>
    <thumbnail>https://image.tmdb.org/t/p/w1280//bqLlWZJdhrS0knfEJRkquW7L8z2.jpg</thumbnail>
    <fanart>https://image.tmdb.org/t/p/w1280//ewMSszqEvI3G1U21SfYbOeoKdxS.jpg</fanart>
</item>
<item>
    <title>Independence Day: Resurgence</title>
    <meta>
        <imdb>tt1628841</imdb>
        <content>movie</content>
        <title>Independence Day: Resurgence</title>
        <year>2016</year>
    </meta>
    <link>
        <sublink>search</sublink>
        <sublink>searchsd</sublink>
    </link>
    <thumbnail>https://image.tmdb.org/t/p/w1280//5CHJs479xWnm3zMDOl94VkKS7MZ.jpg</thumbnail>
    <fanart>https://image.tmdb.org/t/p/w1280//8SqBiesvo1rh9P1hbJTmnVum6jv.jpg</fanart>
</item>
<item>
    <title>JFK</title>
    <meta>
        <imdb>tt0102138</imdb>
        <content>movie</content>
        <title>JFK</title>
        <year>1991</year>
    </meta>
    <link>
        <sublink>search</sublink>
        <sublink>searchsd</sublink>
    </link>
    <thumbnail>https://image.tmdb.org/t/p/w1280//9bmXpKDJv2kdtD4QNexErjGTIOz.jpg</thumbnail>
    <fanart>https://image.tmdb.org/t/p/w1280//3vrtpYhLZB9uxpG89Fps1ngANs4.jpg</fanart>
</item>
<item>
    <title>Jackie</title>
    <meta>
        <imdb>tt1619029</imdb>
        <content>movie</content>
        <title>Jackie</title>
        <year>2016</year>
    </meta>
    <link>
        <sublink>search</sublink>
        <sublink>searchsd</sublink>
    </link>
    <thumbnail>https://image.tmdb.org/t/p/w1280//iMkl2Akc1f4CSJCieVwczM4KjZR.jpg</thumbnail>
    <fanart>https://image.tmdb.org/t/p/w1280//4bHX7nAmjMiZO9eotJITyro0raw.jpg</fanart>
</item>
<item>
    <title>Jimmy Carter Man from Plains</title>
    <meta>
        <imdb>tt0913958</imdb>
        <content>movie</content>
        <title>Jimmy Carter Man from Plains</title>
        <year>2007</year>
    </meta>
    <link>
        <sublink>search</sublink>
        <sublink>searchsd</sublink>
    </link>
    <thumbnail>https://image.tmdb.org/t/p/w1280//2lhVYWF6hkhSqNpPwFlFSUZeOEu.jpg</thumbnail>
    <fanart/>
</item>
<dir>
    <title>John Adams</title>
    <meta>
        <imdb>tt0472027</imdb>
        <content>tvshow</content>
        <tvshowtitle>John Adams</tvshowtitle>
        <year>2008</year>
    </meta>
    <link>tmdb_tv_show(15114, 2008, John Adams)</link>
    <thumbnail>https://image.tmdb.org/t/p/w1280//kHwVI4tSqVhVOcvtZgdmuRi9A3g.jpg</thumbnail>
    <fanart>https://image.tmdb.org/t/p/w1280//4hRzhkUKj8nxQbVhpdljmW8RKA.jpg</fanart>
</dir>
<item>
    <title>LBJ</title>
    <meta>
        <imdb>tt4778988</imdb>
        <content>movie</content>
        <title>LBJ</title>
        <year>2017</year>
    </meta>
    <link>
        <sublink>search</sublink>
        <sublink>searchsd</sublink>
    </link>
    <thumbnail>https://image.tmdb.org/t/p/w1280//o0ofwOnVHbcR8WhZtB2y7UkM1Qm.jpg</thumbnail>
    <fanart>https://image.tmdb.org/t/p/w1280//88nJDIsm9H9wvxrQLbdXBxsgXuZ.jpg</fanart>
</item>
<item>
    <title>Lincoln</title>
    <meta>
        <imdb>tt0443272</imdb>
        <content>movie</content>
        <title>Lincoln</title>
        <year>2012</year>
    </meta>
    <link>
        <sublink>search</sublink>
        <sublink>searchsd</sublink>
    </link>
    <thumbnail>https://image.tmdb.org/t/p/w1280//gkkiDu9srCCbCMxGKwNwKCxK7KF.jpg</thumbnail>
    <fanart>https://image.tmdb.org/t/p/w1280//9vZzjmaXIYotKGnCfQyWBD7PAIO.jpg</fanart>
</item>
<item>
    <title>The Manchurian Candidate</title>
    <meta>
        <imdb>tt0056218</imdb>
        <content>movie</content>
        <title>The Manchurian Candidate</title>
        <year>1962</year>
    </meta>
    <link>
        <sublink>search</sublink>
        <sublink>searchsd</sublink>
    </link>
    <thumbnail>https://image.tmdb.org/t/p/w1280//1a6krdQr17aaA0Q3yS5LNVtxYvf.jpg</thumbnail>
    <fanart>https://image.tmdb.org/t/p/w1280//b2Mc40eCIb9Z55X7lbHGT2TsI9m.jpg</fanart>
</item>
<item>
    <title>Mark Felt: The Man Who Brought Down the White House</title>
    <meta>
        <imdb>tt5175450</imdb>
        <content>movie</content>
        <title>Mark Felt: The Man Who Brought Down the White House</title>
        <year>2017</year>
    </meta>
    <link>
        <sublink>search</sublink>
        <sublink>searchsd</sublink>
    </link>
    <thumbnail>https://image.tmdb.org/t/p/w1280//6Oq2lQaePXJJwcguc8aqB7EpduZ.jpg</thumbnail>
    <fanart>https://image.tmdb.org/t/p/w1280//lsDqGTexYBYvZ2eeagh0ORo0k1b.jpg</fanart>
</item>
<item>
    <title>Nixon</title>
    <meta>
        <imdb>tt0113987</imdb>
        <content>movie</content>
        <title>Nixon</title>
        <year>1995</year>
    </meta>
    <link>
        <sublink>search</sublink>
        <sublink>searchsd</sublink>
    </link>
    <thumbnail>https://image.tmdb.org/t/p/w1280//cICkmCEiXRhvZmbuAlsA5D9B2rK.jpg</thumbnail>
    <fanart>https://image.tmdb.org/t/p/w1280//j1pLMvLiXRyeeHyTZO79a4t3Qao.jpg</fanart>
</item>
<item>
    <title>No Fighting in the War Room Or: Dr Strangelove and the Nuclear Threat</title>
    <meta>
        <imdb>tt0445088</imdb>
        <content>movie</content>
        <title>No Fighting in the War Room Or: Dr Strangelove and the Nuclear Threat</title>
        <year>2004</year>
    </meta>
    <link>
        <sublink>search</sublink>
        <sublink>searchsd</sublink>
    </link>
    <thumbnail>https://image.tmdb.org/t/p/w1280//qluoiQOGVXBtlfrfrfTRTq0RSZW.jpg</thumbnail>
    <fanart/>
</item>
<item>
    <title>Olympus Has Fallen</title>
    <meta>
        <imdb>tt2302755</imdb>
        <content>movie</content>
        <title>Olympus Has Fallen</title>
        <year>2013</year>
    </meta>
    <link>
        <sublink>search</sublink>
        <sublink>searchsd</sublink>
    </link>
    <thumbnail>https://image.tmdb.org/t/p/w1280//l542hLtKhsmOWEBFoC7Aajk0nKt.jpg</thumbnail>
    <fanart>https://image.tmdb.org/t/p/w1280//lxbMXD12UCj7kMgfqjaZq5irGAu.jpg</fanart>
</item>
<item>
    <title>PT 109</title>
    <meta>
        <imdb>tt0057393</imdb>
        <content>movie</content>
        <title>PT 109</title>
        <year>1963</year>
    </meta>
    <link>
        <sublink>search</sublink>
        <sublink>searchsd</sublink>
    </link>
    <thumbnail>https://image.tmdb.org/t/p/w1280//t4YlXygBb3YfN5y7Ffcx8lzWIlQ.jpg</thumbnail>
    <fanart>https://image.tmdb.org/t/p/w1280//coGjjM9d7azWwIFGVJRpKIqDIr7.jpg</fanart>
</item>
<item>
    <title>President's Day</title>
    <meta>
        <imdb>tt1581336</imdb>
        <content>movie</content>
        <title>President's Day</title>
        <year>2010</year>
    </meta>
    <link>
        <sublink>search</sublink>
        <sublink>searchsd</sublink>
    </link>
    <thumbnail>https://image.tmdb.org/t/p/w1280//5dO2wDOswcYdOyjJRRr9BKZGunu.jpg</thumbnail>
    <fanart>https://image.tmdb.org/t/p/w1280//fr4u2kQbBKvSFcwc4rJ6yFAidt8.jpg</fanart>
</item>
<item>
    <title>President's Day</title>
    <meta>
        <imdb>tt5903870</imdb>
        <content>movie</content>
        <title>President's Day</title>
        <year/>
    </meta>
    <link>
        <sublink>search</sublink>
        <sublink>searchsd</sublink>
    </link>
    <thumbnail>https://image.tmdb.org/t/p/w1280//rkXxi5XMfz5VKE493LNQrH4syrq.jpg</thumbnail>
    <fanart/>
</item>
<item>
    <title>Primary Colors</title>
    <meta>
        <imdb>tt0119942</imdb>
        <content>movie</content>
        <title>Primary Colors</title>
        <year>1998</year>
    </meta>
    <link>
        <sublink>search</sublink>
        <sublink>searchsd</sublink>
    </link>
    <thumbnail>https://image.tmdb.org/t/p/w1280//6ojWGOU5BcjZHDOwBOtxDhTWxJf.jpg</thumbnail>
    <fanart>https://image.tmdb.org/t/p/w1280//5dr51JtcVDwBhBzkrugSEbhV2je.jpg</fanart>
</item>
<item>
    <title>Recount</title>
    <meta>
        <imdb>tt1000771</imdb>
        <content>movie</content>
        <title>Recount</title>
        <year>2008</year>
    </meta>
    <link>
        <sublink>search</sublink>
        <sublink>searchsd</sublink>
    </link>
    <thumbnail>https://image.tmdb.org/t/p/w1280//7qTLgpaMlaxsZlJpDWFQrJ2u3Iy.jpg</thumbnail>
    <fanart>https://image.tmdb.org/t/p/w1280//ro700K65BfHmyZ7iX03kHwCDjEp.jpg</fanart>
</item>
<item>
    <title>Seven Days in May</title>
    <meta>
        <imdb>tt0058576</imdb>
        <content>movie</content>
        <title>Seven Days in May</title>
        <year>1964</year>
    </meta>
    <link>
        <sublink>search</sublink>
        <sublink>searchsd</sublink>
    </link>
    <thumbnail>https://image.tmdb.org/t/p/w1280//r1vFQhUKCnpqubBJyUT8IeDZJHJ.jpg</thumbnail>
    <fanart>https://image.tmdb.org/t/p/w1280//jV9CT4UOpPkvMzoVkkMYFeMAI35.jpg</fanart>
</item>
<item>
    <title>Thirteen Days</title>
    <meta>
        <imdb>tt0146309</imdb>
        <content>movie</content>
        <title>Thirteen Days</title>
        <year>2000</year>
    </meta>
    <link>
        <sublink>search</sublink>
        <sublink>searchsd</sublink>
    </link>
    <thumbnail>https://image.tmdb.org/t/p/w1280//37yRUulECxF96eIok4ZXB8nRJ11.jpg</thumbnail>
    <fanart>https://image.tmdb.org/t/p/w1280//tn0r9Vv4WipUkPlDn3SEcKSouTz.jpg</fanart>
</item>
<item>
    <title>Truman</title>
    <meta>
        <imdb>tt0114738</imdb>
        <content>movie</content>
        <title>Truman</title>
        <year>1995</year>
    </meta>
    <link>
        <sublink>search</sublink>
        <sublink>searchsd</sublink>
    </link>
    <thumbnail>https://image.tmdb.org/t/p/w1280//rg5YOvECqqArdZggjRmDBdjbSTh.jpg</thumbnail>
    <fanart>https://image.tmdb.org/t/p/w1280//zNWrWiIGSkZLnJNpipPF3LC4iuq.jpg</fanart>
</item>
<item>
    <title>Vantage Point</title>
    <meta>
        <imdb>tt0443274</imdb>
        <content>movie</content>
        <title>Vantage Point</title>
        <year>2008</year>
    </meta>
    <link>
        <sublink>search</sublink>
        <sublink>searchsd</sublink>
    </link>
    <thumbnail>https://image.tmdb.org/t/p/w1280//2PnFsTzmFC3Ydhj0uBEYjPqHWHO.jpg</thumbnail>
    <fanart>https://image.tmdb.org/t/p/w1280//7DwOjEHdJ3dc3kBNaN7XQ0yE258.jpg</fanart>
</item>
<item>
    <title>W.</title>
    <meta>
        <imdb>tt1175491</imdb>
        <content>movie</content>
        <title>W.</title>
        <year>2008</year>
    </meta>
    <link>
        <sublink>search</sublink>
        <sublink>searchsd</sublink>
    </link>
    <thumbnail>https://image.tmdb.org/t/p/w1280//upFQuRzN23kLvzO1brSFClLqZvV.jpg</thumbnail>
    <fanart>https://image.tmdb.org/t/p/w1280//kBb9XuEfRPRO9BajTAyIk0SxBm8.jpg</fanart>
</item>
<item>
    <title>Wag the Dog</title>
    <meta>
        <imdb>tt0120885</imdb>
        <content>movie</content>
        <title>Wag the Dog</title>
        <year>1997</year>
    </meta>
    <link>
        <sublink>search</sublink>
        <sublink>searchsd</sublink>
    </link>
    <thumbnail>https://image.tmdb.org/t/p/w1280//sTsMrXrTya8KpFm8lgtlQR12X7Z.jpg</thumbnail>
    <fanart>https://image.tmdb.org/t/p/w1280//y1seh8UMjKlTOVEVco8OieJ2Lbm.jpg</fanart>
</item>
<item>
    <title>The War Room</title>
    <meta>
        <imdb>tt0108515</imdb>
        <content>movie</content>
        <title>The War Room</title>
        <year>1993</year>
    </meta>
    <link>
        <sublink>search</sublink>
        <sublink>searchsd</sublink>
    </link>
    <thumbnail>https://image.tmdb.org/t/p/w1280//3A0UjhIMqWivqtq5mXhidBaSZGg.jpg</thumbnail>
    <fanart>https://image.tmdb.org/t/p/w1280//ljTKuGdw5AnYcOqE68XBaFQzCFf.jpg</fanart>
</item>
<dir>
    <title>The West Wing</title>
    <meta>
        <imdb>tt0200276</imdb>
        <content>tvshow</content>
        <tvshowtitle>The West Wing</tvshowtitle>
        <year>1999</year>
    </meta>
    <link>tmdb_tv_show(688, 1999, The West Wing)</link>
    <thumbnail>https://image.tmdb.org/t/p/w1280//nJKhLuvlhBOY5ckeUG4caD7JdP8.jpg</thumbnail>
    <fanart>https://image.tmdb.org/t/p/w1280//hY0TRC5cXMqFQvm5xl5LLd9t7eX.jpg</fanart>
</dir>
<item>
    <title>White House Down</title>
    <meta>
        <imdb>tt2334879</imdb>
        <content>movie</content>
        <title>White House Down</title>
        <year>2013</year>
    </meta>
    <link>
        <sublink>search</sublink>
        <sublink>searchsd</sublink>
    </link>
    <thumbnail>https://image.tmdb.org/t/p/w1280//niYdnzkrtBduR5lKtfeLXKXNaTT.jpg</thumbnail>
    <fanart>https://image.tmdb.org/t/p/w1280//dyVFl6I0IQEKE3YAbLKwYLGymyp.jpg</fanart>
</item>
<item>
    <title>Woodrow Wilson: Spokesman For Tomorrow</title>
    <meta>
        <imdb>None</imdb>
        <content>movie</content>
        <title>Woodrow Wilson: Spokesman For Tomorrow</title>
        <year>1956</year>
    </meta>
    <link>
        <sublink>search</sublink>
        <sublink>searchsd</sublink>
    </link>
    <thumbnail/>
    <fanart/>
</item>
<item>
    <title>Young Mr. Lincoln</title>
    <meta>
        <imdb>tt0032155</imdb>
        <content>movie</content>
        <title>Young Mr. Lincoln</title>
        <year>1939</year>
    </meta>
    <link>
        <sublink>search</sublink>
        <sublink>searchsd</sublink>
    </link>
    <thumbnail>https://image.tmdb.org/t/p/w1280//8x4GR2pmtJrnMSnsvCayEyhDUkN.jpg</thumbnail>
    <fanart>https://image.tmdb.org/t/p/w1280//aPrcTTdfrJM2bI0rRDCf1iTZRvA.jpg</fanart>
</item>
