<?xml version="1.0" encoding="UTF-8" standalone="yes"?>
<addon id="plugin.video.kidsnation" name="Kids Nation" version="0.0.5" provider-name="MuadDib">
    <requires>
        <import addon="xbmc.python" version="2.1.0"/>
        <import addon="plugin.video.youtube"/>
    </requires>
    <extension point="xbmc.python.pluginsource" library="addon.py">
        <provides>video</provides>
    </extension>
    <extension point="xbmc.addon.metadata">
        <language>en</language>
        <summary lang="en">Top content aimed at learning and development for children.</summary>
        <description lang="en">No Content Is Hosted By Us. Any Issues With The Add-On Or You Have A Request Hit Me Up On Twitter</description>
        <disclaimer lang="en">The author is not responsible for the use of this addon. The author is not responsible for the content found using this addon. The author does not host or own any content found within this addon.[CR]The author is in no way affiliated with Kodi, Team Kodi, or the XBMC Foundation.[CR]This is a Non-profit resource, organized solely for educational purposes which is protected under the Fair-Use doctrine of the Copyright Act, Specifically section 107, which does promote freedom of expression, by permitting the unlicensed use of copyright-protected works.</disclaimer>
		<platform>all</platform>
		<license>Beerware rev. 42</license>
        <genre>kids</genre>
    </extension>
</addon>