<?xml version="1.0" encoding="UTF-8" standalone="yes"?>
<addon id="plugin.video.tantrumtvchannel"
	name="Tantrum.TV Videos"
	version="1.0.1"
	provider-name="MuadDib">
  <requires>
    <import addon="xbmc.python" version="2.1.0"/>
    <import addon="script.module.addon.common" version="2.0.0"/>
    <import addon="plugin.video.youtube" version="5.0.0"/>
  </requires>
  <extension point="xbmc.python.pluginsource" library="default.py">
    <provides>video</provides>
  </extension>
  <extension point="xbmc.addon.metadata">
    <summary lang="en">Tantrum.TV - Helping You Save</summary>
    <description lang="en">This add-on is for the Tantrum.TV Playlist on Youtube. Here you will find helpful videos for using the Tantrum.TV Kodi Builds to watch what you want to watch without the high cable or sat bills.</description>
    <disclaimer lang="en">The author does not own or host any content found within this Addon. The author is not connected to or in any other way affiliated with Kodi, Team Kodi, or the XBMC Foundation.</disclaimer>
    <platform>all</platform>
    <forum>https://www.facebook.com/groups/1709673909327662</forum>
    <website>http://www.tantrumtv.com</website>
  </extension>
</addon>
