<item>
    <title>2 Fast 2 Furious</title>
    <meta>
        <imdb>tt0322259</imdb>
        <content>movie</content>
        <title>2 Fast 2 Furious</title>
        <year>2003</year>
    </meta>
    <link>
        <sublink>search</sublink>
        <sublink>searchsd</sublink>
    </link>
    <thumbnail>https://image.tmdb.org/t/p/w1280//pRlDjkBTFNgMpKLfhFb4nsPQNUl.jpg</thumbnail>
    <fanart>https://image.tmdb.org/t/p/w1280//8RkLHFm2PK4PO5W0WZA5LMXLZBz.jpg</fanart>
</item>
<item>
    <title>X-Men Origins: Wolverine</title>
    <meta>
        <imdb>tt0458525</imdb>
        <content>movie</content>
        <title>X-Men Origins: Wolverine</title>
        <year>2009</year>
    </meta>
    <link>
        <sublink>search</sublink>
        <sublink>searchsd</sublink>
    </link>
    <thumbnail>https://image.tmdb.org/t/p/w1280//kqO36IYvWbRKMPiUeiVZUFH06Rc.jpg</thumbnail>
    <fanart>https://image.tmdb.org/t/p/w1280//mEuDxpLNBCarVgXRqDznHT7bdS8.jpg</fanart>
</item>
<item>
    <title>Twilight</title>
    <meta>
        <imdb>tt1099212</imdb>
        <content>movie</content>
        <title>Twilight</title>
        <year>2008</year>
    </meta>
    <link>
        <sublink>search</sublink>
        <sublink>searchsd</sublink>
    </link>
    <thumbnail>https://image.tmdb.org/t/p/w1280//nlvPMLCdum7bkHKmDSMnNLGztmW.jpg</thumbnail>
    <fanart>https://image.tmdb.org/t/p/w1280//nEdBHjvRkKwEPD1Ps5A3rRiiLVN.jpg</fanart>
</item>
<item>
    <title>The Fast and the Furious: Tokyo Drift</title>
    <meta>
        <imdb>tt0463985</imdb>
        <content>movie</content>
        <title>The Fast and the Furious: Tokyo Drift</title>
        <year>2006</year>
    </meta>
    <link>
        <sublink>search</sublink>
        <sublink>searchsd</sublink>
    </link>
    <thumbnail>https://image.tmdb.org/t/p/w1280//f9V0iTSYwnxW6tPIjSE7jrGC7eP.jpg</thumbnail>
    <fanart>https://image.tmdb.org/t/p/w1280//kOZbGxeGMJ4Y6bxv8eOadFt8QLF.jpg</fanart>
</item>
<item>
    <title>Knight and Day</title>
    <meta>
        <imdb>tt1013743</imdb>
        <content>movie</content>
        <title>Knight and Day</title>
        <year>2010</year>
    </meta>
    <link>
        <sublink>search</sublink>
        <sublink>searchsd</sublink>
    </link>
    <thumbnail>https://image.tmdb.org/t/p/w1280//aHEpzwXvMtIEMBE13tWXS5oHZ7d.jpg</thumbnail>
    <fanart>https://image.tmdb.org/t/p/w1280//sSeo9o603MABEbAv8BGkgbLn0om.jpg</fanart>
</item>
<item>
    <title>Gone in Sixty Seconds</title>
    <meta>
        <imdb>tt0187078</imdb>
        <content>movie</content>
        <title>Gone in Sixty Seconds</title>
        <year>2000</year>
    </meta>
    <link>
        <sublink>search</sublink>
        <sublink>searchsd</sublink>
    </link>
    <thumbnail>https://image.tmdb.org/t/p/w1280//77TxKvRiX0c5JR6l4fxcN19prOy.jpg</thumbnail>
    <fanart>https://image.tmdb.org/t/p/w1280//ktyIKbX1UHJQkqYOTz9LTcrlhXG.jpg</fanart>
</item>
<item>
    <title>Law Abiding Citizen</title>
    <meta>
        <imdb>tt1197624</imdb>
        <content>movie</content>
        <title>Law Abiding Citizen</title>
        <year>2009</year>
    </meta>
    <link>
        <sublink>search</sublink>
        <sublink>searchsd</sublink>
    </link>
    <thumbnail>https://image.tmdb.org/t/p/w1280//p7zwLp8gCKyrNLCHP3RhmN5izHo.jpg</thumbnail>
    <fanart>https://image.tmdb.org/t/p/w1280//xFBmZefwrKNeuN7IOksPSdX5ETG.jpg</fanart>
</item>
<item>
    <title>The Twilight Saga: Eclipse</title>
    <meta>
        <imdb>tt1325004</imdb>
        <content>movie</content>
        <title>The Twilight Saga: Eclipse</title>
        <year>2010</year>
    </meta>
    <link>
        <sublink>search</sublink>
        <sublink>searchsd</sublink>
    </link>
    <thumbnail>https://image.tmdb.org/t/p/w1280//4IIFFKd9vxrlicNbAPS8ONEgIFp.jpg</thumbnail>
    <fanart>https://image.tmdb.org/t/p/w1280//whjUhxqAkcv3JIdsjBxSz9vgA6C.jpg</fanart>
</item>
<item>
    <title>Mr. & Mrs. Smith</title>
    <meta>
        <imdb>tt0356910</imdb>
        <content>movie</content>
        <title>Mr. & Mrs. Smith</title>
        <year>2005</year>
    </meta>
    <link>
        <sublink>search</sublink>
        <sublink>searchsd</sublink>
    </link>
    <thumbnail>https://image.tmdb.org/t/p/w1280//dqs5BmwSULtB28Kls3IB6khTQwp.jpg</thumbnail>
    <fanart>https://image.tmdb.org/t/p/w1280//n4GhKs24bQK2XsdlZ5bZFljzlsK.jpg</fanart>
</item>
<item>
    <title>X-Men: Days of Future Past</title>
    <meta>
        <imdb>tt1877832</imdb>
        <content>movie</content>
        <title>X-Men: Days of Future Past</title>
        <year>2014</year>
    </meta>
    <link>
        <sublink>search</sublink>
        <sublink>searchsd</sublink>
    </link>
    <thumbnail>https://image.tmdb.org/t/p/w1280//giUK8ppRbfistadVzHtpainkhq4.jpg</thumbnail>
    <fanart>https://image.tmdb.org/t/p/w1280//5LBcSLHAtEIIgvNkA2dPmYH5wR7.jpg</fanart>
</item>
<item>
    <title>Fast Five</title>
    <meta>
        <imdb>tt1596343</imdb>
        <content>movie</content>
        <title>Fast Five</title>
        <year>2011</year>
    </meta>
    <link>
        <sublink>search</sublink>
        <sublink>searchsd</sublink>
    </link>
    <thumbnail>https://image.tmdb.org/t/p/w1280//cA81CI8odKv5KHRUUzJbj83yN7c.jpg</thumbnail>
    <fanart>https://image.tmdb.org/t/p/w1280//nL1Q0micYpF5nNkaI2ZNeLuOLGZ.jpg</fanart>
</item>
<item>
    <title>Divergent</title>
    <meta>
        <imdb>tt1840309</imdb>
        <content>movie</content>
        <title>Divergent</title>
        <year>2014</year>
    </meta>
    <link>
        <sublink>search</sublink>
        <sublink>searchsd</sublink>
    </link>
    <thumbnail>https://image.tmdb.org/t/p/w1280//yTtx2ciqk4XdN1oKhMMDy3f5ue3.jpg</thumbnail>
    <fanart>https://image.tmdb.org/t/p/w1280//g6WT9zxATzTy9NVu2xwbxDAxvjd.jpg</fanart>
</item>
<item>
    <title>This Means War</title>
    <meta>
        <imdb>tt1596350</imdb>
        <content>movie</content>
        <title>This Means War</title>
        <year>2012</year>
    </meta>
    <link>
        <sublink>search</sublink>
        <sublink>searchsd</sublink>
    </link>
    <thumbnail>https://image.tmdb.org/t/p/w1280//8eqEw3NGdqAfGtHyCTiuoMb4RrM.jpg</thumbnail>
    <fanart>https://image.tmdb.org/t/p/w1280//aJh5rFH6jQRqvZyd0HR8BMiHhRn.jpg</fanart>
</item>
<item>
    <title>I Am Number Four</title>
    <meta>
        <imdb>tt1464540</imdb>
        <content>movie</content>
        <title>I Am Number Four</title>
        <year>2011</year>
    </meta>
    <link>
        <sublink>search</sublink>
        <sublink>searchsd</sublink>
    </link>
    <thumbnail>https://image.tmdb.org/t/p/w1280//36E6t6YgzT4mwgqNt5XbcV4MRNU.jpg</thumbnail>
    <fanart>https://image.tmdb.org/t/p/w1280//b6rXH9f1UMP01qtyN5LiBX4ubIU.jpg</fanart>
</item>
<item>
    <title>The Twilight Saga: Breaking Dawn - Part 1</title>
    <meta>
        <imdb>tt1324999</imdb>
        <content>movie</content>
        <title>The Twilight Saga: Breaking Dawn - Part 1</title>
        <year>2011</year>
    </meta>
    <link>
        <sublink>search</sublink>
        <sublink>searchsd</sublink>
    </link>
    <thumbnail>https://image.tmdb.org/t/p/w1280//q23U9glt0RJIvM0f7g5BqJbqncx.jpg</thumbnail>
    <fanart>https://image.tmdb.org/t/p/w1280//fwhRNjMmwqeGH35eQonSPmQs2ah.jpg</fanart>
</item>
<item>
    <title>Scott Pilgrim vs. the World</title>
    <meta>
        <imdb>tt0446029</imdb>
        <content>movie</content>
        <title>Scott Pilgrim vs. the World</title>
        <year>2010</year>
    </meta>
    <link>
        <sublink>search</sublink>
        <sublink>searchsd</sublink>
    </link>
    <thumbnail>https://image.tmdb.org/t/p/w1280//lafRuPbjEQrrHG9QEaoyV2znZC.jpg</thumbnail>
    <fanart>https://image.tmdb.org/t/p/w1280//9UBtFxBdWDtwMLX5brS45Ryo840.jpg</fanart>
</item>
<item>
    <title>Mr. Right</title>
    <meta>
        <imdb>tt2091935</imdb>
        <content>movie</content>
        <title>Mr. Right</title>
        <year>2016</year>
    </meta>
    <link>
        <sublink>search</sublink>
        <sublink>searchsd</sublink>
    </link>
    <thumbnail>https://image.tmdb.org/t/p/w1280//y1VT2NoBOx3aC2exhkyN9AGUkMR.jpg</thumbnail>
    <fanart>https://image.tmdb.org/t/p/w1280//b5ewiFqeUrsTjcwM1E2DAiYDlw8.jpg</fanart>
</item>
<item>
    <title>Fast & Furious 6</title>
    <meta>
        <imdb>tt1905041</imdb>
        <content>movie</content>
        <title>Fast & Furious 6</title>
        <year>2013</year>
    </meta>
    <link>
        <sublink>search</sublink>
        <sublink>searchsd</sublink>
    </link>
    <thumbnail>https://image.tmdb.org/t/p/w1280//b9gTJKLdSbwcQRKzmqMq3dMfRwI.jpg</thumbnail>
    <fanart>https://image.tmdb.org/t/p/w1280//qjfE7SkPXpqFs8FX8rIaG6eO2aK.jpg</fanart>
</item>
<item>
    <title>The Twilight Saga: Breaking Dawn - Part 2</title>
    <meta>
        <imdb>tt1673434</imdb>
        <content>movie</content>
        <title>The Twilight Saga: Breaking Dawn - Part 2</title>
        <year>2012</year>
    </meta>
    <link>
        <sublink>search</sublink>
        <sublink>searchsd</sublink>
    </link>
    <thumbnail>https://image.tmdb.org/t/p/w1280//kJQPygYB8aNEevZZHRifyYrAdU9.jpg</thumbnail>
    <fanart>https://image.tmdb.org/t/p/w1280//vLeIBMqPI8IokldjjBlPcraGRsh.jpg</fanart>
</item>
<item>
    <title>One for the Money</title>
    <meta>
        <imdb>tt1598828</imdb>
        <content>movie</content>
        <title>One for the Money</title>
        <year>2012</year>
    </meta>
    <link>
        <sublink>search</sublink>
        <sublink>searchsd</sublink>
    </link>
    <thumbnail>https://image.tmdb.org/t/p/w1280//g8BxtvxvfbiM1UsJUyFjqeygrye.jpg</thumbnail>
    <fanart>https://image.tmdb.org/t/p/w1280//aoXNn1N5En9XxENR4J2Cg13CdEV.jpg</fanart>
</item>
<item>
    <title>John Carter</title>
    <meta>
        <imdb>tt0401729</imdb>
        <content>movie</content>
        <title>John Carter</title>
        <year>2012</year>
    </meta>
    <link>
        <sublink>search</sublink>
        <sublink>searchsd</sublink>
    </link>
    <thumbnail>https://image.tmdb.org/t/p/w1280//4QDBNt9PmxqUH4Ab2R5xKWqzXiQ.jpg</thumbnail>
    <fanart>https://image.tmdb.org/t/p/w1280//2eDepJWMMBHmZ7pt9MSqzGQeoDc.jpg</fanart>
</item>
<item>
    <title>X-Men: First Class</title>
    <meta>
        <imdb>tt1270798</imdb>
        <content>movie</content>
        <title>X-Men: First Class</title>
        <year>2011</year>
    </meta>
    <link>
        <sublink>search</sublink>
        <sublink>searchsd</sublink>
    </link>
    <thumbnail>https://image.tmdb.org/t/p/w1280//oIyQx5wDybMdB47fN248aC1hJZd.jpg</thumbnail>
    <fanart>https://image.tmdb.org/t/p/w1280//39nstYsfjR6ggyKTtB4Joga2fs8.jpg</fanart>
</item>
<item>
    <title>Entrapment</title>
    <meta>
        <imdb>tt0137494</imdb>
        <content>movie</content>
        <title>Entrapment</title>
        <year>1999</year>
    </meta>
    <link>
        <sublink>search</sublink>
        <sublink>searchsd</sublink>
    </link>
    <thumbnail>https://image.tmdb.org/t/p/w1280//6IKmjW52qeMXx8xXMdX6RRshmY0.jpg</thumbnail>
    <fanart>https://image.tmdb.org/t/p/w1280//i7LNbj1EgA8XiUvJ5o9qs5QkAW3.jpg</fanart>
</item>
<item>
    <title>The Fast and the Furious</title>
    <meta>
        <imdb>tt0232500</imdb>
        <content>movie</content>
        <title>The Fast and the Furious</title>
        <year>2001</year>
    </meta>
    <link>
        <sublink>search</sublink>
        <sublink>searchsd</sublink>
    </link>
    <thumbnail>https://image.tmdb.org/t/p/w1280//x4So4OkqnjfOSBCCNd5uosMmQiB.jpg</thumbnail>
    <fanart>https://image.tmdb.org/t/p/w1280//lmIqH8Qsv3IvDg0PTFUuVr89eBT.jpg</fanart>
</item>
<item>
    <title>The Mask of Zorro</title>
    <meta>
        <imdb>tt0120746</imdb>
        <content>movie</content>
        <title>The Mask of Zorro</title>
        <year>1998</year>
    </meta>
    <link>
        <sublink>search</sublink>
        <sublink>searchsd</sublink>
    </link>
    <thumbnail>https://image.tmdb.org/t/p/w1280//eh59q4ksXDQc97s52FUUQOkE8Th.jpg</thumbnail>
    <fanart>https://image.tmdb.org/t/p/w1280//734CjgMxoKZ0eTmE0R2WiMZQ5LL.jpg</fanart>
</item>
<item>
    <title>The Mountain Between Us</title>
    <meta>
        <imdb>tt2226597</imdb>
        <content>movie</content>
        <title>The Mountain Between Us</title>
        <year>2017</year>
    </meta>
    <link>
        <sublink>search</sublink>
        <sublink>searchsd</sublink>
    </link>
    <thumbnail>https://image.tmdb.org/t/p/w1280//3XNfYTW4XGscI81nXMSWGsQ8cpu.jpg</thumbnail>
    <fanart>https://image.tmdb.org/t/p/w1280//pYU0fUk0G8cquQaQJQnKVz5mw95.jpg</fanart>
</item>
<item>
    <title>Deadpool</title>
    <meta>
        <imdb>tt1431045</imdb>
        <content>movie</content>
        <title>Deadpool</title>
        <year>2016</year>
    </meta>
    <link>
        <sublink>search</sublink>
        <sublink>searchsd</sublink>
    </link>
    <thumbnail>https://image.tmdb.org/t/p/w1280//inVq3FRqcYIRl2la8iZikYYxFNR.jpg</thumbnail>
    <fanart>https://image.tmdb.org/t/p/w1280//n1y094tVDFATSzkTnFxoGZ1qNsG.jpg</fanart>
</item>
<item>
    <title>Insurgent</title>
    <meta>
        <imdb>tt2908446</imdb>
        <content>movie</content>
        <title>Insurgent</title>
        <year>2015</year>
    </meta>
    <link>
        <sublink>search</sublink>
        <sublink>searchsd</sublink>
    </link>
    <thumbnail>https://image.tmdb.org/t/p/w1280//6w1VjTPTjTaA5oNvsAg0y4H6bou.jpg</thumbnail>
    <fanart>https://image.tmdb.org/t/p/w1280//L5QRL1O3fGs2hH1LbtYyVl8Tce.jpg</fanart>
</item>
<item>
    <title>X-Men</title>
    <meta>
        <imdb>tt0120903</imdb>
        <content>movie</content>
        <title>X-Men</title>
        <year>2000</year>
    </meta>
    <link>
        <sublink>search</sublink>
        <sublink>searchsd</sublink>
    </link>
    <thumbnail>https://image.tmdb.org/t/p/w1280//k01Q6ATbfzNJgw4Zuoj0LTY3T9x.jpg</thumbnail>
    <fanart>https://image.tmdb.org/t/p/w1280//xm75A18CE7Wc6J9k2ZidFyqJ6rX.jpg</fanart>
</item>
<item>
    <title>X2</title>
    <meta>
        <imdb>tt0290334</imdb>
        <content>movie</content>
        <title>X2</title>
        <year>2003</year>
    </meta>
    <link>
        <sublink>search</sublink>
        <sublink>searchsd</sublink>
    </link>
    <thumbnail>https://image.tmdb.org/t/p/w1280//2ucMY4dPE4gGLPgDdYgyggYHBkF.jpg</thumbnail>
    <fanart>https://image.tmdb.org/t/p/w1280//u2FxA8fDt0uQAnHKTwWGgkPShoL.jpg</fanart>
</item>
<item>
    <title>X-Men: The Last Stand</title>
    <meta>
        <imdb>tt0376994</imdb>
        <content>movie</content>
        <title>X-Men: The Last Stand</title>
        <year>2006</year>
    </meta>
    <link>
        <sublink>search</sublink>
        <sublink>searchsd</sublink>
    </link>
    <thumbnail>https://image.tmdb.org/t/p/w1280//9JGPYfd8BAXi7eMaDBbqgkyliQq.jpg</thumbnail>
    <fanart>https://image.tmdb.org/t/p/w1280//w3Yc8wi2jYLaOyCW6b6svf1B0MG.jpg</fanart>
</item>
<item>
    <title>The Bounty Hunter</title>
    <meta>
        <imdb>tt1038919</imdb>
        <content>movie</content>
        <title>The Bounty Hunter</title>
        <year>2010</year>
    </meta>
    <link>
        <sublink>search</sublink>
        <sublink>searchsd</sublink>
    </link>
    <thumbnail>https://image.tmdb.org/t/p/w1280//lAuOwnlWrBOOiWGpS3wqhfF4CRx.jpg</thumbnail>
    <fanart>https://image.tmdb.org/t/p/w1280//bBIVXF96zbNtXmoAdMfstKAfMXU.jpg</fanart>
</item>
<item>
    <title>Fast & Furious</title>
    <meta>
        <imdb>tt1013752</imdb>
        <content>movie</content>
        <title>Fast & Furious</title>
        <year>2009</year>
    </meta>
    <link>
        <sublink>search</sublink>
        <sublink>searchsd</sublink>
    </link>
    <thumbnail>https://image.tmdb.org/t/p/w1280//ft8IqAGFs3V7i87z0t0EVRUjK1p.jpg</thumbnail>
    <fanart>https://image.tmdb.org/t/p/w1280//1R2ihQztuRTIqN3pFBR1yrBMd7w.jpg</fanart>
</item>
<item>
    <title>The Twilight Saga: New Moon</title>
    <meta>
        <imdb>tt1259571</imdb>
        <content>movie</content>
        <title>The Twilight Saga: New Moon</title>
        <year>2009</year>
    </meta>
    <link>
        <sublink>search</sublink>
        <sublink>searchsd</sublink>
    </link>
    <thumbnail>https://image.tmdb.org/t/p/w1280//4O6OCHVrXie2Th8asDn5utvlTwC.jpg</thumbnail>
    <fanart>https://image.tmdb.org/t/p/w1280//10Wsi3dYCdxqgw7TLWQbHncGKnR.jpg</fanart>
</item>
<item>
    <title>Date Night</title>
    <meta>
        <imdb>tt1279935</imdb>
        <content>movie</content>
        <title>Date Night</title>
        <year>2010</year>
    </meta>
    <link>
        <sublink>search</sublink>
        <sublink>searchsd</sublink>
    </link>
    <thumbnail>https://image.tmdb.org/t/p/w1280//fzzPht9KId6Ollow30jYtABhDY3.jpg</thumbnail>
    <fanart>https://image.tmdb.org/t/p/w1280//plnmzCMPAb3suBAUJ4Yi2NC1APA.jpg</fanart>
</item>
<item>
    <title>Killers</title>
    <meta>
        <imdb>tt1103153</imdb>
        <content>movie</content>
        <title>Killers</title>
        <year>2010</year>
    </meta>
    <link>
        <sublink>search</sublink>
        <sublink>searchsd</sublink>
    </link>
    <thumbnail>https://image.tmdb.org/t/p/w1280//bQHs6vyYwvxYvWEIi1G9rk4qNdw.jpg</thumbnail>
    <fanart>https://image.tmdb.org/t/p/w1280//tcv1qOo2k6ifKjz9hD2oTYtrsOq.jpg</fanart>
</item>
<item>
    <title>Casino Royale</title>
    <meta>
        <imdb>tt0381061</imdb>
        <content>movie</content>
        <title>Casino Royale</title>
        <year>2006</year>
    </meta>
    <link>
        <sublink>search</sublink>
        <sublink>searchsd</sublink>
    </link>
    <thumbnail>https://image.tmdb.org/t/p/w1280//zlWBxz2pTA9p45kUTrI8AQiKrHm.jpg</thumbnail>
    <fanart>https://image.tmdb.org/t/p/w1280//xq6hXdBpDPIXWjtmvbFmtLvBFJt.jpg</fanart>
</item>
<item>
    <title>Furious 7</title>
    <meta>
        <imdb>tt2820852</imdb>
        <content>movie</content>
        <title>Furious 7</title>
        <year>2015</year>
    </meta>
    <link>
        <sublink>search</sublink>
        <sublink>searchsd</sublink>
    </link>
    <thumbnail>https://image.tmdb.org/t/p/w1280//dCgm7efXDmiABSdWDHBDBx2jwmn.jpg</thumbnail>
    <fanart>https://image.tmdb.org/t/p/w1280//ypyeMfKydpyuuTMdp36rMlkGDUL.jpg</fanart>
</item>
<item>
    <title>X-Men: Apocalypse</title>
    <meta>
        <imdb>tt3385516</imdb>
        <content>movie</content>
        <title>X-Men: Apocalypse</title>
        <year>2016</year>
    </meta>
    <link>
        <sublink>search</sublink>
        <sublink>searchsd</sublink>
    </link>
    <thumbnail>https://image.tmdb.org/t/p/w1280//zSouWWrySXshPCT4t3UKCQGayyo.jpg</thumbnail>
    <fanart>https://image.tmdb.org/t/p/w1280//oQWWth5AOtbWG9o8SCAviGcADed.jpg</fanart>
</item>
<item>
    <title>The Fate of the Furious</title>
    <meta>
        <imdb>tt4630562</imdb>
        <content>movie</content>
        <title>The Fate of the Furious</title>
        <year>2017</year>
    </meta>
    <link>
        <sublink>search</sublink>
        <sublink>searchsd</sublink>
    </link>
    <thumbnail>https://image.tmdb.org/t/p/w1280//dImWM7GJqryWJO9LHa3XQ8DD5NH.jpg</thumbnail>
    <fanart>https://image.tmdb.org/t/p/w1280//jzdnhRhG0dsuYorwvSqPqqnM1cV.jpg</fanart>
</item>
<item>
    <title>A Gentleman</title>
    <meta>
        <imdb>tt5613834</imdb>
        <content>movie</content>
        <title>A Gentleman</title>
        <year>2017</year>
    </meta>
    <link>
        <sublink>search</sublink>
        <sublink>searchsd</sublink>
    </link>
    <thumbnail>https://image.tmdb.org/t/p/w1280//rsZmANIzl7Ut27uBFWGz1tgPWVs.jpg</thumbnail>
    <fanart>https://image.tmdb.org/t/p/w1280//wwPWKRteE3vxTMta2IxdRgEhYsq.jpg</fanart>
</item>
<item>
    <title>The Island</title>
    <meta>
        <imdb>tt0399201</imdb>
        <content>movie</content>
        <title>The Island</title>
        <year>2005</year>
    </meta>
    <link>
        <sublink>search</sublink>
        <sublink>searchsd</sublink>
    </link>
    <thumbnail>https://image.tmdb.org/t/p/w1280//zE9OTe7JvcX1jyFXs0GEL2f3RkZ.jpg</thumbnail>
    <fanart>https://image.tmdb.org/t/p/w1280//7gckgf6lmlKsjtkmS8O0oT3iEev.jpg</fanart>
</item>
<item>
    <title>The Wolverine</title>
    <meta>
        <imdb>tt1430132</imdb>
        <content>movie</content>
        <title>The Wolverine</title>
        <year>2013</year>
    </meta>
    <link>
        <sublink>search</sublink>
        <sublink>searchsd</sublink>
    </link>
    <thumbnail>https://image.tmdb.org/t/p/w1280//iTST6DcLhfufWYUKCOskkusaYUq.jpg</thumbnail>
    <fanart>https://image.tmdb.org/t/p/w1280//oFyaTmJ5ZPPl16uB4Ry9pWKvtDc.jpg</fanart>
</item>
<item>
    <title>The Tourist</title>
    <meta>
        <imdb>tt1243957</imdb>
        <content>movie</content>
        <title>The Tourist</title>
        <year>2010</year>
    </meta>
    <link>
        <sublink>search</sublink>
        <sublink>searchsd</sublink>
    </link>
    <thumbnail>https://image.tmdb.org/t/p/w1280//jfLFF0Qa9jAoTYQIKaSWmMWcKZd.jpg</thumbnail>
    <fanart>https://image.tmdb.org/t/p/w1280//2SChQOUxcGoilS3zxnFQ7LZZMgE.jpg</fanart>
</item>
<item>
    <title>Drive</title>
    <meta>
        <imdb>tt0780504</imdb>
        <content>movie</content>
        <title>Drive</title>
        <year>2011</year>
    </meta>
    <link>
        <sublink>search</sublink>
        <sublink>searchsd</sublink>
    </link>
    <thumbnail>https://image.tmdb.org/t/p/w1280//nu7XIa67cXc2t7frXCE5voXUJcN.jpg</thumbnail>
    <fanart>https://image.tmdb.org/t/p/w1280//ekLAySalu0CGoGogPWY0BG6uAul.jpg</fanart>
</item>
<item>
    <title>Allegiant</title>
    <meta>
        <imdb>tt3410834</imdb>
        <content>movie</content>
        <title>Allegiant</title>
        <year>2016</year>
    </meta>
    <link>
        <sublink>search</sublink>
        <sublink>searchsd</sublink>
    </link>
    <thumbnail>https://image.tmdb.org/t/p/w1280//tSFBh9Ayn5uiwbUK9HvD2lrRgaQ.jpg</thumbnail>
    <fanart>https://image.tmdb.org/t/p/w1280//sFthBeT0Y3WVfg6b3MkcJs9qfzq.jpg</fanart>
</item>
<item>
    <title>Logan</title>
    <meta>
        <imdb>tt3315342</imdb>
        <content>movie</content>
        <title>Logan</title>
        <year>2017</year>
    </meta>
    <link>
        <sublink>search</sublink>
        <sublink>searchsd</sublink>
    </link>
    <thumbnail>https://image.tmdb.org/t/p/w1280//gGBu0hKw9BGddG8RkRAMX7B6NDB.jpg</thumbnail>
    <fanart>https://image.tmdb.org/t/p/w1280//5pAGnkFYSsFJ99ZxDIYnhQbQFXs.jpg</fanart>
</item>
