<item>
    <title>Happy Gilmore</title>
    <meta>
        <imdb>tt0116483</imdb>
        <content>movie</content>
        <title>Happy Gilmore</title>
        <year>1996</year>
    </meta>
    <link>
        <sublink>search</sublink>
        <sublink>searchsd</sublink>
    </link>
    <thumbnail>https://image.tmdb.org/t/p/w1280//pG5edeKkntnt5A799Y0UNI5hi9W.jpg</thumbnail>
    <fanart>https://image.tmdb.org/t/p/w1280//z5qwh317CANMZO7KMPAEepwxlyq.jpg</fanart>
</item>
<item>
    <title>Van Wilder 2: The Rise of Taj</title>
    <meta>
        <imdb>tt0480271</imdb>
        <content>movie</content>
        <title>Van Wilder 2: The Rise of Taj</title>
        <year>2006</year>
    </meta>
    <link>
        <sublink>search</sublink>
        <sublink>searchsd</sublink>
    </link>
    <thumbnail>https://image.tmdb.org/t/p/w1280//sGX7RUBhf9i8nI3cfGHISDnAna0.jpg</thumbnail>
    <fanart>https://image.tmdb.org/t/p/w1280//j7RVfvO39OFWtzluy860OkX45Ss.jpg</fanart>
</item>
<item>
    <title>She's the Man</title>
    <meta>
        <imdb>tt0454945</imdb>
        <content>movie</content>
        <title>She's the Man</title>
        <year>2006</year>
    </meta>
    <link>
        <sublink>search</sublink>
        <sublink>searchsd</sublink>
    </link>
    <thumbnail>https://image.tmdb.org/t/p/w1280//aoO3OtAojt9g8D60tro8s26mGmj.jpg</thumbnail>
    <fanart>https://image.tmdb.org/t/p/w1280//qHHM9pcly5YFV3hdLjyPofnzVjH.jpg</fanart>
</item>
<item>
    <title>Talladega Nights: The Ballad of Ricky Bobby</title>
    <meta>
        <imdb>tt0415306</imdb>
        <content>movie</content>
        <title>Talladega Nights: The Ballad of Ricky Bobby</title>
        <year>2006</year>
    </meta>
    <link>
        <sublink>search</sublink>
        <sublink>searchsd</sublink>
    </link>
    <thumbnail>https://image.tmdb.org/t/p/w1280//hi8whfL7t6cL2LITLJjzJ7UWuZA.jpg</thumbnail>
    <fanart>https://image.tmdb.org/t/p/w1280//glBFNYHKkOZpKBe7Io5mjUcGekV.jpg</fanart>
</item>
<item>
    <title>Zack and Miri Make a Porno</title>
    <meta>
        <imdb>tt1007028</imdb>
        <content>movie</content>
        <title>Zack and Miri Make a Porno</title>
        <year>2008</year>
    </meta>
    <link>
        <sublink>search</sublink>
        <sublink>searchsd</sublink>
    </link>
    <thumbnail>https://image.tmdb.org/t/p/w1280//zxwEJBhSSu5AuKTTd4ugWaCqmg.jpg</thumbnail>
    <fanart>https://image.tmdb.org/t/p/w1280//kKoVVOd3HBDz9EVarFEGl6xU7r6.jpg</fanart>
</item>
<item>
    <title>Love Actually</title>
    <meta>
        <imdb>tt0314331</imdb>
        <content>movie</content>
        <title>Love Actually</title>
        <year>2003</year>
    </meta>
    <link>
        <sublink>search</sublink>
        <sublink>searchsd</sublink>
    </link>
    <thumbnail>https://image.tmdb.org/t/p/w1280//kfX8Ctin3fSZbdnjh6CXSNZUOVP.jpg</thumbnail>
    <fanart>https://image.tmdb.org/t/p/w1280//cgHEM9JuK7XhZXJsLHCnJmu5uQr.jpg</fanart>
</item>
<item>
    <title>American Pie</title>
    <meta>
        <imdb>tt0163651</imdb>
        <content>movie</content>
        <title>American Pie</title>
        <year>1999</year>
    </meta>
    <link>
        <sublink>search</sublink>
        <sublink>searchsd</sublink>
    </link>
    <thumbnail>https://image.tmdb.org/t/p/w1280//k40WFAXMRekWEqsjURO3jiWob67.jpg</thumbnail>
    <fanart>https://image.tmdb.org/t/p/w1280//jlU4FvYxUXaxyYM0worlD7wHdQj.jpg</fanart>
</item>
<item>
    <title>The Ugly Truth</title>
    <meta>
        <imdb>tt1142988</imdb>
        <content>movie</content>
        <title>The Ugly Truth</title>
        <year>2009</year>
    </meta>
    <link>
        <sublink>search</sublink>
        <sublink>searchsd</sublink>
    </link>
    <thumbnail>https://image.tmdb.org/t/p/w1280//xbIEfRy1qLYyChHc3cqaYLIWdVS.jpg</thumbnail>
    <fanart>https://image.tmdb.org/t/p/w1280//w9Zeo9D6kpdizGKPgFHdrOLYkFE.jpg</fanart>
</item>
<item>
    <title>Just Married</title>
    <meta>
        <imdb>tt0305711</imdb>
        <content>movie</content>
        <title>Just Married</title>
        <year>2003</year>
    </meta>
    <link>
        <sublink>search</sublink>
        <sublink>searchsd</sublink>
    </link>
    <thumbnail>https://image.tmdb.org/t/p/w1280//15Xm4K7vPLRYDDErYK6lnbuvXWY.jpg</thumbnail>
    <fanart>https://image.tmdb.org/t/p/w1280//aJBZSAmTyTFCQ6vYc2O9Tr4uLrS.jpg</fanart>
</item>
<item>
    <title>The 40 Year Old Virgin</title>
    <meta>
        <imdb>tt0405422</imdb>
        <content>movie</content>
        <title>The 40 Year Old Virgin</title>
        <year>2005</year>
    </meta>
    <link>
        <sublink>search</sublink>
        <sublink>searchsd</sublink>
    </link>
    <thumbnail>https://image.tmdb.org/t/p/w1280//kFXfr0ioXRfxz4AvQ6RJ7iFF6PI.jpg</thumbnail>
    <fanart>https://image.tmdb.org/t/p/w1280//rTxVvB9snqgEBI2BPLdw4iwvK2E.jpg</fanart>
</item>
<item>
    <title>Shrek Forever After</title>
    <meta>
        <imdb>tt0892791</imdb>
        <content>movie</content>
        <title>Shrek Forever After</title>
        <year>2010</year>
    </meta>
    <link>
        <sublink>search</sublink>
        <sublink>searchsd</sublink>
    </link>
    <thumbnail>https://image.tmdb.org/t/p/w1280//enqVwbUu6OX5LHq0fuk7sLT35zy.jpg</thumbnail>
    <fanart>https://image.tmdb.org/t/p/w1280//aD8iOuLlEiMfVlHTnAe15fZLo0S.jpg</fanart>
</item>
<item>
    <title>Old School</title>
    <meta>
        <imdb>tt0302886</imdb>
        <content>movie</content>
        <title>Old School</title>
        <year>2003</year>
    </meta>
    <link>
        <sublink>search</sublink>
        <sublink>searchsd</sublink>
    </link>
    <thumbnail>https://image.tmdb.org/t/p/w1280//lvcyZumUoA6OBeqcJknfZVTmKKF.jpg</thumbnail>
    <fanart>https://image.tmdb.org/t/p/w1280//ixpnr4IeYWiuPfPcLPnoy8xNQC6.jpg</fanart>
</item>
<item>
    <title>Get Him to the Greek</title>
    <meta>
        <imdb>tt1226229</imdb>
        <content>movie</content>
        <title>Get Him to the Greek</title>
        <year>2010</year>
    </meta>
    <link>
        <sublink>search</sublink>
        <sublink>searchsd</sublink>
    </link>
    <thumbnail>https://image.tmdb.org/t/p/w1280//gT84OWu3ze3eMapps9s8GxZNFct.jpg</thumbnail>
    <fanart>https://image.tmdb.org/t/p/w1280//5vEJkHXYDYW3RDZD31cQsQ0hoeF.jpg</fanart>
</item>
<item>
    <title>The Sitter</title>
    <meta>
        <imdb>tt1366344</imdb>
        <content>movie</content>
        <title>The Sitter</title>
        <year>2011</year>
    </meta>
    <link>
        <sublink>search</sublink>
        <sublink>searchsd</sublink>
    </link>
    <thumbnail>https://image.tmdb.org/t/p/w1280//fjEbzpUboJB9TTxU0VuNpvhQOw.jpg</thumbnail>
    <fanart>https://image.tmdb.org/t/p/w1280//hGp2VR0Owc8WgiXtljsSzgJtIIg.jpg</fanart>
</item>
<item>
    <title>Project X</title>
    <meta>
        <imdb>tt1636826</imdb>
        <content>movie</content>
        <title>Project X</title>
        <year>2012</year>
    </meta>
    <link>
        <sublink>search</sublink>
        <sublink>searchsd</sublink>
    </link>
    <thumbnail>https://image.tmdb.org/t/p/w1280//cWXkRLmzKfYutvWeJXaednoGKdF.jpg</thumbnail>
    <fanart>https://image.tmdb.org/t/p/w1280//iFLAEKnLQZNeYztE7Vy5NbL4Tw1.jpg</fanart>
</item>
<item>
    <title>Forgetting Sarah Marshall</title>
    <meta>
        <imdb>tt0800039</imdb>
        <content>movie</content>
        <title>Forgetting Sarah Marshall</title>
        <year>2008</year>
    </meta>
    <link>
        <sublink>search</sublink>
        <sublink>searchsd</sublink>
    </link>
    <thumbnail>https://image.tmdb.org/t/p/w1280//rAXlZmQ3gg4mScySg1kvs0ZLdCb.jpg</thumbnail>
    <fanart>https://image.tmdb.org/t/p/w1280//m6gLGI5PorxfX1ZeicIQ3UgtvHP.jpg</fanart>
</item>
<item>
    <title>National Lampoon's Van Wilder</title>
    <meta>
        <imdb>tt0283111</imdb>
        <content>movie</content>
        <title>National Lampoon's Van Wilder</title>
        <year>2002</year>
    </meta>
    <link>
        <sublink>search</sublink>
        <sublink>searchsd</sublink>
    </link>
    <thumbnail>https://image.tmdb.org/t/p/w1280//oYBUZdW55GPH8D3cPk1HjPQRoYP.jpg</thumbnail>
    <fanart>https://image.tmdb.org/t/p/w1280//5K1odsfovf5hL9W2077ENf5pIC1.jpg</fanart>
</item>
<item>
    <title>The Wedding Singer</title>
    <meta>
        <imdb>tt0120888</imdb>
        <content>movie</content>
        <title>The Wedding Singer</title>
        <year>1998</year>
    </meta>
    <link>
        <sublink>search</sublink>
        <sublink>searchsd</sublink>
    </link>
    <thumbnail>https://image.tmdb.org/t/p/w1280//t4M6RrwBQKTqbnG9vqG339G7FCC.jpg</thumbnail>
    <fanart>https://image.tmdb.org/t/p/w1280//sWGFvPVwfzMu8o259fA2j76m2uI.jpg</fanart>
</item>
<item>
    <title>American Wedding</title>
    <meta>
        <imdb>tt0328828</imdb>
        <content>movie</content>
        <title>American Wedding</title>
        <year>2003</year>
    </meta>
    <link>
        <sublink>search</sublink>
        <sublink>searchsd</sublink>
    </link>
    <thumbnail>https://image.tmdb.org/t/p/w1280//lcLuBjI3Hr12mGFKJvdMeZdf3AN.jpg</thumbnail>
    <fanart>https://image.tmdb.org/t/p/w1280//5CDIezS2xJtcSXPL24Z2dIeUOp0.jpg</fanart>
</item>
<item>
    <title>Mrs. Doubtfire</title>
    <meta>
        <imdb>tt0107614</imdb>
        <content>movie</content>
        <title>Mrs. Doubtfire</title>
        <year>1993</year>
    </meta>
    <link>
        <sublink>search</sublink>
        <sublink>searchsd</sublink>
    </link>
    <thumbnail>https://image.tmdb.org/t/p/w1280//jx4NvllNGN7o5bpIhcCMh26Xwaj.jpg</thumbnail>
    <fanart>https://image.tmdb.org/t/p/w1280//qNsWEoqmGPJJk9c0orgycftzRQi.jpg</fanart>
</item>
<item>
    <title>Who Framed Roger Rabbit</title>
    <meta>
        <imdb>tt0096438</imdb>
        <content>movie</content>
        <title>Who Framed Roger Rabbit</title>
        <year>1988</year>
    </meta>
    <link>
        <sublink>search</sublink>
        <sublink>searchsd</sublink>
    </link>
    <thumbnail>https://image.tmdb.org/t/p/w1280//lYfRc57Kx9VgLZ48iulu0HKnM15.jpg</thumbnail>
    <fanart>https://image.tmdb.org/t/p/w1280//9podqGmd36AJHO13HQIQHQZRTJC.jpg</fanart>
</item>
<item>
    <title>Mr. Deeds</title>
    <meta>
        <imdb>tt0280590</imdb>
        <content>movie</content>
        <title>Mr. Deeds</title>
        <year>2002</year>
    </meta>
    <link>
        <sublink>search</sublink>
        <sublink>searchsd</sublink>
    </link>
    <thumbnail>https://image.tmdb.org/t/p/w1280//l3hmNjhxmqjXrvGNMMmeOmsyX3r.jpg</thumbnail>
    <fanart>https://image.tmdb.org/t/p/w1280//bDPs32HRBalnN8HyYMH0xoG4VIW.jpg</fanart>
</item>
<item>
    <title>Superbad</title>
    <meta>
        <imdb>tt0829482</imdb>
        <content>movie</content>
        <title>Superbad</title>
        <year>2007</year>
    </meta>
    <link>
        <sublink>search</sublink>
        <sublink>searchsd</sublink>
    </link>
    <thumbnail>https://image.tmdb.org/t/p/w1280//7RZWtDkf0mgrxvJNFj43YW2Ugi8.jpg</thumbnail>
    <fanart>https://image.tmdb.org/t/p/w1280//kQzcHOxcjZ8hG0bF0tMNPghAFe0.jpg</fanart>
</item>
<item>
    <title>Dumb and Dumber</title>
    <meta>
        <imdb>tt0109686</imdb>
        <content>movie</content>
        <title>Dumb and Dumber</title>
        <year>1994</year>
    </meta>
    <link>
        <sublink>search</sublink>
        <sublink>searchsd</sublink>
    </link>
    <thumbnail>https://image.tmdb.org/t/p/w1280//3PEAkZHa8ehfUkuKbzmQNRTTAAs.jpg</thumbnail>
    <fanart>https://image.tmdb.org/t/p/w1280//2BkcMxgEq7i5x69Q6w77JeEewWr.jpg</fanart>
</item>
<item>
    <title>10 Things I Hate About You</title>
    <meta>
        <imdb>tt0147800</imdb>
        <content>movie</content>
        <title>10 Things I Hate About You</title>
        <year>1999</year>
    </meta>
    <link>
        <sublink>search</sublink>
        <sublink>searchsd</sublink>
    </link>
    <thumbnail>https://image.tmdb.org/t/p/w1280//paS5plbzKz3PYddxky6svYYz3hS.jpg</thumbnail>
    <fanart>https://image.tmdb.org/t/p/w1280//oi5EvMTKxhUngCveced3dwx1ctF.jpg</fanart>
</item>
<item>
    <title>Knocked Up</title>
    <meta>
        <imdb>tt0478311</imdb>
        <content>movie</content>
        <title>Knocked Up</title>
        <year>2007</year>
    </meta>
    <link>
        <sublink>search</sublink>
        <sublink>searchsd</sublink>
    </link>
    <thumbnail>https://image.tmdb.org/t/p/w1280//b4OaXw2MW97VvIiZE0Sbn1NfxSh.jpg</thumbnail>
    <fanart>https://image.tmdb.org/t/p/w1280//cmEojt7Ykuk6p2argyu0hEDoo0d.jpg</fanart>
</item>
<item>
    <title>Wedding Crashers</title>
    <meta>
        <imdb>tt0396269</imdb>
        <content>movie</content>
        <title>Wedding Crashers</title>
        <year>2005</year>
    </meta>
    <link>
        <sublink>search</sublink>
        <sublink>searchsd</sublink>
    </link>
    <thumbnail>https://image.tmdb.org/t/p/w1280//5vMEXtz1DXgxFsv8pgFFGuOlI8V.jpg</thumbnail>
    <fanart>https://image.tmdb.org/t/p/w1280//rJc3s3wOLnj0ZAl8PR9GVR5nc9V.jpg</fanart>
</item>
<item>
    <title>He's Just Not That Into You</title>
    <meta>
        <imdb>tt1001508</imdb>
        <content>movie</content>
        <title>He's Just Not That Into You</title>
        <year>2009</year>
    </meta>
    <link>
        <sublink>search</sublink>
        <sublink>searchsd</sublink>
    </link>
    <thumbnail>https://image.tmdb.org/t/p/w1280//ruc33YnCrmCL8PHdPQVzfa4shWX.jpg</thumbnail>
    <fanart>https://image.tmdb.org/t/p/w1280//lyltBzgnMcWo13FTc1RyU8Xl1Zk.jpg</fanart>
</item>
<item>
    <title>The Break-Up</title>
    <meta>
        <imdb>tt0452594</imdb>
        <content>movie</content>
        <title>The Break-Up</title>
        <year>2006</year>
    </meta>
    <link>
        <sublink>search</sublink>
        <sublink>searchsd</sublink>
    </link>
    <thumbnail>https://image.tmdb.org/t/p/w1280//wjbKWg1Zcu70mNWo5SzqMkQlQQe.jpg</thumbnail>
    <fanart>https://image.tmdb.org/t/p/w1280//ttdIBocxJOLaDHlibyp8tVfXnLH.jpg</fanart>
</item>
<item>
    <title>She's All That</title>
    <meta>
        <imdb>tt0160862</imdb>
        <content>movie</content>
        <title>She's All That</title>
        <year>1999</year>
    </meta>
    <link>
        <sublink>search</sublink>
        <sublink>searchsd</sublink>
    </link>
    <thumbnail>https://image.tmdb.org/t/p/w1280//2kWpjQ3O6DZywdIoPlvXCk3T91P.jpg</thumbnail>
    <fanart>https://image.tmdb.org/t/p/w1280//f2Vyj75EU1Cbdh0homXignBcdYG.jpg</fanart>
</item>
<item>
    <title>Shrek</title>
    <meta>
        <imdb>tt0126029</imdb>
        <content>movie</content>
        <title>Shrek</title>
        <year>2001</year>
    </meta>
    <link>
        <sublink>search</sublink>
        <sublink>searchsd</sublink>
    </link>
    <thumbnail>https://image.tmdb.org/t/p/w1280//140ewbWv8qHStD3mlBDvvGd0Zvu.jpg</thumbnail>
    <fanart>https://image.tmdb.org/t/p/w1280//wBG4kHfhwm3bLwKUFNRByXXv4r2.jpg</fanart>
</item>
<item>
    <title>When Harry Met Sally...</title>
    <meta>
        <imdb>tt0098635</imdb>
        <content>movie</content>
        <title>When Harry Met Sally...</title>
        <year>1989</year>
    </meta>
    <link>
        <sublink>search</sublink>
        <sublink>searchsd</sublink>
    </link>
    <thumbnail>https://image.tmdb.org/t/p/w1280//anYI1fzx90PgjO9PY3JStJZJmQT.jpg</thumbnail>
    <fanart>https://image.tmdb.org/t/p/w1280//npPW0YbZIYTwYuixpNqXZADgwkW.jpg</fanart>
</item>
<item>
    <title>Shrek 2</title>
    <meta>
        <imdb>tt0298148</imdb>
        <content>movie</content>
        <title>Shrek 2</title>
        <year>2004</year>
    </meta>
    <link>
        <sublink>search</sublink>
        <sublink>searchsd</sublink>
    </link>
    <thumbnail>https://image.tmdb.org/t/p/w1280//akWDA0BMVYK4OTM92T5i91DYnsT.jpg</thumbnail>
    <fanart>https://image.tmdb.org/t/p/w1280//nJ0TsLEeht6y30AMryc4ElQ8gzp.jpg</fanart>
</item>
<item>
    <title>Joe Dirt</title>
    <meta>
        <imdb>tt0245686</imdb>
        <content>movie</content>
        <title>Joe Dirt</title>
        <year>2001</year>
    </meta>
    <link>
        <sublink>search</sublink>
        <sublink>searchsd</sublink>
    </link>
    <thumbnail>https://image.tmdb.org/t/p/w1280//8FKSjl4cEg4OEyWdCTjqAT8M6qv.jpg</thumbnail>
    <fanart>https://image.tmdb.org/t/p/w1280//uPjtNMZtiANjxE2hOkDhYy9TQ1C.jpg</fanart>
</item>
<item>
    <title>Nick and Norah's Infinite Playlist</title>
    <meta>
        <imdb>tt0981227</imdb>
        <content>movie</content>
        <title>Nick and Norah's Infinite Playlist</title>
        <year>2008</year>
    </meta>
    <link>
        <sublink>search</sublink>
        <sublink>searchsd</sublink>
    </link>
    <thumbnail>https://image.tmdb.org/t/p/w1280//pM199sJFY0MQo5IcfUFWmAZUlt7.jpg</thumbnail>
    <fanart>https://image.tmdb.org/t/p/w1280//rtlDVhRzjqjKwxchtbowrcXBUkd.jpg</fanart>
</item>
<item>
    <title>American Reunion</title>
    <meta>
        <imdb>tt1605630</imdb>
        <content>movie</content>
        <title>American Reunion</title>
        <year>2012</year>
    </meta>
    <link>
        <sublink>search</sublink>
        <sublink>searchsd</sublink>
    </link>
    <thumbnail>https://image.tmdb.org/t/p/w1280//yfOZaUh08d1YtLCtgvfRRAssrR7.jpg</thumbnail>
    <fanart>https://image.tmdb.org/t/p/w1280//tF32ruwlUGECw25FKVyWdIiTuxu.jpg</fanart>
</item>
<item>
    <title>Pitch Perfect</title>
    <meta>
        <imdb>tt1981677</imdb>
        <content>movie</content>
        <title>Pitch Perfect</title>
        <year>2012</year>
    </meta>
    <link>
        <sublink>search</sublink>
        <sublink>searchsd</sublink>
    </link>
    <thumbnail>https://image.tmdb.org/t/p/w1280//cLUMPdwCV0Dxd3P1ZkCXe7bVImI.jpg</thumbnail>
    <fanart>https://image.tmdb.org/t/p/w1280//ePqwTIoJeKJwShMABMst5duBcw9.jpg</fanart>
</item>
<item>
    <title>Walk of Shame</title>
    <meta>
        <imdb>tt2463288</imdb>
        <content>movie</content>
        <title>Walk of Shame</title>
        <year>2014</year>
    </meta>
    <link>
        <sublink>search</sublink>
        <sublink>searchsd</sublink>
    </link>
    <thumbnail>https://image.tmdb.org/t/p/w1280//5TGX6do5nemPYyHCptjqHzU4HfR.jpg</thumbnail>
    <fanart>https://image.tmdb.org/t/p/w1280//gD4hMnRj7539lYTowUydqARWRaJ.jpg</fanart>
</item>
<item>
    <title>Friends with Benefits</title>
    <meta>
        <imdb>tt1632708</imdb>
        <content>movie</content>
        <title>Friends with Benefits</title>
        <year>2011</year>
    </meta>
    <link>
        <sublink>search</sublink>
        <sublink>searchsd</sublink>
    </link>
    <thumbnail>https://image.tmdb.org/t/p/w1280//tmVuyRSS9RYFs73YGbMnFous7DH.jpg</thumbnail>
    <fanart>https://image.tmdb.org/t/p/w1280//liq5ljqURqLiBUgMkNiR388ZuSH.jpg</fanart>
</item>
<item>
    <title>Joe Dirt 2: Beautiful Loser</title>
    <meta>
        <imdb>tt4126340</imdb>
        <content>movie</content>
        <title>Joe Dirt 2: Beautiful Loser</title>
        <year>2015</year>
    </meta>
    <link>
        <sublink>search</sublink>
        <sublink>searchsd</sublink>
    </link>
    <thumbnail>https://image.tmdb.org/t/p/w1280//A9lBzMw1tOtMb8QZ2kob1edS8tf.jpg</thumbnail>
    <fanart>https://image.tmdb.org/t/p/w1280//jbgQaxdKXcHXj2EeY71V3eLVIik.jpg</fanart>
</item>
<item>
    <title>Love Is Thicker Than Water</title>
    <meta>
        <imdb>tt4092422</imdb>
        <content>movie</content>
        <title>Love Is Thicker Than Water</title>
        <year>2017</year>
    </meta>
    <link>
        <sublink>search</sublink>
        <sublink>searchsd</sublink>
    </link>
    <thumbnail>https://image.tmdb.org/t/p/w1280//9rh9YrHZvBKPUVrEdC2tUD7Egv9.jpg</thumbnail>
    <fanart>https://image.tmdb.org/t/p/w1280//k8hpbiX2v5rLn8ZofFtIDi6aulK.jpg</fanart>
</item>
<item>
    <title>Madame</title>
    <meta>
        <imdb>tt6045466</imdb>
        <content>movie</content>
        <title>Madame</title>
        <year>2017</year>
    </meta>
    <link>
        <sublink>search</sublink>
        <sublink>searchsd</sublink>
    </link>
    <thumbnail>https://image.tmdb.org/t/p/w1280//fuMVz4ms5GKvkgJHLMz52ZKsxEs.jpg</thumbnail>
    <fanart>https://image.tmdb.org/t/p/w1280//dQRHezuwYa33M86z0onbmTN5uJK.jpg</fanart>
</item>
<item>
    <title>Coffee with Ana</title>
    <meta>
        <imdb>tt7107018</imdb>
        <content>movie</content>
        <title>Coffee with Ana</title>
        <year>2017</year>
    </meta>
    <link>
        <sublink>search</sublink>
        <sublink>searchsd</sublink>
    </link>
    <thumbnail>https://image.tmdb.org/t/p/w1280//exCyn4iO59IodHefAj4I6sGcQl3.jpg</thumbnail>
    <fanart>https://image.tmdb.org/t/p/w1280//uEwYjRL7OWqJpPZnNE6rUNZ3A1v.jpg</fanart>
</item>
<item>
    <title>Hampstead</title>
    <meta>
        <imdb>tt5153236</imdb>
        <content>movie</content>
        <title>Hampstead</title>
        <year>2017</year>
    </meta>
    <link>
        <sublink>search</sublink>
        <sublink>searchsd</sublink>
    </link>
    <thumbnail>https://image.tmdb.org/t/p/w1280//4cGSmYEMpmWSiyb1RHvgCe4tgsv.jpg</thumbnail>
    <fanart>https://image.tmdb.org/t/p/w1280//zZLvILFQO2RrW0JsMDOonFS0gl4.jpg</fanart>
</item>
<item>
    <title>Pitch Perfect 2</title>
    <meta>
        <imdb>tt2848292</imdb>
        <content>movie</content>
        <title>Pitch Perfect 2</title>
        <year>2015</year>
    </meta>
    <link>
        <sublink>search</sublink>
        <sublink>searchsd</sublink>
    </link>
    <thumbnail>https://image.tmdb.org/t/p/w1280//yIjCMpDBX41odDcMUWIEHibzdv5.jpg</thumbnail>
    <fanart>https://image.tmdb.org/t/p/w1280//qnzdloPp03sOhEpCyTQpjbdcGW5.jpg</fanart>
</item>
<item>
    <title>Valentine's Again</title>
    <meta>
        <imdb>tt6964966</imdb>
        <content>movie</content>
        <title>Valentine's Again</title>
        <year>2017</year>
    </meta>
    <link>
        <sublink>search</sublink>
        <sublink>searchsd</sublink>
    </link>
    <thumbnail>https://image.tmdb.org/t/p/w1280//nbluxIsETvjXYE3mwwZyMkqvZqC.jpg</thumbnail>
    <fanart/>
</item>
<item>
    <title>Angry Angel</title>
    <meta>
        <imdb>tt7587242</imdb>
        <content>movie</content>
        <title>Angry Angel</title>
        <year>2017</year>
    </meta>
    <link>
        <sublink>search</sublink>
        <sublink>searchsd</sublink>
    </link>
    <thumbnail>https://image.tmdb.org/t/p/w1280//4ZqdKohYHR6UJ4UaDdKdZCU2IlX.jpg</thumbnail>
    <fanart/>
</item>
<item>
    <title>American Pie 2</title>
    <meta>
        <imdb>tt0252866</imdb>
        <content>movie</content>
        <title>American Pie 2</title>
        <year>2001</year>
    </meta>
    <link>
        <sublink>search</sublink>
        <sublink>searchsd</sublink>
    </link>
    <thumbnail>https://image.tmdb.org/t/p/w1280//q4LNgUnRfltxzp3gf1MAGiK5LhV.jpg</thumbnail>
    <fanart>https://image.tmdb.org/t/p/w1280//1C1d3Tpesm8Vn3BRqsQZt0LfZcG.jpg</fanart>
</item>
<item>
    <title>50 First Dates</title>
    <meta>
        <imdb>tt0343660</imdb>
        <content>movie</content>
        <title>50 First Dates</title>
        <year>2004</year>
    </meta>
    <link>
        <sublink>search</sublink>
        <sublink>searchsd</sublink>
    </link>
    <thumbnail>https://image.tmdb.org/t/p/w1280//vKKdsaq3OomDvFdpPpWVg0L6gB9.jpg</thumbnail>
    <fanart>https://image.tmdb.org/t/p/w1280//eabV1BbZgghMJSOmjZ1EQ987Zuh.jpg</fanart>
</item>
