<item>
    <title>Before Sunset (2004)</title>
    <meta>
        <content>movie</content>
        <imdb>tt0381681</imdb>
        <title>Before Sunset</title>
        <year>2004</year>
    </meta>
    <link>
        <sublink>search</sublink>
        <sublink>searchsd</sublink>
    </link>
    <thumbnail>https://image.tmdb.org/t/p/w1280/gycdE1ARByGQcK4fYR2mgpU6OO.jpg</thumbnail>
    <fanart>https://image.tmdb.org/t/p/w1280/2Kx2q1GOmYRjxmILEFIusMIGTUc.jpg</fanart>
</item>
<item>
    <title>Before Midnight (2013)</title>
    <meta>
        <content>movie</content>
        <imdb>tt2209418</imdb>
        <title>Before Midnight</title>
        <year>2013</year>
    </meta>
    <link>
        <sublink>search</sublink>
        <sublink>searchsd</sublink>
    </link>
    <thumbnail>https://image.tmdb.org/t/p/w1280/uDdobcCBfPObD2pqDSTjXxELt3c.jpg</thumbnail>
    <fanart>https://image.tmdb.org/t/p/w1280/gXJXJiQtvm0JsSMybsaEQaiQKlq.jpg</fanart>
</item>
<item>
    <title>Once (2007)</title>
    <meta>
        <content>movie</content>
        <imdb>tt0907657</imdb>
        <title>Once</title>
        <year>2007</year>
    </meta>
    <link>
        <sublink>search</sublink>
        <sublink>searchsd</sublink>
    </link>
    <thumbnail>https://image.tmdb.org/t/p/w1280/fEjwJfeDxgsRBlYgEWMgvrKQ6VB.jpg</thumbnail>
    <fanart>https://image.tmdb.org/t/p/w1280/5e9rYIQzaSy3v6ntyFuA3N4QN6b.jpg</fanart>
</item>
<item>
    <title>The Princess Bride (1987)</title>
    <meta>
        <content>movie</content>
        <imdb>tt0093779</imdb>
        <title>The Princess Bride</title>
        <year>1987</year>
    </meta>
    <link>
        <sublink>search</sublink>
        <sublink>searchsd</sublink>
    </link>
    <thumbnail>https://image.tmdb.org/t/p/w1280/gpxjoE0yvRwIhFEJgNArtKtaN7S.jpg</thumbnail>
    <fanart>https://image.tmdb.org/t/p/w1280/npIKgqpD8jbowpem9L3U4NUkEO3.jpg</fanart>
</item>
<item>
    <title>When Harry Met Sally... (1989)</title>
    <meta>
        <content>movie</content>
        <imdb>tt0098635</imdb>
        <title>When Harry Met Sally...</title>
        <year>1989</year>
    </meta>
    <link>
        <sublink>search</sublink>
        <sublink>searchsd</sublink>
    </link>
    <thumbnail>https://image.tmdb.org/t/p/w1280/anYI1fzx90PgjO9PY3JStJZJmQT.jpg</thumbnail>
    <fanart>https://image.tmdb.org/t/p/w1280/npPW0YbZIYTwYuixpNqXZADgwkW.jpg</fanart>
</item>
<item>
    <title>City of Angels (1998)</title>
    <meta>
        <content>movie</content>
        <imdb>tt0120632</imdb>
        <title>City of Angels</title>
        <year>1998</year>
    </meta>
    <link>
        <sublink>search</sublink>
        <sublink>searchsd</sublink>
    </link>
    <thumbnail>https://image.tmdb.org/t/p/w1280/dMvup91Svpns2SfCtZ4jiSFiouV.jpg</thumbnail>
    <fanart>https://image.tmdb.org/t/p/w1280/1TcaKTQexv6m38k1t1Vfimco3dK.jpg</fanart>
</item>
<item>
    <title>(500) Days of Summer (2009)</title>
    <meta>
        <content>movie</content>
        <imdb>tt1022603</imdb>
        <title>(500) Days of Summer</title>
        <year>2009</year>
    </meta>
    <link>
        <sublink>search</sublink>
        <sublink>searchsd</sublink>
    </link>
    <thumbnail>https://image.tmdb.org/t/p/w1280/5SjtNPD1bb182vzQccvEUpXHFjN.jpg</thumbnail>
    <fanart>https://image.tmdb.org/t/p/w1280/yYw9cVdRJ4zzwxM2cTDXfT6JI6E.jpg</fanart>
</item>
<item>
    <title>Casablanca (1942)</title>
    <meta>
        <content>movie</content>
        <imdb>tt0034583</imdb>
        <title>Casablanca</title>
        <year>1942</year>
    </meta>
    <link>
        <sublink>search</sublink>
        <sublink>searchsd</sublink>
    </link>
    <thumbnail>https://image.tmdb.org/t/p/w1280/9UViITBCKeLYWg8Wblbmb9l25mS.jpg</thumbnail>
    <fanart>https://image.tmdb.org/t/p/w1280/xRqsFFteJrvLHxswk78NzU7zOrU.jpg</fanart>
</item>
<item>
    <title>Before Sunrise (1995)</title>
    <meta>
        <content>movie</content>
        <imdb>tt0112471</imdb>
        <title>Before Sunrise</title>
        <year>1995</year>
    </meta>
    <link>
        <sublink>search</sublink>
        <sublink>searchsd</sublink>
    </link>
    <thumbnail>https://image.tmdb.org/t/p/w1280/jsQy4ZbPHA8hE2O6QU05PpofI61.jpg</thumbnail>
    <fanart>https://image.tmdb.org/t/p/w1280/x2M8mp6wSU4iFPECacHJkQuuvYx.jpg</fanart>
</item>
<item>
    <title>Eternal Sunshine of the Spotless Mind (2004)</title>
    <meta>
        <content>movie</content>
        <imdb>tt0338013</imdb>
        <title>Eternal Sunshine of the Spotless Mind</title>
        <year>2004</year>
    </meta>
    <link>
        <sublink>search</sublink>
        <sublink>searchsd</sublink>
    </link>
    <thumbnail>https://image.tmdb.org/t/p/w1280/7y3eYvTsGjxPYDtSnumCLIMDkrV.jpg</thumbnail>
    <fanart>https://image.tmdb.org/t/p/w1280/1dXTsaFxHoF9cas08UjAqE8NqOW.jpg</fanart>
</item>
<item>
    <title>Nocturnal Animals (2016)</title>
    <meta>
        <content>movie</content>
        <imdb>tt4550098</imdb>
        <title>Nocturnal Animals</title>
        <year>2016</year>
    </meta>
    <link>
        <sublink>search</sublink>
        <sublink>searchsd</sublink>
    </link>
    <thumbnail>https://image.tmdb.org/t/p/w1280/9Moizj8qxcZK6DqEE1MTO3pQAEw.jpg</thumbnail>
    <fanart>https://image.tmdb.org/t/p/w1280/wVD5IdqGNFYGFzO3qcxj6GhRR3H.jpg</fanart>
</item>
<item>
    <title>In the Mood for Love (2000)</title>
    <meta>
        <content>movie</content>
        <imdb>tt0118694</imdb>
        <title>In the Mood for Love</title>
        <year>2000</year>
    </meta>
    <link>
        <sublink>search</sublink>
        <sublink>searchsd</sublink>
    </link>
    <thumbnail>https://image.tmdb.org/t/p/w1280/unOW3SxFxBdd7LMWjmRONdHWKPb.jpg</thumbnail>
    <fanart>https://image.tmdb.org/t/p/w1280/fAA0S3rM3o5Sp8TIdS0MvWOGsCQ.jpg</fanart>
</item>
<item>
    <title>Love Actually (2003)</title>
    <meta>
        <content>movie</content>
        <imdb>tt0314331</imdb>
        <title>Love Actually</title>
        <year>2003</year>
    </meta>
    <link>
        <sublink>search</sublink>
        <sublink>searchsd</sublink>
    </link>
    <thumbnail>https://image.tmdb.org/t/p/w1280/kfX8Ctin3fSZbdnjh6CXSNZUOVP.jpg</thumbnail>
    <fanart>https://image.tmdb.org/t/p/w1280/cgHEM9JuK7XhZXJsLHCnJmu5uQr.jpg</fanart>
</item>
<item>
    <title>Her (2013)</title>
    <meta>
        <content>movie</content>
        <imdb>tt1798709</imdb>
        <title>Her</title>
        <year>2013</year>
    </meta>
    <link>
        <sublink>search</sublink>
        <sublink>searchsd</sublink>
    </link>
    <thumbnail>https://image.tmdb.org/t/p/w1280/fsoTLnUXEUTNuVCBxAJMY0HPPd.jpg</thumbnail>
    <fanart>https://image.tmdb.org/t/p/w1280/4f4tWe6uhwtuKMygfIAytR2W0pj.jpg</fanart>
</item>
<item>
    <title>50 First Dates (2004)</title>
    <meta>
        <content>movie</content>
        <imdb>tt0343660</imdb>
        <title>50 First Dates</title>
        <year>2004</year>
    </meta>
    <link>
        <sublink>search</sublink>
        <sublink>searchsd</sublink>
    </link>
    <thumbnail>https://image.tmdb.org/t/p/w1280/vKKdsaq3OomDvFdpPpWVg0L6gB9.jpg</thumbnail>
    <fanart>https://image.tmdb.org/t/p/w1280/eabV1BbZgghMJSOmjZ1EQ987Zuh.jpg</fanart>
</item>
<item>
    <title>Can't Buy Me Love (1987)</title>
    <meta>
        <content>movie</content>
        <imdb>tt0092718</imdb>
        <title>Can't Buy Me Love</title>
        <year>1987</year>
    </meta>
    <link>
        <sublink>search</sublink>
        <sublink>searchsd</sublink>
    </link>
    <thumbnail>https://image.tmdb.org/t/p/w1280/geOwlE0QhYQoIt3JiGzNOPeZ64G.jpg</thumbnail>
    <fanart>https://image.tmdb.org/t/p/w1280/bTYZxpqOV2YtOqkZZK4n6jeKQeG.jpg</fanart>
</item>
<item>
    <title>The Memory Book (2014 TV Movie)</title>
    <meta>
        <content>movie</content>
        <imdb>tt3593926</imdb>
        <title>The Memory Book</title>
        <year>2014 TV Movie</year>
    </meta>
    <link>
        <sublink>search</sublink>
        <sublink>searchsd</sublink>
    </link>
    <thumbnail>https://image.tmdb.org/t/p/w1280/8iObvqVU6TOQtZCBxLZAp7mABdw.jpg</thumbnail>
    <fanart>https://image.tmdb.org/t/p/w1280/nZJipy6hS3J4CqhRrRRzvG6vt1d.jpg</fanart>
</item>
<item>
    <title>All of My Heart (2015 TV Movie)</title>
    <meta>
        <content>movie</content>
        <imdb>tt4460176</imdb>
        <title>All of My Heart</title>
        <year>2015 TV Movie</year>
    </meta>
    <link>
        <sublink>search</sublink>
        <sublink>searchsd</sublink>
    </link>
    <thumbnail>https://image.tmdb.org/t/p/w1280/kvGliHAzawhZtO1aexLl16oz7o6.jpg</thumbnail>
    <fanart>https://image.tmdb.org/t/p/w1280/qBZswxe7zqHEhfZXVHdlwjwSh7H.jpg</fanart>
</item>
<item>
    <title>Love on the Air (2015 TV Movie)</title>
    <meta>
        <content>movie</content>
        <imdb>tt4539828</imdb>
        <title>Love on the Air</title>
        <year>2015 TV Movie</year>
    </meta>
    <link>
        <sublink>search</sublink>
        <sublink>searchsd</sublink>
    </link>
    <thumbnail>https://image.tmdb.org/t/p/w1280/mpwIaNDLQrW6G1FXQJalOO8kCtE.jpg</thumbnail>
    <fanart>https://image.tmdb.org/t/p/w1280/qoPeEiFmhlR35LBm1tPmQzKiB6x.jpg</fanart>
</item>
<item>
    <title>A Little Bit of Heaven (2011)</title>
    <meta>
        <content>movie</content>
        <imdb>tt1440161</imdb>
        <title>A Little Bit of Heaven</title>
        <year>2011</year>
    </meta>
    <link>
        <sublink>search</sublink>
        <sublink>searchsd</sublink>
    </link>
    <thumbnail>https://image.tmdb.org/t/p/w1280/1DDjTd3eLaUyXcF3ndIUDZpHnPe.jpg</thumbnail>
    <fanart>https://image.tmdb.org/t/p/w1280/hRdPa1NGhGWoquRQsSts5yOoLSS.jpg</fanart>
</item>
<item>
    <title>A Walk to Remember (2002)</title>
    <meta>
        <content>movie</content>
        <imdb>tt0281358</imdb>
        <title>A Walk to Remember</title>
        <year>2002</year>
    </meta>
    <link>
        <sublink>search</sublink>
        <sublink>searchsd</sublink>
    </link>
    <thumbnail>https://image.tmdb.org/t/p/w1280/kso0otMalKy9qSEdrzYP7Bc3Rjg.jpg</thumbnail>
    <fanart>https://image.tmdb.org/t/p/w1280/wPTwGPIL0xqbYFRD2F6LZYwtUdV.jpg</fanart>
</item>
<item>
    <title>About Time (I) (2013)</title>
    <meta>
        <content>movie</content>
        <imdb>tt2194499</imdb>
        <title>About Time</title>
        <year>I 2013</year>
    </meta>
    <link>
        <sublink>search</sublink>
        <sublink>searchsd</sublink>
    </link>
    <thumbnail>https://image.tmdb.org/t/p/w1280/zSuh8dGwqpsWR7ccvYbfxbSZ37o.jpg</thumbnail>
    <fanart>https://image.tmdb.org/t/p/w1280/oNBv90rLY76ifEExrFHdJgLzBQG.jpg</fanart>
</item>
<item>
    <title>The Best of Me (2014)</title>
    <meta>
        <content>movie</content>
        <imdb>tt1972779</imdb>
        <title>The Best of Me</title>
        <year>2014</year>
    </meta>
    <link>
        <sublink>search</sublink>
        <sublink>searchsd</sublink>
    </link>
    <thumbnail>https://image.tmdb.org/t/p/w1280/449Qq1XKgurG4IFTohtsEuBWJ8H.jpg</thumbnail>
    <fanart>https://image.tmdb.org/t/p/w1280/s39ikTKcPr8KNL6PGNCpbq8UxwI.jpg</fanart>
</item>
<item>
    <title>If I Stay (2014)</title>
    <meta>
        <content>movie</content>
        <imdb>tt1355630</imdb>
        <title>If I Stay</title>
        <year>2014</year>
    </meta>
    <link>
        <sublink>search</sublink>
        <sublink>searchsd</sublink>
    </link>
    <thumbnail>https://image.tmdb.org/t/p/w1280/isUQKy3cdfN62DfIp0dhl4hD5oc.jpg</thumbnail>
    <fanart>https://image.tmdb.org/t/p/w1280/jKDkvAGTBN7rSkuYfsn9XHKdKqz.jpg</fanart>
</item>
<item>
    <title>The Great Gatsby (2013)</title>
    <meta>
        <content>movie</content>
        <imdb>tt1343092</imdb>
        <title>The Great Gatsby</title>
        <year>2013</year>
    </meta>
    <link>
        <sublink>search</sublink>
        <sublink>searchsd</sublink>
    </link>
    <thumbnail>https://image.tmdb.org/t/p/w1280/oJpOYPpVWyPeunGbbDGH1KFvea0.jpg</thumbnail>
    <fanart>https://image.tmdb.org/t/p/w1280/w8RV2fu8eja5izgTnhaoL2uokqu.jpg</fanart>
</item>
<item>
    <title>Gimme Shelter (2013)</title>
    <meta>
        <content>movie</content>
        <imdb>tt1657510</imdb>
        <title>Gimme Shelter</title>
        <year>2013</year>
    </meta>
    <link>
        <sublink>search</sublink>
        <sublink>searchsd</sublink>
    </link>
    <thumbnail>https://image.tmdb.org/t/p/w1280/wH7vpiZaLFszp101lfBuJBDSd4Q.jpg</thumbnail>
    <fanart>https://image.tmdb.org/t/p/w1280/dSMaEGFegnkCjVssEZyLB9mC3Ev.jpg</fanart>
</item>
<item>
    <title>The Spectacular Now (2013)</title>
    <meta>
        <content>movie</content>
        <imdb>tt1714206</imdb>
        <title>The Spectacular Now</title>
        <year>2013</year>
    </meta>
    <link>
        <sublink>search</sublink>
        <sublink>searchsd</sublink>
    </link>
    <thumbnail>https://image.tmdb.org/t/p/w1280/iklgvkUqlruQrz8DlUsJzaa9HZh.jpg</thumbnail>
    <fanart>https://image.tmdb.org/t/p/w1280/8zPQ57lSiuRmHjmkRGopGdG4QD5.jpg</fanart>
</item>
<item>
    <title>Pearl Harbor (2001)</title>
    <meta>
        <content>movie</content>
        <imdb>tt0213149</imdb>
        <title>Pearl Harbor</title>
        <year>2001</year>
    </meta>
    <link>
        <sublink>search</sublink>
        <sublink>searchsd</sublink>
    </link>
    <thumbnail>https://image.tmdb.org/t/p/w1280/gzjMpcyV1RksWonaA87DZ8wQTH0.jpg</thumbnail>
    <fanart>https://image.tmdb.org/t/p/w1280/cDctk61tUeQz4LX7tTFPknI28ea.jpg</fanart>
</item>
<item>
    <title>Conviction (II) (2010)</title>
    <meta>
        <content>movie</content>
        <imdb>tt1244754</imdb>
        <title>Conviction</title>
        <year>II 2010</year>
    </meta>
    <link>
        <sublink>search</sublink>
        <sublink>searchsd</sublink>
    </link>
    <thumbnail>https://image.tmdb.org/t/p/w1280/WHmcvCVpbSSnj4UjUUCfQwuiGo.jpg</thumbnail>
    <fanart>https://image.tmdb.org/t/p/w1280/52oAwmHj2irKBSumJLwCCaYFtxi.jpg</fanart>
</item>
<item>
    <title>Changeling (2008)</title>
    <meta>
        <content>movie</content>
        <imdb>tt0824747</imdb>
        <title>Changeling</title>
        <year>2008</year>
    </meta>
    <link>
        <sublink>search</sublink>
        <sublink>searchsd</sublink>
    </link>
    <thumbnail>https://image.tmdb.org/t/p/w1280/qtte2n6ygA1zVG5kLrjUGui28TJ.jpg</thumbnail>
    <fanart>https://image.tmdb.org/t/p/w1280/mYNXGr8HNS1TO7wrQVSywrlduk9.jpg</fanart>
</item>
<item>
    <title>The Butler (I) (2013)</title>
    <meta>
        <content>movie</content>
        <imdb>tt1327773</imdb>
        <title>The Butler</title>
        <year>I 2013</year>
    </meta>
    <link>
        <sublink>search</sublink>
        <sublink>searchsd</sublink>
    </link>
    <thumbnail>https://image.tmdb.org/t/p/w1280/hUjEYTN5NuK8kYRQxngS7itpBQC.jpg</thumbnail>
    <fanart>https://image.tmdb.org/t/p/w1280/zZggWJSG18wPIOrZOgV5LI12LMi.jpg</fanart>
</item>
<item>
    <title>12 Years a Slave (2013)</title>
    <meta>
        <content>movie</content>
        <imdb>tt2024544</imdb>
        <title>12 Years a Slave</title>
        <year>2013</year>
    </meta>
    <link>
        <sublink>search</sublink>
        <sublink>searchsd</sublink>
    </link>
    <thumbnail>https://image.tmdb.org/t/p/w1280/kb3X943WMIJYVg4SOAyK0pmWL5D.jpg</thumbnail>
    <fanart>https://image.tmdb.org/t/p/w1280/xnRPoFI7wzOYviw3PmoG94X2Lnc.jpg</fanart>
</item>
<item>
    <title>Lovelace (2013)</title>
    <meta>
        <content>movie</content>
        <imdb>tt1426329</imdb>
        <title>Lovelace</title>
        <year>2013</year>
    </meta>
    <link>
        <sublink>search</sublink>
        <sublink>searchsd</sublink>
    </link>
    <thumbnail>https://image.tmdb.org/t/p/w1280/6J4zI97usxdjhzobBkqFW1d9OQ5.jpg</thumbnail>
    <fanart>https://image.tmdb.org/t/p/w1280/4z77i6kxomsphwdSbksCKFeWnJZ.jpg</fanart>
</item>
<item>
    <title>Love and Honor (2013)</title>
    <meta>
        <content>movie</content>
        <imdb>tt1976989</imdb>
        <title>Love and Honor</title>
        <year>2013</year>
    </meta>
    <link>
        <sublink>search</sublink>
        <sublink>searchsd</sublink>
    </link>
    <thumbnail>https://image.tmdb.org/t/p/w1280/e5R69Z5FviS3Ngp23IExu9G3rTW.jpg</thumbnail>
    <fanart>https://image.tmdb.org/t/p/w1280/9KixRGJrkgVMC7EERMyqvlwNnt4.jpg</fanart>
</item>
<item>
    <title>Leaving Las Vegas (1995)</title>
    <meta>
        <content>movie</content>
        <imdb>tt0113627</imdb>
        <title>Leaving Las Vegas</title>
        <year>1995</year>
    </meta>
    <link>
        <sublink>search</sublink>
        <sublink>searchsd</sublink>
    </link>
    <thumbnail>https://image.tmdb.org/t/p/w1280/37qHRJxnSh5YkuaN9FgfNnMl3Tj.jpg</thumbnail>
    <fanart>https://image.tmdb.org/t/p/w1280/2gJDuPxrZBns5ab47HQbyU2l6Im.jpg</fanart>
</item>
<item>
    <title>The Impossible (2012)</title>
    <meta>
        <content>movie</content>
        <imdb>tt1649419</imdb>
        <title>The Impossible</title>
        <year>2012</year>
    </meta>
    <link>
        <sublink>search</sublink>
        <sublink>searchsd</sublink>
    </link>
    <thumbnail>https://image.tmdb.org/t/p/w1280/sEx5mrVvVyyJHICMGe55KaUzEgt.jpg</thumbnail>
    <fanart>https://image.tmdb.org/t/p/w1280/r6LI3kLwRUMiyoo5HofgOIlnNCI.jpg</fanart>
</item>
<item>
    <title>Safe Haven (I) (2013)</title>
    <meta>
        <content>movie</content>
        <imdb>tt1702439</imdb>
        <title>Safe Haven</title>
        <year>I 2013</year>
    </meta>
    <link>
        <sublink>search</sublink>
        <sublink>searchsd</sublink>
    </link>
    <thumbnail>https://image.tmdb.org/t/p/w1280/q5u3anNtsMoCFi1uwK2UfWHkOFt.jpg</thumbnail>
    <fanart>https://image.tmdb.org/t/p/w1280/rxWM3Jnb4sCmmyALeSwK6RlyooP.jpg</fanart>
</item>
<item>
    <title>Hachi: A Dog's Tale (2009)</title>
    <meta>
        <content>movie</content>
        <imdb>tt1028532</imdb>
        <title>Hachi: A Dog's Tale</title>
        <year>2009</year>
    </meta>
    <link>
        <sublink>search</sublink>
        <sublink>searchsd</sublink>
    </link>
    <thumbnail>https://image.tmdb.org/t/p/w1280/3MpVmIg6CgOCUrZ2TZ2P0yitCbM.jpg</thumbnail>
    <fanart>https://image.tmdb.org/t/p/w1280/m87xptCZD6J15HcioOOX4kfEdeD.jpg</fanart>
</item>
<item>
    <title>Letters to Juliet (2010)</title>
    <meta>
        <content>movie</content>
        <imdb>tt0892318</imdb>
        <title>Letters to Juliet</title>
        <year>2010</year>
    </meta>
    <link>
        <sublink>search</sublink>
        <sublink>searchsd</sublink>
    </link>
    <thumbnail>https://image.tmdb.org/t/p/w1280/kUBSfYpsE1RLdl2WZL2YMJfNOEm.jpg</thumbnail>
    <fanart>https://image.tmdb.org/t/p/w1280/mwI5fTor198yK4w7LDOfuPssxF2.jpg</fanart>
</item>
<item>
    <title>Marley & Me (2008)</title>
    <meta>
        <content>movie</content>
        <imdb>tt0822832</imdb>
        <title>Marley & Me</title>
        <year>2008</year>
    </meta>
    <link>
        <sublink>search</sublink>
        <sublink>searchsd</sublink>
    </link>
    <thumbnail>https://image.tmdb.org/t/p/w1280/nbfwgfNGxl3WiqvUCnSYrS8Qwhp.jpg</thumbnail>
    <fanart>https://image.tmdb.org/t/p/w1280/xu54k4O5F9OlLWncWmXtyQO9Uyj.jpg</fanart>
</item>
<item>
    <title>Ghost (1990)</title>
    <meta>
        <content>movie</content>
        <imdb>tt0099653</imdb>
        <title>Ghost</title>
        <year>1990</year>
    </meta>
    <link>
        <sublink>search</sublink>
        <sublink>searchsd</sublink>
    </link>
    <thumbnail>https://image.tmdb.org/t/p/w1280none</thumbnail>
    <fanart>https://image.tmdb.org/t/p/w1280none</fanart>
</item>
<item>
    <title>The Intouchables (2011)</title>
    <meta>
        <content>movie</content>
        <imdb>tt1675434</imdb>
        <title>The Intouchables</title>
        <year>2011</year>
    </meta>
    <link>
        <sublink>search</sublink>
        <sublink>searchsd</sublink>
    </link>
    <thumbnail>https://image.tmdb.org/t/p/w1280none</thumbnail>
    <fanart>https://image.tmdb.org/t/p/w1280none</fanart>
</item>
<item>
    <title>Never Let Me Go (2010)</title>
    <meta>
        <content>movie</content>
        <imdb>tt1334260</imdb>
        <title>Never Let Me Go</title>
        <year>2010</year>
    </meta>
    <link>
        <sublink>search</sublink>
        <sublink>searchsd</sublink>
    </link>
    <thumbnail>https://image.tmdb.org/t/p/w1280none</thumbnail>
    <fanart>https://image.tmdb.org/t/p/w1280none</fanart>
</item>
<item>
    <title>Love & Other Drugs (2010)</title>
    <meta>
        <content>movie</content>
        <imdb>tt0758752</imdb>
        <title>Love & Other Drugs</title>
        <year>2010</year>
    </meta>
    <link>
        <sublink>search</sublink>
        <sublink>searchsd</sublink>
    </link>
    <thumbnail>https://image.tmdb.org/t/p/w1280none</thumbnail>
    <fanart>https://image.tmdb.org/t/p/w1280none</fanart>
</item>
<item>
    <title>Water for Elephants (2011)</title>
    <meta>
        <content>movie</content>
        <imdb>tt1067583</imdb>
        <title>Water for Elephants</title>
        <year>2011</year>
    </meta>
    <link>
        <sublink>search</sublink>
        <sublink>searchsd</sublink>
    </link>
    <thumbnail>https://image.tmdb.org/t/p/w1280none</thumbnail>
    <fanart>https://image.tmdb.org/t/p/w1280none</fanart>
</item>
<item>
    <title>One Day (2011)</title>
    <meta>
        <content>movie</content>
        <imdb>tt1563738</imdb>
        <title>One Day</title>
        <year>2011</year>
    </meta>
    <link>
        <sublink>search</sublink>
        <sublink>searchsd</sublink>
    </link>
    <thumbnail>https://image.tmdb.org/t/p/w1280none</thumbnail>
    <fanart>https://image.tmdb.org/t/p/w1280none</fanart>
</item>
<item>
    <title>A Lot Like Love (2005)</title>
    <meta>
        <content>movie</content>
        <imdb>tt0391304</imdb>
        <title>A Lot Like Love</title>
        <year>2005</year>
    </meta>
    <link>
        <sublink>search</sublink>
        <sublink>searchsd</sublink>
    </link>
    <thumbnail>https://image.tmdb.org/t/p/w1280none</thumbnail>
    <fanart>https://image.tmdb.org/t/p/w1280none</fanart>
</item>
<item>
    <title>Feast of Love (2007)</title>
    <meta>
        <content>movie</content>
        <imdb>tt0800027</imdb>
        <title>Feast of Love</title>
        <year>2007</year>
    </meta>
    <link>
        <sublink>search</sublink>
        <sublink>searchsd</sublink>
    </link>
    <thumbnail>https://image.tmdb.org/t/p/w1280none</thumbnail>
    <fanart>https://image.tmdb.org/t/p/w1280none</fanart>
</item>
<item>
    <title>Love Happens (2009)</title>
    <meta>
        <content>movie</content>
        <imdb>tt0899106</imdb>
        <title>Love Happens</title>
        <year>2009</year>
    </meta>
    <link>
        <sublink>search</sublink>
        <sublink>searchsd</sublink>
    </link>
    <thumbnail>https://image.tmdb.org/t/p/w1280none</thumbnail>
    <fanart>https://image.tmdb.org/t/p/w1280none</fanart>
</item>
<item>
    <title>The Blind Side (2009)</title>
    <meta>
        <content>movie</content>
        <imdb>tt0878804</imdb>
        <title>The Blind Side</title>
        <year>2009</year>
    </meta>
    <link>
        <sublink>search</sublink>
        <sublink>searchsd</sublink>
    </link>
    <thumbnail>https://image.tmdb.org/t/p/w1280none</thumbnail>
    <fanart>https://image.tmdb.org/t/p/w1280none</fanart>
</item>
<item>
    <title>Revolutionary Road (2008)</title>
    <meta>
        <content>movie</content>
        <imdb>tt0959337</imdb>
        <title>Revolutionary Road</title>
        <year>2008</year>
    </meta>
    <link>
        <sublink>search</sublink>
        <sublink>searchsd</sublink>
    </link>
    <thumbnail>https://image.tmdb.org/t/p/w1280none</thumbnail>
    <fanart>https://image.tmdb.org/t/p/w1280none</fanart>
</item>
<item>
    <title>Like Crazy (2011)</title>
    <meta>
        <content>movie</content>
        <imdb>tt1758692</imdb>
        <title>Like Crazy</title>
        <year>2011</year>
    </meta>
    <link>
        <sublink>search</sublink>
        <sublink>searchsd</sublink>
    </link>
    <thumbnail>https://image.tmdb.org/t/p/w1280none</thumbnail>
    <fanart>https://image.tmdb.org/t/p/w1280none</fanart>
</item>
<item>
    <title>My Sister's Keeper (2009)</title>
    <meta>
        <content>movie</content>
        <imdb>tt1078588</imdb>
        <title>My Sister's Keeper</title>
        <year>2009</year>
    </meta>
    <link>
        <sublink>search</sublink>
        <sublink>searchsd</sublink>
    </link>
    <thumbnail>https://image.tmdb.org/t/p/w1280none</thumbnail>
    <fanart>https://image.tmdb.org/t/p/w1280none</fanart>
</item>
<item>
    <title>Brokeback Mountain (2005)</title>
    <meta>
        <content>movie</content>
        <imdb>tt0388795</imdb>
        <title>Brokeback Mountain</title>
        <year>2005</year>
    </meta>
    <link>
        <sublink>search</sublink>
        <sublink>searchsd</sublink>
    </link>
    <thumbnail>https://image.tmdb.org/t/p/w1280none</thumbnail>
    <fanart>https://image.tmdb.org/t/p/w1280none</fanart>
</item>
<item>
    <title>Beastly (2011)</title>
    <meta>
        <content>movie</content>
        <imdb>tt1152398</imdb>
        <title>Beastly</title>
        <year>2011</year>
    </meta>
    <link>
        <sublink>search</sublink>
        <sublink>searchsd</sublink>
    </link>
    <thumbnail>https://image.tmdb.org/t/p/w1280none</thumbnail>
    <fanart>https://image.tmdb.org/t/p/w1280none</fanart>
</item>
<item>
    <title>Keith (I) (2008)</title>
    <meta>
        <content>movie</content>
        <imdb>tt0435679</imdb>
        <title>Keith</title>
        <year>I 2008</year>
    </meta>
    <link>
        <sublink>search</sublink>
        <sublink>searchsd</sublink>
    </link>
    <thumbnail>https://image.tmdb.org/t/p/w1280none</thumbnail>
    <fanart>https://image.tmdb.org/t/p/w1280none</fanart>
</item>
<item>
    <title>Charlie St. Cloud (2010)</title>
    <meta>
        <content>movie</content>
        <imdb>tt1438254</imdb>
        <title>Charlie St. Cloud</title>
        <year>2010</year>
    </meta>
    <link>
        <sublink>search</sublink>
        <sublink>searchsd</sublink>
    </link>
    <thumbnail>https://image.tmdb.org/t/p/w1280none</thumbnail>
    <fanart>https://image.tmdb.org/t/p/w1280none</fanart>
</item>
<item>
    <title>Sweet November (2001)</title>
    <meta>
        <content>movie</content>
        <imdb>tt0230838</imdb>
        <title>Sweet November</title>
        <year>2001</year>
    </meta>
    <link>
        <sublink>search</sublink>
        <sublink>searchsd</sublink>
    </link>
    <thumbnail>https://image.tmdb.org/t/p/w1280none</thumbnail>
    <fanart>https://image.tmdb.org/t/p/w1280none</fanart>
</item>
<item>
    <title>Remember Me (2010)</title>
    <meta>
        <content>movie</content>
        <imdb>tt1403981</imdb>
        <title>Remember Me</title>
        <year>2010</year>
    </meta>
    <link>
        <sublink>search</sublink>
        <sublink>searchsd</sublink>
    </link>
    <thumbnail>https://image.tmdb.org/t/p/w1280none</thumbnail>
    <fanart>https://image.tmdb.org/t/p/w1280none</fanart>
</item>
<item>
    <title>P.S. I Love You (2007)</title>
    <meta>
        <content>movie</content>
        <imdb>tt0431308</imdb>
        <title>P.S. I Love You</title>
        <year>2007</year>
    </meta>
    <link>
        <sublink>search</sublink>
        <sublink>searchsd</sublink>
    </link>
    <thumbnail>https://image.tmdb.org/t/p/w1280none</thumbnail>
    <fanart>https://image.tmdb.org/t/p/w1280none</fanart>
</item>
<item>
    <title>The Notebook (2004)</title>
    <meta>
        <content>movie</content>
        <imdb>tt0332280</imdb>
        <title>The Notebook</title>
        <year>2004</year>
    </meta>
    <link>
        <sublink>search</sublink>
        <sublink>searchsd</sublink>
    </link>
    <thumbnail>https://image.tmdb.org/t/p/w1280none</thumbnail>
    <fanart>https://image.tmdb.org/t/p/w1280none</fanart>
</item>
<item>
    <title>The Vow (2012)</title>
    <meta>
        <content>movie</content>
        <imdb>tt1606389</imdb>
        <title>The Vow</title>
        <year>2012</year>
    </meta>
    <link>
        <sublink>search</sublink>
        <sublink>searchsd</sublink>
    </link>
    <thumbnail>https://image.tmdb.org/t/p/w1280none</thumbnail>
    <fanart>https://image.tmdb.org/t/p/w1280none</fanart>
</item>
<item>
    <title>Not Without My Daughter (1991)</title>
    <meta>
        <content>movie</content>
        <imdb>tt0102555</imdb>
        <title>Not Without My Daughter</title>
        <year>1991</year>
    </meta>
    <link>
        <sublink>search</sublink>
        <sublink>searchsd</sublink>
    </link>
    <thumbnail>https://image.tmdb.org/t/p/w1280none</thumbnail>
    <fanart>https://image.tmdb.org/t/p/w1280none</fanart>
</item>
<item>
    <title>Soul Surfer (2011)</title>
    <meta>
        <content>movie</content>
        <imdb>tt1596346</imdb>
        <title>Soul Surfer</title>
        <year>2011</year>
    </meta>
    <link>
        <sublink>search</sublink>
        <sublink>searchsd</sublink>
    </link>
    <thumbnail>https://image.tmdb.org/t/p/w1280none</thumbnail>
    <fanart>https://image.tmdb.org/t/p/w1280none</fanart>
</item>
<item>
    <title>The Lucky One (2012)</title>
    <meta>
        <content>movie</content>
        <imdb>tt1327194</imdb>
        <title>The Lucky One</title>
        <year>2012</year>
    </meta>
    <link>
        <sublink>search</sublink>
        <sublink>searchsd</sublink>
    </link>
    <thumbnail>https://image.tmdb.org/t/p/w1280none</thumbnail>
    <fanart>https://image.tmdb.org/t/p/w1280none</fanart>
</item>
<item>
    <title>The Fault in Our Stars (2014)</title>
    <meta>
        <content>movie</content>
        <imdb>tt2582846</imdb>
        <title>The Fault in Our Stars</title>
        <year>2014</year>
    </meta>
    <link>
        <sublink>search</sublink>
        <sublink>searchsd</sublink>
    </link>
    <thumbnail>https://image.tmdb.org/t/p/w1280none</thumbnail>
    <fanart>https://image.tmdb.org/t/p/w1280none</fanart>
</item>
<item>
    <title>The Curious Case of Benjamin Button (2008)</title>
    <meta>
        <content>movie</content>
        <imdb>tt0421715</imdb>
        <title>The Curious Case of Benjamin Button</title>
        <year>2008</year>
    </meta>
    <link>
        <sublink>search</sublink>
        <sublink>searchsd</sublink>
    </link>
    <thumbnail>https://image.tmdb.org/t/p/w1280none</thumbnail>
    <fanart>https://image.tmdb.org/t/p/w1280none</fanart>
</item>
<item>
    <title>What Dreams May Come (1998)</title>
    <meta>
        <content>movie</content>
        <imdb>tt0120889</imdb>
        <title>What Dreams May Come</title>
        <year>1998</year>
    </meta>
    <link>
        <sublink>search</sublink>
        <sublink>searchsd</sublink>
    </link>
    <thumbnail>https://image.tmdb.org/t/p/w1280none</thumbnail>
    <fanart>https://image.tmdb.org/t/p/w1280none</fanart>
</item>
<item>
    <title>Cinderella Man (2005)</title>
    <meta>
        <content>movie</content>
        <imdb>tt0352248</imdb>
        <title>Cinderella Man</title>
        <year>2005</year>
    </meta>
    <link>
        <sublink>search</sublink>
        <sublink>searchsd</sublink>
    </link>
    <thumbnail>https://image.tmdb.org/t/p/w1280none</thumbnail>
    <fanart>https://image.tmdb.org/t/p/w1280none</fanart>
</item>
<item>
    <title>Vanilla Sky (2001)</title>
    <meta>
        <content>movie</content>
        <imdb>tt0259711</imdb>
        <title>Vanilla Sky</title>
        <year>2001</year>
    </meta>
    <link>
        <sublink>search</sublink>
        <sublink>searchsd</sublink>
    </link>
    <thumbnail>https://image.tmdb.org/t/p/w1280none</thumbnail>
    <fanart>https://image.tmdb.org/t/p/w1280none</fanart>
</item>
<item>
    <title>Edward Scissorhands (1990)</title>
    <meta>
        <content>movie</content>
        <imdb>tt0099487</imdb>
        <title>Edward Scissorhands</title>
        <year>1990</year>
    </meta>
    <link>
        <sublink>search</sublink>
        <sublink>searchsd</sublink>
    </link>
    <thumbnail>https://image.tmdb.org/t/p/w1280none</thumbnail>
    <fanart>https://image.tmdb.org/t/p/w1280none</fanart>
</item>
<item>
    <title>Titanic (1997)</title>
    <meta>
        <content>movie</content>
        <imdb>tt0120338</imdb>
        <title>Titanic</title>
        <year>1997</year>
    </meta>
    <link>
        <sublink>search</sublink>
        <sublink>searchsd</sublink>
    </link>
    <thumbnail>https://image.tmdb.org/t/p/w1280none</thumbnail>
    <fanart>https://image.tmdb.org/t/p/w1280none</fanart>
</item>
<item>
    <title>Frankie and Johnny (1991)</title>
    <meta>
        <content>movie</content>
        <imdb>tt0101912</imdb>
        <title>Frankie and Johnny</title>
        <year>1991</year>
    </meta>
    <link>
        <sublink>search</sublink>
        <sublink>searchsd</sublink>
    </link>
    <thumbnail>https://image.tmdb.org/t/p/w1280none</thumbnail>
    <fanart>https://image.tmdb.org/t/p/w1280none</fanart>
</item>
<item>
    <title>Silver Linings Playbook (2012)</title>
    <meta>
        <content>movie</content>
        <imdb>tt1045658</imdb>
        <title>Silver Linings Playbook</title>
        <year>2012</year>
    </meta>
    <link>
        <sublink>search</sublink>
        <sublink>searchsd</sublink>
    </link>
    <thumbnail>https://image.tmdb.org/t/p/w1280none</thumbnail>
    <fanart>https://image.tmdb.org/t/p/w1280none</fanart>
</item>
<item>
    <title>Pretty Woman (1990)</title>
    <meta>
        <content>movie</content>
        <imdb>tt0100405</imdb>
        <title>Pretty Woman</title>
        <year>1990</year>
    </meta>
    <link>
        <sublink>search</sublink>
        <sublink>searchsd</sublink>
    </link>
    <thumbnail>https://image.tmdb.org/t/p/w1280/fgmdaCMxXClZm2ePteLzCPySB1n.jpg</thumbnail>
    <fanart>https://image.tmdb.org/t/p/w1280/fztlIPN1EAO2kFVdJhKaXjAgjhH.jpg</fanart>
</item>
<item>
    <title>Made of Honor (2008)</title>
    <meta>
        <content>movie</content>
        <imdb>tt0866439</imdb>
        <title>Made of Honor</title>
        <year>2008</year>
    </meta>
    <link>
        <sublink>search</sublink>
        <sublink>searchsd</sublink>
    </link>
    <thumbnail>https://image.tmdb.org/t/p/w1280/676inzl4mQBKdXTfkv6XCXGCi4.jpg</thumbnail>
    <fanart>https://image.tmdb.org/t/p/w1280/7FdY6kCnk2IOcH2EngyhHkYP1td.jpg</fanart>
</item>
<item>
    <title>New York, I Love You (2008)</title>
    <meta>
        <content>movie</content>
        <imdb>tt0808399</imdb>
        <title>New York, I Love You</title>
        <year>2008</year>
    </meta>
    <link>
        <sublink>search</sublink>
        <sublink>searchsd</sublink>
    </link>
    <thumbnail>https://image.tmdb.org/t/p/w1280/l3prm3w2SFdhQ8nsdsKAq6x3qsq.jpg</thumbnail>
    <fanart>https://image.tmdb.org/t/p/w1280/zCYak66MdOcVk5Jf9rzw7PGDwbU.jpg</fanart>
</item>
<item>
    <title>New Year's Eve (2011)</title>
    <meta>
        <content>movie</content>
        <imdb>tt1598822</imdb>
        <title>New Year's Eve</title>
        <year>2011</year>
    </meta>
    <link>
        <sublink>search</sublink>
        <sublink>searchsd</sublink>
    </link>
    <thumbnail>https://image.tmdb.org/t/p/w1280/el1pKVogVwmE1dpbeAO1Ol6y1Vl.jpg</thumbnail>
    <fanart>https://image.tmdb.org/t/p/w1280/zpoWepchcTiG49cMiMDzttjaI1V.jpg</fanart>
</item>
<item>
    <title>The Holiday (2006)</title>
    <meta>
        <content>movie</content>
        <imdb>tt0457939</imdb>
        <title>The Holiday</title>
        <year>2006</year>
    </meta>
    <link>
        <sublink>search</sublink>
        <sublink>searchsd</sublink>
    </link>
    <thumbnail>https://image.tmdb.org/t/p/w1280/ixNtpuq8OVp4IckgzkSJIflFDkw.jpg</thumbnail>
    <fanart>https://image.tmdb.org/t/p/w1280/9TP7FGdo9ppnuXX3DbB9RtzYKkh.jpg</fanart>
</item>
<item>
    <title>Now Is Good (2012)</title>
    <meta>
        <content>movie</content>
        <imdb>tt1937264</imdb>
        <title>Now Is Good</title>
        <year>2012</year>
    </meta>
    <link>
        <sublink>search</sublink>
        <sublink>searchsd</sublink>
    </link>
    <thumbnail>https://image.tmdb.org/t/p/w1280/pnVbqegDYPfZjuhXUV3CMybAtgk.jpg</thumbnail>
    <fanart>https://image.tmdb.org/t/p/w1280/dk4eJkHrrL8nFI41AdgGEz56Kia.jpg</fanart>
</item>
<item>
    <title>The Matchbreaker (2016)</title>
    <meta>
        <content>movie</content>
        <imdb>tt4269746</imdb>
        <title>The Matchbreaker</title>
        <year>2016</year>
    </meta>
    <link>
        <sublink>search</sublink>
        <sublink>searchsd</sublink>
    </link>
    <thumbnail>https://image.tmdb.org/t/p/w1280/sztdKdVYFNdz6Q6D11Pd8IyCqPK.jpg</thumbnail>
    <fanart>https://image.tmdb.org/t/p/w1280/msgEmGD3xIgvLBVAfLnQakPeLFE.jpg</fanart>
</item>
<item>
    <title>Falling in Love (1984)</title>
    <meta>
        <content>movie</content>
        <imdb>tt0087233</imdb>
        <title>Falling in Love</title>
        <year>1984</year>
    </meta>
    <link>
        <sublink>search</sublink>
        <sublink>searchsd</sublink>
    </link>
    <thumbnail>https://image.tmdb.org/t/p/w1280/aDILGjlql4Sldb5I7dMWZ3oQOHC.jpg</thumbnail>
    <fanart>https://image.tmdb.org/t/p/w1280/A2D0G16s2V9NRoCavsGbdlXAKR.jpg</fanart>
</item>
<item>
    <title>The Tourist (2010)</title>
    <meta>
        <content>movie</content>
        <imdb>tt1243957</imdb>
        <title>The Tourist</title>
        <year>2010</year>
    </meta>
    <link>
        <sublink>search</sublink>
        <sublink>searchsd</sublink>
    </link>
    <thumbnail>https://image.tmdb.org/t/p/w1280/jfLFF0Qa9jAoTYQIKaSWmMWcKZd.jpg</thumbnail>
    <fanart>https://image.tmdb.org/t/p/w1280/2SChQOUxcGoilS3zxnFQ7LZZMgE.jpg</fanart>
</item>
<item>
    <title>Bridget Jones's Diary (2001)</title>
    <meta>
        <content>movie</content>
        <imdb>tt0243155</imdb>
        <title>Bridget Jones's Diary</title>
        <year>2001</year>
    </meta>
    <link>
        <sublink>search</sublink>
        <sublink>searchsd</sublink>
    </link>
    <thumbnail>https://image.tmdb.org/t/p/w1280/ym6kjFFZg6boC0QHBVw6hqJLbxv.jpg</thumbnail>
    <fanart>https://image.tmdb.org/t/p/w1280/h64zNCm5SrY45c7Z6gxy9tC0xb.jpg</fanart>
</item>
<item>
    <title>Bridget Jones: The Edge of Reason (2004)</title>
    <meta>
        <content>movie</content>
        <imdb>tt0317198</imdb>
        <title>Bridget Jones: The Edge of Reason</title>
        <year>2004</year>
    </meta>
    <link>
        <sublink>search</sublink>
        <sublink>searchsd</sublink>
    </link>
    <thumbnail>https://image.tmdb.org/t/p/w1280/fs3nGIwSBk9H8EcuPtnj7qQrYj2.jpg</thumbnail>
    <fanart>https://image.tmdb.org/t/p/w1280/z4m4MnktvYSYuoydG7tN7VxjB9V.jpg</fanart>
</item>
<item>
    <title>The Terminal (2004)</title>
    <meta>
        <content>movie</content>
        <imdb>tt0362227</imdb>
        <title>The Terminal</title>
        <year>2004</year>
    </meta>
    <link>
        <sublink>search</sublink>
        <sublink>searchsd</sublink>
    </link>
    <thumbnail>https://image.tmdb.org/t/p/w1280/f4Dup6awDfDqAHKgWqNJ2HFw1qN.jpg</thumbnail>
    <fanart>https://image.tmdb.org/t/p/w1280/lCSjseei1M2vqmuzxadJUiL8x5D.jpg</fanart>
</item>
<item>
    <title>He's Just Not That Into You (2009)</title>
    <meta>
        <content>movie</content>
        <imdb>tt1001508</imdb>
        <title>He's Just Not That Into You</title>
        <year>2009</year>
    </meta>
    <link>
        <sublink>search</sublink>
        <sublink>searchsd</sublink>
    </link>
    <thumbnail>https://image.tmdb.org/t/p/w1280/ruc33YnCrmCL8PHdPQVzfa4shWX.jpg</thumbnail>
    <fanart>https://image.tmdb.org/t/p/w1280/lyltBzgnMcWo13FTc1RyU8Xl1Zk.jpg</fanart>
</item>
<item>
    <title>Last Night (I) (2010)</title>
    <meta>
        <content>movie</content>
        <imdb>tt1294688</imdb>
        <title>Last Night</title>
        <year>I 2010</year>
    </meta>
    <link>
        <sublink>search</sublink>
        <sublink>searchsd</sublink>
    </link>
    <thumbnail>https://image.tmdb.org/t/p/w1280/dspTY7C3IHXsMm5dZVQqqgfPHbN.jpg</thumbnail>
    <fanart>https://image.tmdb.org/t/p/w1280/3JwMtXzTndAQDkRtg43bG6EEkf4.jpg</fanart>
</item>
<item>
    <title>Midnight in Paris (2011)</title>
    <meta>
        <content>movie</content>
        <imdb>tt1605783</imdb>
        <title>Midnight in Paris</title>
        <year>2011</year>
    </meta>
    <link>
        <sublink>search</sublink>
        <sublink>searchsd</sublink>
    </link>
    <thumbnail>https://image.tmdb.org/t/p/w1280/xxSopLYATHXSepXcEaBh9Gazv6p.jpg</thumbnail>
    <fanart>https://image.tmdb.org/t/p/w1280/7sIDEHnw51k7Him2fEtA70I1OBw.jpg</fanart>
</item>
<item>
    <title>Indecent Proposal (1993)</title>
    <meta>
        <content>movie</content>
        <imdb>tt0107211</imdb>
        <title>Indecent Proposal</title>
        <year>1993</year>
    </meta>
    <link>
        <sublink>search</sublink>
        <sublink>searchsd</sublink>
    </link>
    <thumbnail>https://image.tmdb.org/t/p/w1280/tBsmJ9owjjnT4rO4kE1mOzxQAJc.jpg</thumbnail>
    <fanart>https://image.tmdb.org/t/p/w1280/q793LSnNfTDTvolHyWjieEceDYk.jpg</fanart>
</item>
<item>
    <title>Up Close & Personal (1996)</title>
    <meta>
        <content>movie</content>
        <imdb>tt0118055</imdb>
        <title>Up Close & Personal</title>
        <year>1996</year>
    </meta>
    <link>
        <sublink>search</sublink>
        <sublink>searchsd</sublink>
    </link>
    <thumbnail>https://image.tmdb.org/t/p/w1280/2yf1pCiQk6JMy4k5zxf39YXQxGB.jpg</thumbnail>
    <fanart>https://image.tmdb.org/t/p/w1280/lSqopM66LR4utpdcpGXE4jTghui.jpg</fanart>
</item>
<item>
    <title>One Fine Day (1996)</title>
    <meta>
        <content>movie</content>
        <imdb>tt0117247</imdb>
        <title>One Fine Day</title>
        <year>1996</year>
    </meta>
    <link>
        <sublink>search</sublink>
        <sublink>searchsd</sublink>
    </link>
    <thumbnail>https://image.tmdb.org/t/p/w1280/yJETLNpYeEpDar7tJK1KedYGLgx.jpg</thumbnail>
    <fanart>https://image.tmdb.org/t/p/w1280/t9mJN7lzWcW8uoSqVOmAO9PTkvp.jpg</fanart>
</item>
<item>
    <title>She's the One (1996)</title>
    <meta>
        <content>movie</content>
        <imdb>tt0117628</imdb>
        <title>She's the One</title>
        <year>1996</year>
    </meta>
    <link>
        <sublink>search</sublink>
        <sublink>searchsd</sublink>
    </link>
    <thumbnail>https://image.tmdb.org/t/p/w1280/qGOpJLWCncOt5EIz39N8q7O45X.jpg</thumbnail>
    <fanart>https://image.tmdb.org/t/p/w1280/n2o4yRQ4chOpgk2bHaxlrFakOxG.jpg</fanart>
</item>
<item>
    <title>What's Your Number? (2011)</title>
    <meta>
        <content>movie</content>
        <imdb>tt0770703</imdb>
        <title>What's Your Number?</title>
        <year>2011</year>
    </meta>
    <link>
        <sublink>search</sublink>
        <sublink>searchsd</sublink>
    </link>
    <thumbnail>https://image.tmdb.org/t/p/w1280/yugpF7km9nEE5GLpSWMSkGKHGNd.jpg</thumbnail>
    <fanart>https://image.tmdb.org/t/p/w1280/HfBoEbqu7GbPEXiN7qgE9H1LI0.jpg</fanart>
</item>
<item>
    <title>27 Dresses (2008)</title>
    <meta>
        <content>movie</content>
        <imdb>tt0988595</imdb>
        <title>27 Dresses</title>
        <year>2008</year>
    </meta>
    <link>
        <sublink>search</sublink>
        <sublink>searchsd</sublink>
    </link>
    <thumbnail>https://image.tmdb.org/t/p/w1280/zzJtHNzi1D4CPwRlPHV1TRQNXD2.jpg</thumbnail>
    <fanart>https://image.tmdb.org/t/p/w1280/jwV0wmhEqHGxM5nrOPO0ifQug56.jpg</fanart>
</item>
<item>
    <title>The Ugly Truth (2009)</title>
    <meta>
        <content>movie</content>
        <imdb>tt1142988</imdb>
        <title>The Ugly Truth</title>
        <year>2009</year>
    </meta>
    <link>
        <sublink>search</sublink>
        <sublink>searchsd</sublink>
    </link>
    <thumbnail>https://image.tmdb.org/t/p/w1280/xbIEfRy1qLYyChHc3cqaYLIWdVS.jpg</thumbnail>
    <fanart>https://image.tmdb.org/t/p/w1280/w9Zeo9D6kpdizGKPgFHdrOLYkFE.jpg</fanart>
</item>
<item>
    <title>Life as We Know It (2010)</title>
    <meta>
        <content>movie</content>
        <imdb>tt1055292</imdb>
        <title>Life as We Know It</title>
        <year>2010</year>
    </meta>
    <link>
        <sublink>search</sublink>
        <sublink>searchsd</sublink>
    </link>
    <thumbnail>https://image.tmdb.org/t/p/w1280/u7Gei2Hvh0ux4weJRDZsgMoXSTI.jpg</thumbnail>
    <fanart>https://image.tmdb.org/t/p/w1280/few3uz5eiHGc0d87PGXG9pSHfMU.jpg</fanart>
</item>
<item>
    <title>Wicker Park (2004)</title>
    <meta>
        <content>movie</content>
        <imdb>tt0324554</imdb>
        <title>Wicker Park</title>
        <year>2004</year>
    </meta>
    <link>
        <sublink>search</sublink>
        <sublink>searchsd</sublink>
    </link>
    <thumbnail>https://image.tmdb.org/t/p/w1280/hAnpWtzF63Euilry4MNX2xyCKLM.jpg</thumbnail>
    <fanart>https://image.tmdb.org/t/p/w1280/vv0K9feoP140IWy5lffSvY8o2kV.jpg</fanart>
</item>
<item>
    <title>Sleepless in Seattle (1993)</title>
    <meta>
        <content>movie</content>
        <imdb>tt0108160</imdb>
        <title>Sleepless in Seattle</title>
        <year>1993</year>
    </meta>
    <link>
        <sublink>search</sublink>
        <sublink>searchsd</sublink>
    </link>
    <thumbnail>https://image.tmdb.org/t/p/w1280/afkYP15OeUOD0tFEmj6VvejuOcz.jpg</thumbnail>
    <fanart>https://image.tmdb.org/t/p/w1280/8lMeewfbgkNX8dBtqmyl4SvqIiP.jpg</fanart>
</item>
<item>
    <title>It Could Happen to You (1994)</title>
    <meta>
        <content>movie</content>
        <imdb>tt0110167</imdb>
        <title>It Could Happen to You</title>
        <year>1994</year>
    </meta>
    <link>
        <sublink>search</sublink>
        <sublink>searchsd</sublink>
    </link>
    <thumbnail>https://image.tmdb.org/t/p/w1280/4SSjiAa592zTqko7hHdKcj5d5cS.jpg</thumbnail>
    <fanart>https://image.tmdb.org/t/p/w1280/nEWqUaA73WMXbOJD5ZrX5QJ8w1q.jpg</fanart>
</item>
<dir>
    <title>[COLOR white]Next Page >>[/COLOR]</title>
    <imdburl>list/ls062364756/?page=2</imdburl>
    <thumbnail>https://image.ibb.co/gtsNjw/next.png</thumbnail>
</dir>
