<item>
    <title>Legends of the Fall</title>
    <meta>
        <imdb>tt0110322</imdb>
        <content>movie</content>
        <title>Legends of the Fall</title>
        <year>1994</year>
    </meta>
    <link>
        <sublink>search</sublink>
        <sublink>searchsd</sublink>
    </link>
    <thumbnail>https://image.tmdb.org/t/p/w1280//uh0sJcx3SLtclJSuKAXl6Tt6AV0.jpg</thumbnail>
    <fanart>https://image.tmdb.org/t/p/w1280//jet7PQMY8aVzxBvkpG4P0eQI2n6.jpg</fanart>
</item>
<item>
    <title>Message in a Bottle</title>
    <meta>
        <imdb>tt0139462</imdb>
        <content>movie</content>
        <title>Message in a Bottle</title>
        <year>1999</year>
    </meta>
    <link>
        <sublink>search</sublink>
        <sublink>searchsd</sublink>
    </link>
    <thumbnail>https://image.tmdb.org/t/p/w1280//ulUjszY6YJFsDUd0E3WolJg6sOp.jpg</thumbnail>
    <fanart>https://image.tmdb.org/t/p/w1280//nIZMk567n7DztnRFkL2y1RXFqo4.jpg</fanart>
</item>
<item>
    <title>27 Dresses</title>
    <meta>
        <imdb>tt0988595</imdb>
        <content>movie</content>
        <title>27 Dresses</title>
        <year>2008</year>
    </meta>
    <link>
        <sublink>search</sublink>
        <sublink>searchsd</sublink>
    </link>
    <thumbnail>https://image.tmdb.org/t/p/w1280//zzJtHNzi1D4CPwRlPHV1TRQNXD2.jpg</thumbnail>
    <fanart>https://image.tmdb.org/t/p/w1280//jwV0wmhEqHGxM5nrOPO0ifQug56.jpg</fanart>
</item>
<item>
    <title>P.S. I Love You</title>
    <meta>
        <imdb>tt0431308</imdb>
        <content>movie</content>
        <title>P.S. I Love You</title>
        <year>2007</year>
    </meta>
    <link>
        <sublink>search</sublink>
        <sublink>searchsd</sublink>
    </link>
    <thumbnail>https://image.tmdb.org/t/p/w1280//esfuYEvv7WrLvXNkCg7MCufEEdH.jpg</thumbnail>
    <fanart>https://image.tmdb.org/t/p/w1280//75ybu5PY5ujvghe1hbn5x1DdESl.jpg</fanart>
</item>
<item>
    <title>An Affair to Remember</title>
    <meta>
        <imdb>tt0050105</imdb>
        <content>movie</content>
        <title>An Affair to Remember</title>
        <year>1957</year>
    </meta>
    <link>
        <sublink>search</sublink>
        <sublink>searchsd</sublink>
    </link>
    <thumbnail>https://image.tmdb.org/t/p/w1280//6pTbj6YujsjcGZaDbEanAKCE1Zs.jpg</thumbnail>
    <fanart>https://image.tmdb.org/t/p/w1280//klTRTXoRKr1NO0Hi6zP1izBTt7V.jpg</fanart>
</item>
<item>
    <title>Love Actually</title>
    <meta>
        <imdb>tt0314331</imdb>
        <content>movie</content>
        <title>Love Actually</title>
        <year>2003</year>
    </meta>
    <link>
        <sublink>search</sublink>
        <sublink>searchsd</sublink>
    </link>
    <thumbnail>https://image.tmdb.org/t/p/w1280//kfX8Ctin3fSZbdnjh6CXSNZUOVP.jpg</thumbnail>
    <fanart>https://image.tmdb.org/t/p/w1280//cgHEM9JuK7XhZXJsLHCnJmu5uQr.jpg</fanart>
</item>
<item>
    <title>Notting Hill</title>
    <meta>
        <imdb>tt0125439</imdb>
        <content>movie</content>
        <title>Notting Hill</title>
        <year>1999</year>
    </meta>
    <link>
        <sublink>search</sublink>
        <sublink>searchsd</sublink>
    </link>
    <thumbnail>https://image.tmdb.org/t/p/w1280//f1gMw3PVicfdq9thlvUIjJ5UdvS.jpg</thumbnail>
    <fanart>https://image.tmdb.org/t/p/w1280//vdoJql494lQhcMhqA4ct3oeXZku.jpg</fanart>
</item>
<item>
    <title>Forrest Gump</title>
    <meta>
        <imdb>tt0109830</imdb>
        <content>movie</content>
        <title>Forrest Gump</title>
        <year>1994</year>
    </meta>
    <link>
        <sublink>search</sublink>
        <sublink>searchsd</sublink>
    </link>
    <thumbnail>https://image.tmdb.org/t/p/w1280//yE5d3BUhE8hCnkMUJOo1QDoOGNz.jpg</thumbnail>
    <fanart>https://image.tmdb.org/t/p/w1280//ctOEhQiFIHWkiaYp7b0ibSTe5IL.jpg</fanart>
</item>
<item>
    <title>Say Anything...</title>
    <meta>
        <imdb>tt0098258</imdb>
        <content>movie</content>
        <title>Say Anything...</title>
        <year>1989</year>
    </meta>
    <link>
        <sublink>search</sublink>
        <sublink>searchsd</sublink>
    </link>
    <thumbnail>https://image.tmdb.org/t/p/w1280//oVlRVSZx5IpQCC6uymBYpP1fggB.jpg</thumbnail>
    <fanart>https://image.tmdb.org/t/p/w1280//2BDKuo7SdIWKdMdTLAqvDw6DZeX.jpg</fanart>
</item>
<item>
    <title>The Lake House</title>
    <meta>
        <imdb>tt0410297</imdb>
        <content>movie</content>
        <title>The Lake House</title>
        <year>2006</year>
    </meta>
    <link>
        <sublink>search</sublink>
        <sublink>searchsd</sublink>
    </link>
    <thumbnail>https://image.tmdb.org/t/p/w1280//tHpc1118dYWLnHZleGhwZxRbpae.jpg</thumbnail>
    <fanart>https://image.tmdb.org/t/p/w1280//27BUhE6bYl7Wo7sHgmQa0DrezWX.jpg</fanart>
</item>
<item>
    <title>Love Story</title>
    <meta>
        <imdb>tt0066011</imdb>
        <content>movie</content>
        <title>Love Story</title>
        <year>1970</year>
    </meta>
    <link>
        <sublink>search</sublink>
        <sublink>searchsd</sublink>
    </link>
    <thumbnail>https://image.tmdb.org/t/p/w1280//etBvIpFZTjlBC824O3Va9De6MCh.jpg</thumbnail>
    <fanart>https://image.tmdb.org/t/p/w1280//x04WbAV89ye9vv02Oz5CEtkyttV.jpg</fanart>
</item>
<item>
    <title>You've Got Mail</title>
    <meta>
        <imdb>tt0128853</imdb>
        <content>movie</content>
        <title>You've Got Mail</title>
        <year>1998</year>
    </meta>
    <link>
        <sublink>search</sublink>
        <sublink>searchsd</sublink>
    </link>
    <thumbnail>https://image.tmdb.org/t/p/w1280//2XIsqnCwEE3Uf5TlP9H68STgtk6.jpg</thumbnail>
    <fanart>https://image.tmdb.org/t/p/w1280//jbdQ0PDyrWqz5HfzKmparE93ky9.jpg</fanart>
</item>
<item>
    <title>The English Patient</title>
    <meta>
        <imdb>tt0116209</imdb>
        <content>movie</content>
        <title>The English Patient</title>
        <year>1996</year>
    </meta>
    <link>
        <sublink>search</sublink>
        <sublink>searchsd</sublink>
    </link>
    <thumbnail>https://image.tmdb.org/t/p/w1280//niqc0v3Lclh99Mmmxm49qZTIo2e.jpg</thumbnail>
    <fanart>https://image.tmdb.org/t/p/w1280//mn1GTWYUpWs7jQnI6C0PJsqa8UI.jpg</fanart>
</item>
<item>
    <title>I Know Where I'm Going!</title>
    <meta>
        <imdb>tt0037800</imdb>
        <content>movie</content>
        <title>I Know Where I'm Going!</title>
        <year>1945</year>
    </meta>
    <link>
        <sublink>search</sublink>
        <sublink>searchsd</sublink>
    </link>
    <thumbnail>https://image.tmdb.org/t/p/w1280//i0Tq9xHqjlm3TjMYAJEq3hFnpQb.jpg</thumbnail>
    <fanart>https://image.tmdb.org/t/p/w1280//qpLwk4JrKdA7QGe0j3wOYL06yyp.jpg</fanart>
</item>
<item>
    <title>Flipped</title>
    <meta>
        <imdb>tt0817177</imdb>
        <content>movie</content>
        <title>Flipped</title>
        <year>2010</year>
    </meta>
    <link>
        <sublink>search</sublink>
        <sublink>searchsd</sublink>
    </link>
    <thumbnail>https://image.tmdb.org/t/p/w1280//ndgk8EhgT6VxnscAaFV6SMewcQ6.jpg</thumbnail>
    <fanart>https://image.tmdb.org/t/p/w1280//29DDoPM1qV6DqLUfNAY9jRhd7sR.jpg</fanart>
</item>
<item>
    <title>Cold Mountain</title>
    <meta>
        <imdb>tt0159365</imdb>
        <content>movie</content>
        <title>Cold Mountain</title>
        <year>2003</year>
    </meta>
    <link>
        <sublink>search</sublink>
        <sublink>searchsd</sublink>
    </link>
    <thumbnail>https://image.tmdb.org/t/p/w1280//4da24dJQZSGep4FJ2U9jU9G8qJr.jpg</thumbnail>
    <fanart>https://image.tmdb.org/t/p/w1280//tLDljWDR3Rz3zrtxHGWlVQI8UCI.jpg</fanart>
</item>
<item>
    <title>Notorious</title>
    <meta>
        <imdb>tt0038787</imdb>
        <content>movie</content>
        <title>Notorious</title>
        <year>1946</year>
    </meta>
    <link>
        <sublink>search</sublink>
        <sublink>searchsd</sublink>
    </link>
    <thumbnail>https://image.tmdb.org/t/p/w1280//vcdSvOr5NcY6alt0kBqDQlFC3Nk.jpg</thumbnail>
    <fanart>https://image.tmdb.org/t/p/w1280//b8WFk5jSQNju3SGptSOREo51qmE.jpg</fanart>
</item>
<item>
    <title>Dirty Dancing</title>
    <meta>
        <imdb>tt0092890</imdb>
        <content>movie</content>
        <title>Dirty Dancing</title>
        <year>1987</year>
    </meta>
    <link>
        <sublink>search</sublink>
        <sublink>searchsd</sublink>
    </link>
    <thumbnail>https://image.tmdb.org/t/p/w1280//jFoktPxTtabZfh9JeDy3F78g9w7.jpg</thumbnail>
    <fanart>https://image.tmdb.org/t/p/w1280//ngDmpFRzNGr9XMtKchhBZjt4DLH.jpg</fanart>
</item>
<item>
    <title>Armageddon</title>
    <meta>
        <imdb>tt0120591</imdb>
        <content>movie</content>
        <title>Armageddon</title>
        <year>1998</year>
    </meta>
    <link>
        <sublink>search</sublink>
        <sublink>searchsd</sublink>
    </link>
    <thumbnail>https://image.tmdb.org/t/p/w1280//coINnuCzcw5FMHBty8hcudMOBnO.jpg</thumbnail>
    <fanart>https://image.tmdb.org/t/p/w1280//lI3qV4kiSg0BvE6gelzV0tPAoFK.jpg</fanart>
</item>
<item>
    <title>Tristan & Isolde</title>
    <meta>
        <imdb>tt0375154</imdb>
        <content>movie</content>
        <title>Tristan & Isolde</title>
        <year>2006</year>
    </meta>
    <link>
        <sublink>search</sublink>
        <sublink>searchsd</sublink>
    </link>
    <thumbnail>https://image.tmdb.org/t/p/w1280//8AAh97XRGbgQnMWMJ6atwEQhJQ1.jpg</thumbnail>
    <fanart>https://image.tmdb.org/t/p/w1280//2QNF5qs3HDQmYNTchw8Wn2nl2Vh.jpg</fanart>
</item>
<item>
    <title>The Way We Were</title>
    <meta>
        <imdb>tt0070903</imdb>
        <content>movie</content>
        <title>The Way We Were</title>
        <year>1973</year>
    </meta>
    <link>
        <sublink>search</sublink>
        <sublink>searchsd</sublink>
    </link>
    <thumbnail>https://image.tmdb.org/t/p/w1280//nlpbvWFfqjawAilsjlY1EB7TbS8.jpg</thumbnail>
    <fanart>https://image.tmdb.org/t/p/w1280//ujBTiMtVi65e1Z8VcGGRWhQUCf2.jpg</fanart>
</item>
<item>
    <title>The Time Traveler's Wife</title>
    <meta>
        <imdb>tt0452694</imdb>
        <content>movie</content>
        <title>The Time Traveler's Wife</title>
        <year>2009</year>
    </meta>
    <link>
        <sublink>search</sublink>
        <sublink>searchsd</sublink>
    </link>
    <thumbnail>https://image.tmdb.org/t/p/w1280//ayGp00uS6XRrNfbR59XWrJh9jpC.jpg</thumbnail>
    <fanart>https://image.tmdb.org/t/p/w1280//2Po4fvS46AAshzDZGDdjkrVxPo8.jpg</fanart>
</item>
<item>
    <title>Avatar</title>
    <meta>
        <imdb>tt0499549</imdb>
        <content>movie</content>
        <title>Avatar</title>
        <year>2009</year>
    </meta>
    <link>
        <sublink>search</sublink>
        <sublink>searchsd</sublink>
    </link>
    <thumbnail>https://image.tmdb.org/t/p/w1280//kmcqlZGaSh20zpTbuoF0Cdn07dT.jpg</thumbnail>
    <fanart>https://image.tmdb.org/t/p/w1280//5XPPB44RQGfkBrbJxmtdndKz05n.jpg</fanart>
</item>
<item>
    <title>The Proposal</title>
    <meta>
        <imdb>tt1041829</imdb>
        <content>movie</content>
        <title>The Proposal</title>
        <year>2009</year>
    </meta>
    <link>
        <sublink>search</sublink>
        <sublink>searchsd</sublink>
    </link>
    <thumbnail>https://image.tmdb.org/t/p/w1280//xippClkb4VCE15uva13SAGf8Vsd.jpg</thumbnail>
    <fanart>https://image.tmdb.org/t/p/w1280//ier1BiquNU2zptOZcAbhAI5WCyv.jpg</fanart>
</item>
<item>
    <title>The Lucky One</title>
    <meta>
        <imdb>tt1327194</imdb>
        <content>movie</content>
        <title>The Lucky One</title>
        <year>2012</year>
    </meta>
    <link>
        <sublink>search</sublink>
        <sublink>searchsd</sublink>
    </link>
    <thumbnail>https://image.tmdb.org/t/p/w1280//ug0WQaS1echV9BQoSeL2im9I3hk.jpg</thumbnail>
    <fanart>https://image.tmdb.org/t/p/w1280//qJnrOZirSyDAZj7oGulRLwPXtqz.jpg</fanart>
</item>
<item>
    <title>Safe Haven</title>
    <meta>
        <imdb>tt1702439</imdb>
        <content>movie</content>
        <title>Safe Haven</title>
        <year>2013</year>
    </meta>
    <link>
        <sublink>search</sublink>
        <sublink>searchsd</sublink>
    </link>
    <thumbnail>https://image.tmdb.org/t/p/w1280//q5u3anNtsMoCFi1uwK2UfWHkOFt.jpg</thumbnail>
    <fanart>https://image.tmdb.org/t/p/w1280//rxWM3Jnb4sCmmyALeSwK6RlyooP.jpg</fanart>
</item>
<item>
    <title>Labor Day</title>
    <meta>
        <imdb>tt1967545</imdb>
        <content>movie</content>
        <title>Labor Day</title>
        <year>2013</year>
    </meta>
    <link>
        <sublink>search</sublink>
        <sublink>searchsd</sublink>
    </link>
    <thumbnail>https://image.tmdb.org/t/p/w1280//of6NU4IAkRHke51kC2DQouMIUWa.jpg</thumbnail>
    <fanart>https://image.tmdb.org/t/p/w1280//etWGD7y6SewUFDJHz4uTbFIOCBT.jpg</fanart>
</item>
<item>
    <title>Her</title>
    <meta>
        <imdb>tt1798709</imdb>
        <content>movie</content>
        <title>Her</title>
        <year>2013</year>
    </meta>
    <link>
        <sublink>search</sublink>
        <sublink>searchsd</sublink>
    </link>
    <thumbnail>https://image.tmdb.org/t/p/w1280//fsoTLnUXEUTNuVCBxAJMY0HPPd.jpg</thumbnail>
    <fanart>https://image.tmdb.org/t/p/w1280//4f4tWe6uhwtuKMygfIAytR2W0pj.jpg</fanart>
</item>
<item>
    <title>Before Midnight</title>
    <meta>
        <imdb>tt2209418</imdb>
        <content>movie</content>
        <title>Before Midnight</title>
        <year>2013</year>
    </meta>
    <link>
        <sublink>search</sublink>
        <sublink>searchsd</sublink>
    </link>
    <thumbnail>https://image.tmdb.org/t/p/w1280//uDdobcCBfPObD2pqDSTjXxELt3c.jpg</thumbnail>
    <fanart>https://image.tmdb.org/t/p/w1280//gXJXJiQtvm0JsSMybsaEQaiQKlq.jpg</fanart>
</item>
<item>
    <title>Enough Said</title>
    <meta>
        <imdb>tt2390361</imdb>
        <content>movie</content>
        <title>Enough Said</title>
        <year>2013</year>
    </meta>
    <link>
        <sublink>search</sublink>
        <sublink>searchsd</sublink>
    </link>
    <thumbnail>https://image.tmdb.org/t/p/w1280//gPJ7KyzdHVpCaxdiq22sPEmNJZV.jpg</thumbnail>
    <fanart>https://image.tmdb.org/t/p/w1280//h3X31FLlJSqi8NTZLKjXWJ7q3rs.jpg</fanart>
</item>
<item>
    <title>The Best of Me</title>
    <meta>
        <imdb>tt1972779</imdb>
        <content>movie</content>
        <title>The Best of Me</title>
        <year>2014</year>
    </meta>
    <link>
        <sublink>search</sublink>
        <sublink>searchsd</sublink>
    </link>
    <thumbnail>https://image.tmdb.org/t/p/w1280//449Qq1XKgurG4IFTohtsEuBWJ8H.jpg</thumbnail>
    <fanart>https://image.tmdb.org/t/p/w1280//s39ikTKcPr8KNL6PGNCpbq8UxwI.jpg</fanart>
</item>
<item>
    <title>Serendipity</title>
    <meta>
        <imdb>tt0240890</imdb>
        <content>movie</content>
        <title>Serendipity</title>
        <year>2001</year>
    </meta>
    <link>
        <sublink>search</sublink>
        <sublink>searchsd</sublink>
    </link>
    <thumbnail>https://image.tmdb.org/t/p/w1280//2fNiavOBFAcaacnOUKzTgxLTPZP.jpg</thumbnail>
    <fanart>https://image.tmdb.org/t/p/w1280//6CLVThDZFdxDpCL1w2NnuXaDMEk.jpg</fanart>
</item>
<item>
    <title>Jerry Maguire</title>
    <meta>
        <imdb>tt0116695</imdb>
        <content>movie</content>
        <title>Jerry Maguire</title>
        <year>1996</year>
    </meta>
    <link>
        <sublink>search</sublink>
        <sublink>searchsd</sublink>
    </link>
    <thumbnail>https://image.tmdb.org/t/p/w1280//99YTEdKOKDRClsscOpJfdkbaTrQ.jpg</thumbnail>
    <fanart>https://image.tmdb.org/t/p/w1280//37o2HXE6pvtcbH6fTX6ZFWveGOh.jpg</fanart>
</item>
<item>
    <title>Pretty Woman</title>
    <meta>
        <imdb>tt0100405</imdb>
        <content>movie</content>
        <title>Pretty Woman</title>
        <year>1990</year>
    </meta>
    <link>
        <sublink>search</sublink>
        <sublink>searchsd</sublink>
    </link>
    <thumbnail>https://image.tmdb.org/t/p/w1280//fgmdaCMxXClZm2ePteLzCPySB1n.jpg</thumbnail>
    <fanart>https://image.tmdb.org/t/p/w1280//fztlIPN1EAO2kFVdJhKaXjAgjhH.jpg</fanart>
</item>
<item>
    <title>Before Sunrise</title>
    <meta>
        <imdb>tt0112471</imdb>
        <content>movie</content>
        <title>Before Sunrise</title>
        <year>1995</year>
    </meta>
    <link>
        <sublink>search</sublink>
        <sublink>searchsd</sublink>
    </link>
    <thumbnail>https://image.tmdb.org/t/p/w1280//jsQy4ZbPHA8hE2O6QU05PpofI61.jpg</thumbnail>
    <fanart>https://image.tmdb.org/t/p/w1280//x2M8mp6wSU4iFPECacHJkQuuvYx.jpg</fanart>
</item>
<item>
    <title>Before Sunset</title>
    <meta>
        <imdb>tt0381681</imdb>
        <content>movie</content>
        <title>Before Sunset</title>
        <year>2004</year>
    </meta>
    <link>
        <sublink>search</sublink>
        <sublink>searchsd</sublink>
    </link>
    <thumbnail>https://image.tmdb.org/t/p/w1280//gycdE1ARByGQcK4fYR2mgpU6OO.jpg</thumbnail>
    <fanart>https://image.tmdb.org/t/p/w1280//2Kx2q1GOmYRjxmILEFIusMIGTUc.jpg</fanart>
</item>
<item>
    <title>Ghost</title>
    <meta>
        <imdb>tt0099653</imdb>
        <content>movie</content>
        <title>Ghost</title>
        <year>1990</year>
    </meta>
    <link>
        <sublink>search</sublink>
        <sublink>searchsd</sublink>
    </link>
    <thumbnail>https://image.tmdb.org/t/p/w1280//rtxy3cplRFPUvruZajpcoxOQ7bi.jpg</thumbnail>
    <fanart>https://image.tmdb.org/t/p/w1280//rgyMubnjg883VdJUKKwASijyAFc.jpg</fanart>
</item>
<item>
    <title>The Long, Hot Summer</title>
    <meta>
        <imdb>tt0051878</imdb>
        <content>movie</content>
        <title>The Long, Hot Summer</title>
        <year>1958</year>
    </meta>
    <link>
        <sublink>search</sublink>
        <sublink>searchsd</sublink>
    </link>
    <thumbnail>https://image.tmdb.org/t/p/w1280//j8lhxvj3dhwSPSYG9EXJq4YDQzk.jpg</thumbnail>
    <fanart>https://image.tmdb.org/t/p/w1280//2yJKR35YZhsbGGo1oRwvM1w9Eay.jpg</fanart>
</item>
<item>
    <title>Love Affair</title>
    <meta>
        <imdb>tt0031593</imdb>
        <content>movie</content>
        <title>Love Affair</title>
        <year>1939</year>
    </meta>
    <link>
        <sublink>search</sublink>
        <sublink>searchsd</sublink>
    </link>
    <thumbnail>https://image.tmdb.org/t/p/w1280//cybaIe6nORGyQG5fTO21waLXwxC.jpg</thumbnail>
    <fanart>https://image.tmdb.org/t/p/w1280//wzSJ3AbZBTSFrWrLMhjT3c9YOHr.jpg</fanart>
</item>
<item>
    <title>Dean</title>
    <meta>
        <imdb>tt3914332</imdb>
        <content>movie</content>
        <title>Dean</title>
        <year>2016</year>
    </meta>
    <link>
        <sublink>search</sublink>
        <sublink>searchsd</sublink>
    </link>
    <thumbnail>https://image.tmdb.org/t/p/w1280//qO5DIwznN6p3ms87ZrStB0pz9EW.jpg</thumbnail>
    <fanart>https://image.tmdb.org/t/p/w1280//vWPzIjLYGz3vxHhkaXxV8JRiscB.jpg</fanart>
</item>
<item>
    <title>Begin Again</title>
    <meta>
        <imdb>tt1980929</imdb>
        <content>movie</content>
        <title>Begin Again</title>
        <year>2013</year>
    </meta>
    <link>
        <sublink>search</sublink>
        <sublink>searchsd</sublink>
    </link>
    <thumbnail>https://image.tmdb.org/t/p/w1280//qx4HXHXt528hS4rwePZbZo20xqZ.jpg</thumbnail>
    <fanart>https://image.tmdb.org/t/p/w1280//1jJVDNz5gan9WYuspnKAHwks39e.jpg</fanart>
</item>
<item>
    <title>The Fault in Our Stars</title>
    <meta>
        <imdb>tt2582846</imdb>
        <content>movie</content>
        <title>The Fault in Our Stars</title>
        <year>2014</year>
    </meta>
    <link>
        <sublink>search</sublink>
        <sublink>searchsd</sublink>
    </link>
    <thumbnail>https://image.tmdb.org/t/p/w1280//sc6XLX6J714LDkVV3Ys3clgypQS.jpg</thumbnail>
    <fanart>https://image.tmdb.org/t/p/w1280//hZWp4W5aQvGm1WiiGFYIuBUOQ3K.jpg</fanart>
</item>
<item>
    <title>Just Like Heaven</title>
    <meta>
        <imdb>tt0425123</imdb>
        <content>movie</content>
        <title>Just Like Heaven</title>
        <year>2005</year>
    </meta>
    <link>
        <sublink>search</sublink>
        <sublink>searchsd</sublink>
    </link>
    <thumbnail>https://image.tmdb.org/t/p/w1280//uEsBrbVmIk4o7GZHAbem4V9jO3a.jpg</thumbnail>
    <fanart>https://image.tmdb.org/t/p/w1280//zVsNDhidJg6bec3jaHZErWMlJ0t.jpg</fanart>
</item>
<item>
    <title>Four Weddings and a Funeral</title>
    <meta>
        <imdb>tt0109831</imdb>
        <content>movie</content>
        <title>Four Weddings and a Funeral</title>
        <year>1994</year>
    </meta>
    <link>
        <sublink>search</sublink>
        <sublink>searchsd</sublink>
    </link>
    <thumbnail>https://image.tmdb.org/t/p/w1280//md9kMKnLG8LG4pMDM98gy5x4K5L.jpg</thumbnail>
    <fanart>https://image.tmdb.org/t/p/w1280//AuSHksakPGCczHliqHnXXMNilmA.jpg</fanart>
</item>
<item>
    <title>Roman Holiday</title>
    <meta>
        <imdb>tt0046250</imdb>
        <content>movie</content>
        <title>Roman Holiday</title>
        <year>1953</year>
    </meta>
    <link>
        <sublink>search</sublink>
        <sublink>searchsd</sublink>
    </link>
    <thumbnail>https://image.tmdb.org/t/p/w1280//A0JKLHc5rS3uztYl9GDOMwXl1d3.jpg</thumbnail>
    <fanart>https://image.tmdb.org/t/p/w1280//lP5RnAzEDWcgSV4a66gYvbSPTkh.jpg</fanart>
</item>
<item>
    <title>Sweet November</title>
    <meta>
        <imdb>tt0230838</imdb>
        <content>movie</content>
        <title>Sweet November</title>
        <year>2001</year>
    </meta>
    <link>
        <sublink>search</sublink>
        <sublink>searchsd</sublink>
    </link>
    <thumbnail>https://image.tmdb.org/t/p/w1280//unObEztpIx6gmVAKe0p1VWHMcDI.jpg</thumbnail>
    <fanart>https://image.tmdb.org/t/p/w1280//A7hG4YOvPQhmYuyuLk9k0XsL3wY.jpg</fanart>
</item>
<item>
    <title>Shakespeare in Love</title>
    <meta>
        <imdb>tt0138097</imdb>
        <content>movie</content>
        <title>Shakespeare in Love</title>
        <year>1998</year>
    </meta>
    <link>
        <sublink>search</sublink>
        <sublink>searchsd</sublink>
    </link>
    <thumbnail>https://image.tmdb.org/t/p/w1280//sAN5jedynbs3pa3ww0UXQ1k0lRF.jpg</thumbnail>
    <fanart>https://image.tmdb.org/t/p/w1280//qvhpBNfb53wLnEbVnmC5GNGFRHO.jpg</fanart>
</item>
<item>
    <title>Bridget Jones's Diary</title>
    <meta>
        <imdb>tt0243155</imdb>
        <content>movie</content>
        <title>Bridget Jones's Diary</title>
        <year>2001</year>
    </meta>
    <link>
        <sublink>search</sublink>
        <sublink>searchsd</sublink>
    </link>
    <thumbnail>https://image.tmdb.org/t/p/w1280//ym6kjFFZg6boC0QHBVw6hqJLbxv.jpg</thumbnail>
    <fanart>https://image.tmdb.org/t/p/w1280//h64zNCm5SrY45c7Z6gxy9tC0xb.jpg</fanart>
</item>
<item>
    <title>Pearl Harbor</title>
    <meta>
        <imdb>tt0213149</imdb>
        <content>movie</content>
        <title>Pearl Harbor</title>
        <year>2001</year>
    </meta>
    <link>
        <sublink>search</sublink>
        <sublink>searchsd</sublink>
    </link>
    <thumbnail>https://image.tmdb.org/t/p/w1280//gzjMpcyV1RksWonaA87DZ8wQTH0.jpg</thumbnail>
    <fanart>https://image.tmdb.org/t/p/w1280//cDctk61tUeQz4LX7tTFPknI28ea.jpg</fanart>
</item>
<item>
    <title>Forces of Nature</title>
    <meta>
        <imdb>tt0141098</imdb>
        <content>movie</content>
        <title>Forces of Nature</title>
        <year>1999</year>
    </meta>
    <link>
        <sublink>search</sublink>
        <sublink>searchsd</sublink>
    </link>
    <thumbnail>https://image.tmdb.org/t/p/w1280//g1w3I72XTZ604Luhv8MEpTLLoU7.jpg</thumbnail>
    <fanart>https://image.tmdb.org/t/p/w1280//2SyXYqUiI2EZWM6R6rFdgshMgVz.jpg</fanart>
</item>
<item>
    <title>Sleepless in Seattle</title>
    <meta>
        <imdb>tt0108160</imdb>
        <content>movie</content>
        <title>Sleepless in Seattle</title>
        <year>1993</year>
    </meta>
    <link>
        <sublink>search</sublink>
        <sublink>searchsd</sublink>
    </link>
    <thumbnail>https://image.tmdb.org/t/p/w1280//afkYP15OeUOD0tFEmj6VvejuOcz.jpg</thumbnail>
    <fanart>https://image.tmdb.org/t/p/w1280//8lMeewfbgkNX8dBtqmyl4SvqIiP.jpg</fanart>
</item>
<item>
    <title>The Remains of the Day</title>
    <meta>
        <imdb>tt0107943</imdb>
        <content>movie</content>
        <title>The Remains of the Day</title>
        <year>1993</year>
    </meta>
    <link>
        <sublink>search</sublink>
        <sublink>searchsd</sublink>
    </link>
    <thumbnail>https://image.tmdb.org/t/p/w1280//gvu4zaF0KeIRoZ5fVABQH3Wug3r.jpg</thumbnail>
    <fanart>https://image.tmdb.org/t/p/w1280//whYdqicpLH1U9MzpD1FlVKwXTRj.jpg</fanart>
</item>
<item>
    <title>The Fountain</title>
    <meta>
        <imdb>tt0414993</imdb>
        <content>movie</content>
        <title>The Fountain</title>
        <year>2006</year>
    </meta>
    <link>
        <sublink>search</sublink>
        <sublink>searchsd</sublink>
    </link>
    <thumbnail>https://image.tmdb.org/t/p/w1280//lGIJvQ8ZQazOHVAA0E34yIy7gxv.jpg</thumbnail>
    <fanart>https://image.tmdb.org/t/p/w1280//kUGJWvouKUnbV3ruAl7TrSDiMU7.jpg</fanart>
</item>
<item>
    <title>Desert Hearts</title>
    <meta>
        <imdb>tt0089015</imdb>
        <content>movie</content>
        <title>Desert Hearts</title>
        <year>1985</year>
    </meta>
    <link>
        <sublink>search</sublink>
        <sublink>searchsd</sublink>
    </link>
    <thumbnail>https://image.tmdb.org/t/p/w1280//AgqWXwsxtREdSIOR9UGrlxLhjAB.jpg</thumbnail>
    <fanart>https://image.tmdb.org/t/p/w1280//4FuZtFa8ItqtDEoEqjCjClbCysg.jpg</fanart>
</item>
<item>
    <title>City of Angels</title>
    <meta>
        <imdb>tt0120632</imdb>
        <content>movie</content>
        <title>City of Angels</title>
        <year>1998</year>
    </meta>
    <link>
        <sublink>search</sublink>
        <sublink>searchsd</sublink>
    </link>
    <thumbnail>https://image.tmdb.org/t/p/w1280//dMvup91Svpns2SfCtZ4jiSFiouV.jpg</thumbnail>
    <fanart>https://image.tmdb.org/t/p/w1280//1TcaKTQexv6m38k1t1Vfimco3dK.jpg</fanart>
</item>
<item>
    <title>Brief Encounter</title>
    <meta>
        <imdb>tt0037558</imdb>
        <content>movie</content>
        <title>Brief Encounter</title>
        <year>1945</year>
    </meta>
    <link>
        <sublink>search</sublink>
        <sublink>searchsd</sublink>
    </link>
    <thumbnail>https://image.tmdb.org/t/p/w1280//yEnLvpbX5c3cUsBqXBufoOzjO00.jpg</thumbnail>
    <fanart>https://image.tmdb.org/t/p/w1280//r8mqlUqyEqVqr9duqfuZiNS1Jda.jpg</fanart>
</item>
<item>
    <title>Nights in Rodanthe</title>
    <meta>
        <imdb>tt0956038</imdb>
        <content>movie</content>
        <title>Nights in Rodanthe</title>
        <year>2008</year>
    </meta>
    <link>
        <sublink>search</sublink>
        <sublink>searchsd</sublink>
    </link>
    <thumbnail>https://image.tmdb.org/t/p/w1280//kFQRUV5CspwoY7G0rVh5CZT8j6A.jpg</thumbnail>
    <fanart>https://image.tmdb.org/t/p/w1280//x2ng5FK3VY1OhqDoCqYDZkoWsWf.jpg</fanart>
</item>
<item>
    <title>The Notebook</title>
    <meta>
        <imdb>tt0332280</imdb>
        <content>movie</content>
        <title>The Notebook</title>
        <year>2004</year>
    </meta>
    <link>
        <sublink>search</sublink>
        <sublink>searchsd</sublink>
    </link>
    <thumbnail>https://image.tmdb.org/t/p/w1280//gMfstesBXKdsHToAUXVPHujUDfb.jpg</thumbnail>
    <fanart>https://image.tmdb.org/t/p/w1280//AprhfmDEwy14xyjaAlcwdLolLjq.jpg</fanart>
</item>
<item>
    <title>A Walk to Remember</title>
    <meta>
        <imdb>tt0281358</imdb>
        <content>movie</content>
        <title>A Walk to Remember</title>
        <year>2002</year>
    </meta>
    <link>
        <sublink>search</sublink>
        <sublink>searchsd</sublink>
    </link>
    <thumbnail>https://image.tmdb.org/t/p/w1280//kso0otMalKy9qSEdrzYP7Bc3Rjg.jpg</thumbnail>
    <fanart>https://image.tmdb.org/t/p/w1280//wPTwGPIL0xqbYFRD2F6LZYwtUdV.jpg</fanart>
</item>
<item>
    <title>He Was a Quiet Man</title>
    <meta>
        <imdb>tt0760311</imdb>
        <content>movie</content>
        <title>He Was a Quiet Man</title>
        <year>2007</year>
    </meta>
    <link>
        <sublink>search</sublink>
        <sublink>searchsd</sublink>
    </link>
    <thumbnail>https://image.tmdb.org/t/p/w1280//huVxyPbe5XYZjSVGI68Y7RBo6I9.jpg</thumbnail>
    <fanart>https://image.tmdb.org/t/p/w1280//a94rYKkW0wtko06ogdT2zQ0CHRF.jpg</fanart>
</item>
<item>
    <title>Bright Star</title>
    <meta>
        <imdb>tt0810784</imdb>
        <content>movie</content>
        <title>Bright Star</title>
        <year>2009</year>
    </meta>
    <link>
        <sublink>search</sublink>
        <sublink>searchsd</sublink>
    </link>
    <thumbnail>https://image.tmdb.org/t/p/w1280//dMo0ToyAlicDeSNmY47vZkbrRIK.jpg</thumbnail>
    <fanart>https://image.tmdb.org/t/p/w1280//bfC8sfsHImqXWO1WHJJWIhWXEbo.jpg</fanart>
</item>
<item>
    <title>Stanley & Iris</title>
    <meta>
        <imdb>tt0100680</imdb>
        <content>movie</content>
        <title>Stanley & Iris</title>
        <year>1990</year>
    </meta>
    <link>
        <sublink>search</sublink>
        <sublink>searchsd</sublink>
    </link>
    <thumbnail>https://image.tmdb.org/t/p/w1280//AugbguhFPQ2aHDKMyBecaJiQLWy.jpg</thumbnail>
    <fanart>https://image.tmdb.org/t/p/w1280//12sWAG62Baqt91qIHNEo8WlaFq4.jpg</fanart>
</item>
<item>
    <title>The Last Song</title>
    <meta>
        <imdb>tt1294226</imdb>
        <content>movie</content>
        <title>The Last Song</title>
        <year>2010</year>
    </meta>
    <link>
        <sublink>search</sublink>
        <sublink>searchsd</sublink>
    </link>
    <thumbnail>https://image.tmdb.org/t/p/w1280//90ICc0MXgDgTtWD3qfA1BfkA21t.jpg</thumbnail>
    <fanart>https://image.tmdb.org/t/p/w1280//vlsf3SDSNqMtnirDSX17lLGIh2d.jpg</fanart>
</item>
<item>
    <title>Dear John</title>
    <meta>
        <imdb>tt0989757</imdb>
        <content>movie</content>
        <title>Dear John</title>
        <year>2010</year>
    </meta>
    <link>
        <sublink>search</sublink>
        <sublink>searchsd</sublink>
    </link>
    <thumbnail>https://image.tmdb.org/t/p/w1280//2Fen9XsCscjupGJUhi2zaCvOaGd.jpg</thumbnail>
    <fanart>https://image.tmdb.org/t/p/w1280//hQIPa1oKM6fSzyp1UBxBfVpSCj2.jpg</fanart>
</item>
<item>
    <title>The Age of Innocence</title>
    <meta>
        <imdb>tt0106226</imdb>
        <content>movie</content>
        <title>The Age of Innocence</title>
        <year>1993</year>
    </meta>
    <link>
        <sublink>search</sublink>
        <sublink>searchsd</sublink>
    </link>
    <thumbnail>https://image.tmdb.org/t/p/w1280//xdkFwyufgtTR4E9rk4CL2r4l00a.jpg</thumbnail>
    <fanart>https://image.tmdb.org/t/p/w1280//eRZa7l95GzhsHCvjfYqx4k5z2o6.jpg</fanart>
</item>
<item>
    <title>If Only</title>
    <meta>
        <imdb>tt0332136</imdb>
        <content>movie</content>
        <title>If Only</title>
        <year>2004</year>
    </meta>
    <link>
        <sublink>search</sublink>
        <sublink>searchsd</sublink>
    </link>
    <thumbnail>https://image.tmdb.org/t/p/w1280//2Ww5EcDpAZMV3RdmTeQf6B5M4S9.jpg</thumbnail>
    <fanart>https://image.tmdb.org/t/p/w1280//4fcEsHYXQiEr2PMAHrxdeD8poUy.jpg</fanart>
</item>
<item>
    <title>Sweet Home Alabama</title>
    <meta>
        <imdb>tt0256415</imdb>
        <content>movie</content>
        <title>Sweet Home Alabama</title>
        <year>2002</year>
    </meta>
    <link>
        <sublink>search</sublink>
        <sublink>searchsd</sublink>
    </link>
    <thumbnail>https://image.tmdb.org/t/p/w1280//698cbxq0SRwCdOPG5Bwi7JDk12d.jpg</thumbnail>
    <fanart>https://image.tmdb.org/t/p/w1280//yi9qxpSzuzZ42i04QmFfuCJyRCV.jpg</fanart>
</item>
<item>
    <title>Slumdog Millionaire</title>
    <meta>
        <imdb>tt1010048</imdb>
        <content>movie</content>
        <title>Slumdog Millionaire</title>
        <year>2008</year>
    </meta>
    <link>
        <sublink>search</sublink>
        <sublink>searchsd</sublink>
    </link>
    <thumbnail>https://image.tmdb.org/t/p/w1280//9zknVczWOLhTKnT9nbX2IOCHtZn.jpg</thumbnail>
    <fanart>https://image.tmdb.org/t/p/w1280//aIv7WnkxMWsswEpaeRuNbC32D9d.jpg</fanart>
</item>
<item>
    <title>Breathe</title>
    <meta>
        <imdb>tt5716464</imdb>
        <content>movie</content>
        <title>Breathe</title>
        <year>2017</year>
    </meta>
    <link>
        <sublink>search</sublink>
        <sublink>searchsd</sublink>
    </link>
    <thumbnail>https://image.tmdb.org/t/p/w1280//wLu2N0QVfSpk10RJ17HLHyRUmww.jpg</thumbnail>
    <fanart>https://image.tmdb.org/t/p/w1280//quVfDYktBYQfojgZ3E9pYrclGse.jpg</fanart>
</item>
<item>
    <title>The Longest Ride</title>
    <meta>
        <imdb>tt2726560</imdb>
        <content>movie</content>
        <title>The Longest Ride</title>
        <year>2015</year>
    </meta>
    <link>
        <sublink>search</sublink>
        <sublink>searchsd</sublink>
    </link>
    <thumbnail>https://image.tmdb.org/t/p/w1280//9oduon4a0w5a398r2o1M28s3upC.jpg</thumbnail>
    <fanart>https://image.tmdb.org/t/p/w1280//hLrXezbLmFnQCBsjfTBRE80HPn9.jpg</fanart>
</item>
<item>
    <title>The Choice</title>
    <meta>
        <imdb>tt3797868</imdb>
        <content>movie</content>
        <title>The Choice</title>
        <year>2016</year>
    </meta>
    <link>
        <sublink>search</sublink>
        <sublink>searchsd</sublink>
    </link>
    <thumbnail>https://image.tmdb.org/t/p/w1280//7EenqQdtZjOeBAAlxNtnG1eLHnf.jpg</thumbnail>
    <fanart>https://image.tmdb.org/t/p/w1280//eYc7B29btJ3HEEtyFHJAdyaf902.jpg</fanart>
</item>
<item>
    <title>Heartbeats</title>
    <meta>
        <imdb>tt5281700</imdb>
        <content>movie</content>
        <title>Heartbeats</title>
        <year>2017</year>
    </meta>
    <link>
        <sublink>search</sublink>
        <sublink>searchsd</sublink>
    </link>
    <thumbnail>https://image.tmdb.org/t/p/w1280//3DvBfOx4roI3jg6d1jnLApzEFZM.jpg</thumbnail>
    <fanart>https://image.tmdb.org/t/p/w1280//rw5bUm0JP2tLiKwNkhsvwojM6fk.jpg</fanart>
</item>
<item>
    <title>The Big Sick</title>
    <meta>
        <imdb>tt5462602</imdb>
        <content>movie</content>
        <title>The Big Sick</title>
        <year>2017</year>
    </meta>
    <link>
        <sublink>search</sublink>
        <sublink>searchsd</sublink>
    </link>
    <thumbnail>https://image.tmdb.org/t/p/w1280//qquEFkFbQX1i8Bal260EgGCnZ0f.jpg</thumbnail>
    <fanart>https://image.tmdb.org/t/p/w1280//fYI8WX2DquAHMqwh5mOMxc6RU5j.jpg</fanart>
</item>
<item>
    <title>Return to Montauk</title>
    <meta>
        <imdb>tt5247776</imdb>
        <content>movie</content>
        <title>Return to Montauk</title>
        <year>2017</year>
    </meta>
    <link>
        <sublink>search</sublink>
        <sublink>searchsd</sublink>
    </link>
    <thumbnail>https://image.tmdb.org/t/p/w1280//nBiymgCaJ8Gt1mAhC9MziiHP8xd.jpg</thumbnail>
    <fanart>https://image.tmdb.org/t/p/w1280//xiquVd7jDzTVdELIdhkROOnwteC.jpg</fanart>
</item>
<item>
    <title>Dirty Dancing</title>
    <meta>
        <imdb>tt5262792</imdb>
        <content>movie</content>
        <title>Dirty Dancing</title>
        <year>2017</year>
    </meta>
    <link>
        <sublink>search</sublink>
        <sublink>searchsd</sublink>
    </link>
    <thumbnail>https://image.tmdb.org/t/p/w1280//itjxxb8I1TfK1H3TGvrs5aJDM9a.jpg</thumbnail>
    <fanart>https://image.tmdb.org/t/p/w1280//tC2ViYDbv03VVaFssXDNoosY5YO.jpg</fanart>
</item>
<item>
    <title>Call Me by Your Name</title>
    <meta>
        <imdb>tt5726616</imdb>
        <content>movie</content>
        <title>Call Me by Your Name</title>
        <year>2017</year>
    </meta>
    <link>
        <sublink>search</sublink>
        <sublink>searchsd</sublink>
    </link>
    <thumbnail>https://image.tmdb.org/t/p/w1280//nPTjj6ZfBXXBwOhd7iUy6tyuKWt.jpg</thumbnail>
    <fanart>https://image.tmdb.org/t/p/w1280//vABQeCuuagIjir0YBAfL0V2XePn.jpg</fanart>
</item>
<item>
    <title>Titanic</title>
    <meta>
        <imdb>tt0120338</imdb>
        <content>movie</content>
        <title>Titanic</title>
        <year>1997</year>
    </meta>
    <link>
        <sublink>search</sublink>
        <sublink>searchsd</sublink>
    </link>
    <thumbnail>https://image.tmdb.org/t/p/w1280//kHXEpyfl6zqn8a6YuozZUujufXf.jpg</thumbnail>
    <fanart>https://image.tmdb.org/t/p/w1280//fVcZErSWa7gyENuj8IWp8eAfCnL.jpg</fanart>
</item>
<dir>
    <title>Pride and Prejudice</title>
    <meta>
        <imdb>tt0112130</imdb>
        <content>tvshow</content>
        <tvshowtitle>Pride and Prejudice</tvshowtitle>
        <year>1995</year>
    </meta>
    <link>tmdb_tv_show(1457, 1995, Pride and Prejudice)</link>
    <thumbnail>https://image.tmdb.org/t/p/w1280//rlqOyCEaZuKoYTI1vhZ0kVyCTV7.jpg</thumbnail>
    <fanart>https://image.tmdb.org/t/p/w1280//fJbERbUgWwBScDTmumpH1Lsl5aJ.jpg</fanart>
</dir>
