<?xml version="1.0" encoding="UTF-8" standalone="yes"?>
    <addon id="repository.tantrumtv" name="Tantrum.TV Repository" version="1.0.1" provider-name="MuadDib">
        <extension point="xbmc.addon.repository" name="Tantrum.TV Repository">
            <info compressed="false">https://raw.githubusercontent.com/muaddibttv/tantrumrepo/master/_repo/addons.xml</info>
            <checksum>https://raw.githubusercontent.com/muaddibttv/tantrumrepo/master/_repo/addons.xml.md5</checksum>
            <datadir zip="true">https://raw.githubusercontent.com/muaddibttv/tantrumrepo/master/_repo/</datadir>
            <hashes>false</hashes>
        </extension>
        <extension point="xbmc.addon.metadata">
            <summary>Tantrum.TV Official Repository</summary>
            <description>Tantrum.TV Official Repository</description>
            <platform>all</platform>
    </extension>
</addon>