<?xml version="1.0" encoding="UTF-8"?>
<addon id="skin.aeon.nox.destiny" version="0.0.1" name="Aeon Nox 5: Destiny" provider-name="MuadDib">
	<requires>
		<import addon="xbmc.gui" version="5.12.0"/>
		<import addon="script.grab.fanart" version="0.12.8"/>
		<import addon="script.skinshortcuts" version="1.0.10"/>
		<import addon="service.library.data.provider" version="0.0.7"/>
		<import addon="resource.images.studios.white" version="0.0.1"/>
		<import addon="resource.images.recordlabels.white" version="0.0.1"/>
	</requires>
	<extension point="xbmc.gui.skin" debugging="false" effectslowdown="0.75">
		<res width="1920" height="1080" aspect="16:9" default="true" folder="16x9" />
	</extension>
	<extension point="xbmc.addon.metadata">
		<summary>Created by BigNoid, Modded by SiLVO and MuadDib, and Widgets by Mr. V</summary>
		<description>Completely redesigned to create a modern look, while retaining the classic Aeon feel.</description>
		<platform>all</platform>
		<license>GNU GENERAL PUBLIC LICENSE Version 2, June 1991</license>
		<forum></forum>
		<website></website>
		<source></source>
		<news>[B]Based on [I]v5.9.4[/I] of Aeon Nox 5[/B] plus Silvo's fixes and customizations</news>
		<assets>
			<icon>resources/icon.png</icon>
			<fanart>resources/fanart.jpg</fanart>
		</assets>
	</extension>
</addon>