<?xml version="1.0" encoding="UTF-8"?>
<window id="1120" type="dialog">
	<defaultcontrol always="true">90200</defaultcontrol>
	<onunload condition="String.IsEqual(Skin.String(Viz.Background),4) + System.HasAddon(script.toolbox)">RunScript(script.toolbox,daemon=True,radius=30)</onunload>
	<coordinates>
		<system>1</system>
		<left>199</left>
		<top>210</top>
	</coordinates>
	<include>DialogOpenCloseAnimation</include>
	<controls>
		<control type="image">
			<description>background image</description>
			<width>1522</width>
			<height>660</height>
			<texture border="40">dialogs/default/bg.png</texture>
		</control>
		<control type="label" id="2">
			<description>header label</description>
			<left>30</left>
			<top>32</top>
			<width>1462</width>
			<height>40</height>
			<font>font15_title</font>
			<label>19181</label>
			<align>center</align>
			<textcolor>dialogheader</textcolor>
		</control>
		<control type="grouplist" id="90200">
			<description>control area</description>
			<left>33</left>
			<top>88</top>
			<width>1452</width>
			<height>540</height>
			<pagecontrol>6</pagecontrol>
			<onup>90200</onup>
			<ondown>90200</ondown>
			<onleft>6</onleft>
			<onright>6</onright>
			<control type="button" id="90201">
				<description>Background Button</description>
				<width>1452</width>
				<label>$LOCALIZE[31102]:</label>
				<label2>[COLOR $VAR[ThemeLabelColor]]$VAR[VizBackgroundLabelVar][/COLOR]</label2>
				<onclick>$VAR[VizBackgroundClickVar]</onclick>
			</control>
			<control type="button" id="90901">
				<description>Artist Slideshow Settings Button</description>
				<width>1452</width>
				<label>   - $INFO[System.AddonTitle(script.artistslideshow)] $LOCALIZE[5]</label>
				<onclick>Addon.OpenSettings(script.artistslideshow)</onclick>
				<visible>String.IsEqual(Skin.String(Viz.Background),3)</visible>
			</control>
			<control type="radiobutton" id="90202">
				<description>Background Button</description>
				<width>1452</width>
				<label>$LOCALIZE[31129]</label>
				<onclick>Skin.ToggleSetting(HideVisualizationFanart)</onclick>
				<selected>Skin.HasSetting(HideVisualizationFanart)</selected>
				<enable>Visualisation.Enabled + ![String.IsEqual(Visualisation.Name,waveform) | String.IsEqual(Visualisation.Name,opengl spectrum) | String.IsEqual(Visualisation.Name,directx spectrum)]</enable>
			</control>
			<control type="radiobutton" id="90205">
				<description>Time &amp; Date Button</description>
				<width>1452</width>
				<label>$LOCALIZE[31267]</label>
				<onclick>Skin.ToggleSetting(Disable.MusicVizTime)</onclick>
				<selected>Skin.HasSetting(Disable.MusicVizTime)</selected>
			</control>
			<control type="radiobutton" id="90203">
				<description>Big Ass Label Button</description>
				<width>1452</width>
				<label>$LOCALIZE[31042]</label>
				<onclick>Skin.ToggleSetting(BigAssLabel)</onclick>
				<selected>Skin.HasSetting(BigAssLabel)</selected>
			</control>
			<control type="button" id="90204">
				<description>Artist Info Button</description>
				<width>1452</width>
				<label>$LOCALIZE[31108]</label>
				<label2>[COLOR $VAR[ThemeLabelColor]]$VAR[VizArtistInfoVar][/COLOR]</label2>
				<onclick condition="!Skin.HasSetting(Enable.VizInfo) + !Skin.HasSetting(Enable.VizPersistent)">Skin.SetBool(Enable.VizInfo)</onclick>
				<onclick condition="Skin.HasSetting(Enable.VizInfo)">Skin.SetBool(Enable.VizPersistent)</onclick>
				<onclick condition="Skin.HasSetting(Enable.VizInfo)">Skin.Reset(Enable.VizInfo)</onclick>
				<onclick condition="Skin.HasSetting(Enable.VizPersistent)">Skin.Reset(Enable.VizPersistent)</onclick>
				<visible>System.HasAddon(script.artistslideshow)</visible>
			</control>
			<control type="radiobutton" id="90910">
				<width>1452</width>
				<label>$LOCALIZE[31971]</label>
				<onclick condition="!Skin.HasSetting(hidevizbehindfanart) + !Skin.HasSetting(WarnedOnHidingViz)">SetProperty(NotWarnedOnHidingViz,True,home)</onclick>
				<onclick condition="!Skin.HasSetting(hidevizbehindfanart) + !Skin.HasSetting(WarnedOnHidingViz)">ActivateWindow(1126)</onclick>
				<onclick condition="Skin.HasSetting(hidevizbehindfanart) | Skin.HasSetting(WarnedOnHidingViz)">Skin.ToggleSetting(hidevizbehindfanart)</onclick>
				<selected>Skin.HasSetting(hidevizbehindfanart)</selected>
			</control>
			<control type="radiobutton" id="90912">
				<width>1452</width>
				<label>$LOCALIZE[31972]</label>
				<onclick>Skin.ToggleSetting(launchmusicfullscreen)</onclick>
				<selected>Skin.HasSetting(launchmusicfullscreen)</selected>
			</control>
			<control type="button" id="90911">
				<width>1452</width>
				<label>$LOCALIZE[31175]</label>
				<label2>[COLOR $VAR[ThemeLabelColor]]$INFO[Skin.String(pathlogosartists)][/COLOR]</label2>
				<onclick>Skin.Reset(pathlogosartists)</onclick>
				<onclick>Skin.SetPath(pathlogosartists)</onclick>
				<visible>!System.HasAddon(script.skin.helper.service)</visible>
			</control>
			<control type="button" id="90914">
				<width>1452</width>
				<label>$LOCALIZE[31187]</label>
				<label2>[COLOR $VAR[ThemeLabelColor]]$VAR[MusicVizLayoutLabelVar][/COLOR]</label2>
				<onclick>$VAR[MusicVizLayoutOnclickVar]</onclick>
			</control>
			<control type="radiobutton" id="90206">
				<description>Hide album</description>
				<width>1452</width>
				<label>$LOCALIZE[31268]</label>
				<onclick>Skin.ToggleSetting(HideMusicVizAlbum)</onclick>
				<selected>Skin.HasSetting(HideMusicVizAlbum)</selected>
				<visible>!String.IsEqual(Skin.String(MusicVizLayout),2)</visible>
			</control>
			<control type="radiobutton" id="90913">
				<description>Hide CD</description>
				<width>1452</width>
				<label>$LOCALIZE[31347]</label>
				<onclick>Skin.ToggleSetting(HideMusicVizCD)</onclick>
				<selected>Skin.HasSetting(HideMusicVizCD)</selected>
				<visible>!String.IsEqual(Skin.String(MusicVizLayout),2)</visible>
			</control>
			<control type="radiobutton" id="90207">
				<width>1452</width>
				<label>$LOCALIZE[31235]</label>
				<onclick>Skin.ToggleSetting(SlideMusicLabelsLeft)</onclick>
				<selected>Skin.HasSetting(SlideMusicLabelsLeft)</selected>
				<visible>[Skin.HasSetting(HideMusicVizAlbum) | Skin.HasSetting(HideMusicVizCD)] + String.IsEqual(Skin.String(MusicVizLayout),1)</visible>
			</control>
			<control type="radiobutton" id="90208">
				<width>1452</width>
				<label>$LOCALIZE[31236]</label>
				<onclick>Skin.ToggleSetting(SlideMusicLabelsRight)</onclick>
				<selected>Skin.HasSetting(SlideMusicLabelsRight)</selected>
				<visible>[Skin.HasSetting(HideMusicVizAlbum) | Skin.HasSetting(HideMusicVizCD)] + String.IsEmpty(Skin.String(MusicVizLayout))</visible>
			</control>
			<control type="radiobutton" id="90915">
				<width>1452</width>
				<label>$LOCALIZE[31269]</label>
				<onclick>Skin.ToggleSetting(Disable.MusicPlayerNextTrack)</onclick>
				<selected>Skin.HasSetting(Disable.MusicPlayerNextTrack)</selected>
				<visible>String.IsEqual(Skin.String(MusicVizLayout),1)</visible>
			</control>
		</control>
		<control type="scrollbar" id="6">
			<left>1480</left>
			<top>88</top>
			<width>8</width>
			<height>540</height>
			<texturesliderbackground />
			<texturesliderbar colordiffuse="55ffffff" border="1">scrollbar/texturesliderbar2.png</texturesliderbar>
			<texturesliderbarfocus border="1">scrollbar/texturesliderbar2.png</texturesliderbarfocus>
			<onleft>90200</onleft>
			<onright>90200</onright>
			<showonepage>false</showonepage>
			<orientation>vertical</orientation>
		</control>
	</controls>
</window>