<?xml version="1.0" encoding="UTF-8"?>
<window id="1112" type="dialog">
	<defaultcontrol always="true">62</defaultcontrol>
	<onunload>ClearProperty(TextViewerHeader,Home)</onunload>
	<onunload>ClearProperty(TextViewerSubHeader,Home)</onunload>
	<onunload>ClearProperty(TextViewerContent,Home)</onunload>
	<onunload>ClearProperty(AddonNews,Home)</onunload>
	<controls>
		<control type="button" id="62">
			<oninfo>Dialog.Close(1112)</oninfo>
			<onclick>Dialog.Close(1112)</onclick>
			<onleft>Dialog.Close(1112)</onleft>
			<onright>Dialog.Close(1112)</onright>
			<onup>PageUp(61)</onup>
			<ondown>PageDown(61)</ondown>
			<include>HiddenObject</include>
		</control>
		<control type="group">
			<animation effect="slide" start="0,0" end="220,-20" time="0" condition="Window.IsVisible(addoninformation)">Conditional</animation>
			<include condition="String.IsEmpty(Window(home).Property(AddonNews))">DialogOpenCloseAnimation</include>
			<animation effect="fade" time="100" delay="200" condition="!String.IsEmpty(Window(home).Property(AddonNews))">WindowOpen</animation>
			<animation effect="fade" time="50" condition="!String.IsEmpty(Window(home).Property(AddonNews))">WindowClose</animation>
			<left>270</left>
			<top>88</top>
			<control type="image">
				<width>1380</width>
				<height>904</height>
				<texture border="40">listpanel_back.png</texture>
				<visible>String.IsEmpty(Window(home).Property(AddonNews))</visible>
			</control>
			<control type="label">
				<description>header label</description>
				<left>62</left>
				<top>32</top>
				<width>1256</width>
				<height>40</height>
				<font>font30_title</font>
				<align>center</align>
				<textcolor>dialogheader</textcolor>
				<label>$INFO[Window(Home).Property(TextViewerHeader)]</label>
			</control>
			<control type="label">
				<description>Subheader label</description>
				<left>62</left>
				<top>95</top>
				<width>1256</width>
				<height>40</height>
				<font>font16</font>
				<align>center</align>
				<textcolor>grey2</textcolor>
				<label>$INFO[Window(Home).Property(TextViewerSubHeader)]</label>
			</control>
			<control type="textbox">
				<description>textarea</description>
				<left>62</left>
				<top>145</top>
				<width>1256</width>
				<height>700</height>
				<font>font16_textbox</font>
				<textcolor>grey2</textcolor>
				<pagecontrol>61</pagecontrol>
				<label>$INFO[Window(Home).Property(TextViewerContent)]</label>
			</control>
			<control type="scrollbar" id="61">
				<left>1348</left>
				<top>32</top>
				<width>14</width>
				<height>840</height>
				<ondown>61</ondown>
				<onup>61</onup>
				<showonepage>false</showonepage>
				<texturesliderbackground />
				<texturesliderbar border="1">scrollbar/texturesliderbar2.png</texturesliderbar>
				<texturesliderbarfocus border="1">scrollbar/texturesliderbar2.png</texturesliderbarfocus>
				<orientation>vertical</orientation>
			</control>
		</control>
	</controls>
</window>