<?xml version="1.0" encoding="UTF-8"?>
<window>
	<zorder>5</zorder>
	<defaultcontrol>1</defaultcontrol>
	<!-- PseudoTV Live -->
	<visible>Window.IsActive(fullscreenvideo) + !Window.IsActive(script.pseudotv.TVOverlay.xml) + !Window.IsActive(script.pseudotv.live.TVOverlay.xml)</visible>
	<controls>
		<control type="group">
			<visible>!Skin.HasSetting(Enable.ScreenshotMode) + [Window.IsActive(videoosd) | [Window.IsActive(fullscreeninfo) + ![VideoPlayer.Content(movies) | VideoPlayer.Content(episodes)]] | [Window.IsActive(fullscreeninfo) + !Skin.HasSetting(Enable.UsePausedOverlay) + [VideoPlayer.Content(movies) | VideoPlayer.Content(episodes)]] | Player.ShowInfo | Player.Seeking | Player.DisplayAfterSeek | Player.Paused | Player.Forwarding | Player.Rewinding] + !Window.IsVisible(MusicOSD) + VideoPlayer.IsFullscreen + ![Player.Paused + Window.IsActive(1134) + !Skin.HasSetting(Disable.Netflix.Pause)] | [Window.IsActive(fullscreeninfo) + Skin.HasSetting(ShowSeekbar) + Skin.HasSetting(Enable.UsePausedOverlay) + [VideoPlayer.Content(movies) | VideoPlayer.Content(episodes)]]</visible>
			<control type="group">
				<top>1014</top>
				<visible>!VideoPlayer.Content(LiveTV) + ![Skin.HasSetting(AlternateVideoOSD) + Window.IsActive(fullscreeninfo)]</visible>
				<control type="image">
					<top>4</top>
					<width>100%</width>
					<height>70</height>
					<texture border="1,32,1,1">bottombar.png</texture>
				</control>
				<control type="progress">
					<top>25</top>
					<width>100%</width>
					<height>40</height>
					<texturebg border="2">osd/texturebg.png</texturebg>
					<lefttexture />
					<midtexture border="2">osd/midtexture_cache.png</midtexture>
					<righttexture />
					<overlaytexture />
					<info>Player.ProgressCache</info>
				</control>
				<control type="progress">
					<top>25</top>
					<width>100%</width>
					<height>36</height>
					<texturebg border="1">osd/texturebg_cache.png</texturebg>
					<lefttexture />
					<midtexture colordiffuse="$VAR[ThemeOSDProgressColor]" border="2">osd/midtexture.png</midtexture>
					<righttexture />
					<overlaytexture />
					<info>Player.Progress</info>
				</control>
				<control type="slider" id="401">
					<description>Seek Slider</description>
					<top>27</top>
					<width>100%</width>
					<height>22</height>
					<texturesliderbar>seekslider2.png</texturesliderbar>
					<textureslidernib colordiffuse="$VAR[ThemeOSDProgressColor]">slidernib_alt.png</textureslidernib>
					<textureslidernibfocus colordiffuse="$VAR[ThemeOSDProgressColor]">slidernib_alt.png</textureslidernibfocus>
					<visible>Player.Seeking</visible>
				</control>
				<control type="label">
					<top>24</top>
					<width>830</width>
					<height>90</height>
					<font>font14_title</font>
					<textoffsetx>15</textoffsetx>
					<textcolor>grey</textcolor>
					<shadowcolor>shadow</shadowcolor>
					<aligny>top</aligny>
					<textoffsety>-2</textoffsety>
					<label>$VAR[PlayerTitleLabelVar]</label>
					<scroll>true</scroll>
					<animation effect="fade" start="100" end="50" time="240" condition="Player.Seeking">Conditional</animation>
				</control>
				<control type="label">
					<top>24</top>
					<width>100%</width>
					<height>90</height>
					<font>font14_title</font>
					<textoffsetx>15</textoffsetx>
					<textcolor>grey</textcolor>
					<shadowcolor>shadow</shadowcolor>
					<align>center</align>
					<aligny>top</aligny>
					<textoffsety>-2</textoffsety>
					<label>$VAR[SeekLabelVar]</label>
				</control>
				<control type="label">
					<top>24</top>
					<left>1020</left>
					<width>900</width>
					<height>90</height>
					<font>font14_title</font>
					<textoffsetx>15</textoffsetx>
					<textcolor>grey</textcolor>
					<shadowcolor>shadow</shadowcolor>
					<align>right</align>
					<aligny>top</aligny>
					<textoffsety>-2</textoffsety>
					<label>$VAR[OSDRightLabelVar]</label>
					<animation effect="fade" start="100" end="50" time="240" condition="Player.Seeking">Conditional</animation>
				</control>
			</control>
			<control type="group">
				<animation effect="slide" start="0,0" end="0,-80" time="240" condition="Skin.HasSetting(AlternateVideoOSD) + Window.IsActive(fullscreeninfo)">Conditional</animation>
				<animation type="WindowOpen" reversible="false">
					<effect type="fade" start="0" end="100" time="500" />
				</animation>
				<animation type="WindowClose" reversible="false">
					<effect type="fade" start="100" end="0" time="0" />
				</animation>
				<animation type="VisibleChange" reversible="false">
					<effect type="fade" start="0" end="100" time="500" />
				</animation>
				<control type="group">
					<left>867</left>
					<top>447</top>
					<visible>[Player.Paused + !Window.IsVisible(1134)] + !Window.IsActive(subtitlesearch)</visible>
					<control type="image">
						<width>186</width>
						<height>186</height>
						<texture>osd/bg_play_large.png</texture>
					</control>
					<control type="image">
						<width>186</width>
						<height>186</height>
						<texture>osd/btn_pause.png</texture>
					</control>
				</control>
			</control>
			<control type="grouplist">
				<left>30</left>
				<top>120</top>
				<width>748</width>
				<height>150</height>
				<itemgap>10</itemgap>
				<orientation>horizontal</orientation>
				<include>VisibleFadeAnimation</include>
				<visible>Player.Forwarding | Player.Rewinding</visible>
				<usecontrolcoords>true</usecontrolcoords>
				<control type="image">
					<top>3</top>
					<width>90</width>
					<height>87</height>
					<aspectratio>keep</aspectratio>
					<texture flipx="true">osd/ff.png</texture>
					<colordiffuse>FFe5e5e5</colordiffuse>
					<animation effect="fade" start="100" end="60" time="800" pulse="true" condition="true">Conditional</animation>
					<visible>Player.Rewinding</visible>
				</control>
				<control type="label">
					<label>$VAR[VideoPlayerForwardRewindVar]</label>
					<width min="10" max="300">auto</width>
					<height>90</height>
					<textoffsetx>0</textoffsetx>
					<font>font_MainMenu</font>
					<shadowcolor>44000000</shadowcolor>
					<textcolor>DDe5e5e5</textcolor>
				</control>
				<control type="image">
					<top>3</top>
					<width>90</width>
					<height>87</height>
					<aspectratio>keep</aspectratio>
					<texture>osd/ff.png</texture>
					<colordiffuse>FFe5e5e5</colordiffuse>
					<animation effect="fade" start="100" end="60" time="800" pulse="true" condition="true">Conditional</animation>
					<visible>Player.Forwarding</visible>
				</control>
			</control>
		</control>
		<control type="group">
			<visible>[Window.IsActive(videoosd) | Window.IsActive(fullscreeninfo) | Player.ShowInfo | Player.Seeking | Player.DisplayAfterSeek | Player.Paused | Player.Forwarding | Player.Rewinding] + VideoPlayer.IsFullscreen + VideoPlayer.Content(LiveTV) + !Window.IsVisible(pvrosdguide)</visible>
			<control type="group">
				<left>867</left>
				<top>447</top>
				<visible>Player.Paused</visible>
				<control type="image">
					<width>186</width>
					<height>186</height>
					<texture>osd/bg_play_large.png</texture>
				</control>
				<control type="image">
					<width>186</width>
					<height>186</height>
					<texture>osd/btn_pause.png</texture>
				</control>
			</control>
			<control type="grouplist">
				<left>30</left>
				<top>120</top>
				<width>748</width>
				<height>150</height>
				<itemgap>10</itemgap>
				<orientation>horizontal</orientation>
				<include>VisibleFadeAnimation</include>
				<visible>Player.Forwarding | Player.Rewinding</visible>
				<usecontrolcoords>true</usecontrolcoords>
				<control type="image">
					<top>3</top>
					<width>90</width>
					<height>87</height>
					<aspectratio>keep</aspectratio>
					<texture flipx="true">osd/ff.png</texture>
					<colordiffuse>FFe5e5e5</colordiffuse>
					<animation effect="fade" start="100" end="60" time="800" pulse="true" condition="true">Conditional</animation>
					<visible>Player.Rewinding</visible>
				</control>
				<control type="label">
					<label>$VAR[VideoPlayerForwardRewindVar]</label>
					<width min="10" max="300">auto</width>
					<height>90</height>
					<textoffsetx>0</textoffsetx>
					<font>font_MainMenu</font>
					<shadowcolor>44000000</shadowcolor>
					<textcolor>DDe5e5e5</textcolor>
				</control>
				<control type="image">
					<top>3</top>
					<width>90</width>
					<height>87</height>
					<aspectratio>keep</aspectratio>
					<texture>osd/ff.png</texture>
					<colordiffuse>FFe5e5e5</colordiffuse>
					<animation effect="fade" start="100" end="60" time="800" pulse="true" condition="true">Conditional</animation>
					<visible>Player.Forwarding</visible>
				</control>
			</control>
			<include>FullScreenInfoBarLiveTV</include>
		</control>
	</controls>
</window>