<?xml version="1.0" encoding="utf-8"?>
<window>
	<defaultcontrol always="true">9000</defaultcontrol>
	<onload condition="!System.HasAddon(script.skinshortcuts)">SetProperty(MissingDependency,True,home)</onload>
	<onload condition="!System.HasAddon(script.skinshortcuts)">ActivateWindow(1126)</onload>
	<onload condition="System.HasAddon(script.skinshortcuts)">RunScript(script.skinshortcuts,type=buildxml&amp;mainmenuID=9000&amp;levels=2)</onload>
	<onload>ClearProperty(WidgetUpdate,home)</onload>
	<onunload>ClearProperty(SkinHelper.WidgetContainer,home)</onunload>
	<controls>
		<include>CommonBackground</include>
		<include condition="!Skin.HasSetting(Disable.Videoinfo)">NowPlayingVideoWidget</include>
		<include condition="!Skin.HasSetting(Disable.Musicinfo)">NowPlayingMusicWidget</include>
		<include>Widget1</include>
		<include>Widget2</include>
		<include>LiveTVWidget</include>
		<!-- RSS Widgets -->
		<include condition="[String.IsEqual(Skin.String(RSS.Position),$LOCALIZE[418]) | String.IsEqual(Skin.String(RSS.Position),$LOCALIZE[571])] + [system.getbool(lookandfeel.enablerssfeeds) + !String.IsEqual(Skin.String(MainMenu.Layout),15)]">RSSFeedWidget</include>
		<include condition="String.IsEqual(Skin.String(RSS.Position),$LOCALIZE[419]) + [system.getbool(lookandfeel.enablerssfeeds) + !String.IsEqual(Skin.String(MainMenu.Layout),15)]">RSSFeedWidget2</include>
		<include condition="String.IsEqual(Skin.String(MainMenu.Layout),15)">RSSFeedWidgetVerticalMenu</include>
		<!-- Horizontal Menu -->
		<include condition="!String.IsEqual(Skin.String(MainMenu.Layout),15)">HorizontalMenuSystemBars</include>
		<control type="group">
			<visible>!String.IsEqual(Skin.String(MainMenu.Layout),15)</visible>
			<top>453</top>
			<animation effect="slide" end="0,338" time="320" tween="cubic" easing="inout" condition="Skin.HasSetting(lowermainmenu)">Conditional</animation>
			<animation type="WindowOpen" reversible="false" condition="Window.Previous(Startup)">
				<effect type="zoom" start="0" end="100" center="960,540" delay="500" time="300" tween="cubic" />
			</animation>
			<animation type="WindowOpen" reversible="false" condition="!Window.Previous(Startup)">
				<effect type="zoom" start="150" end="100" center="960,540" time="300" tween="cubic" />
				<effect type="fade" start="50" end="100" time="300" />
			</animation>
			<animation type="WindowClose" reversible="false">
				<effect type="fade" start="100" end="0" time="300" />
				<effect type="zoom" start="100" end="130" center="960,540" time="300" tween="cubic" easing="in" />
			</animation>
			<include condition="system.getbool(input.enablemouse)">SubmenuMouseButton</include>
			<control type="group">
				<control type="group" id="9001">
					<top>159</top>
					<include condition="[String.IsEqual(Skin.String(RSS.Position),$LOCALIZE[571]) | !String.IsEqual(Skin.String(RSS.Position),$LOCALIZE[571]) + !Skin.HasSetting(Enable.VisibleSubmenu)] + system.getbool(lookandfeel.enablerssfeeds) | [!system.getbool(lookandfeel.enablerssfeeds) + !Skin.HasSetting(Enable.VisibleSubmenu)]">SubMenuAnimation</include>
					<animation effect="slide" start="1870,0" end="0,0" delay="300" time="240" condition="!Window.Previous(startup)">WindowOpen</animation>
					<animation effect="slide" start="1870,0" end="0,0" delay="200" time="480" condition="Window.Previous(startup)">WindowOpen</animation>
					<control type="image">
						<width>100%</width>
						<height>87</height>
						<texture colordiffuse="$VAR[ThemeHomeSystemBarsColor]">submenu_bar.png</texture>
						<visible>!Skin.HasSetting(Enable.ColoredSystemBars)</visible>
					</control>
					<control type="image">
						<width>100%</width>
						<height>87</height>
						<texture colordiffuse="$VAR[ThemeHomeSystemBarsColor]">submenu_bar_white.png</texture>
						<visible>Skin.HasSetting(Enable.ColoredSystemBars)</visible>
					</control>
					<include condition="!String.IsEqual(Skin.String(MainMenu.Layout),15)">HorizontalSubMenu</include>
				</control>
				<control type="image">
					<top>-4</top>
					<width>100%</width>
					<height>230</height>
					<texture colordiffuse="$VAR[ThemeHomeMenuBarColor]">homemenu_back.png</texture>
				</control>
				<control type="image">
					<top>1</top>
					<width>100%</width>
					<height>225</height>
					<texture colordiffuse="$VAR[ThemeHomeMenuBarColor]">homemenu_back_white.png</texture>
					<visible>Skin.HasSetting(Enable.ColoredMenuBar)</visible>
				</control>
			</control>
			<!-- Horizontal Menu Content -->
			<include condition="String.IsEqual(Skin.String(MainMenu.Layout),1)">OneMainMenuItemListContent</include>
			<include condition="Skin.HasSetting(HomeMenuNavVar) + !String.IsEqual(Skin.String(MainMenu.Layout),1) + !String.IsEqual(Skin.String(MainMenu.Layout),15)">MainMenuListFixed</include>
			<include condition="!Skin.HasSetting(HomeMenuNavVar) + !String.IsEqual(Skin.String(MainMenu.Layout),1) + !String.IsEqual(Skin.String(MainMenu.Layout),15)">MainMenuListWrapped</include>
			<control type="image">
				<top>58</top>
				<width>100</width>
				<height>104</height>
				<texture border="1">side_fade.png</texture>
			</control>
			<control type="image">
				<left>1820</left>
				<top>58</top>
				<width>100</width>
				<height>104</height>
				<texture flipx="true" border="1">side_fade.png</texture>
			</control>
			<control type="image">
				<top>90</top>
				<width>100%</width>
				<height>72</height>
				<texture border="1">gradient_floor.png</texture>
				<visible>!String.IsEqual(Skin.String(MainMenu.Layout),10)</visible>
			</control>
		</control>
		<!-- Vertical Menu -->
		<control type="group">
			<visible>String.IsEqual(Skin.String(MainMenu.Layout),15)</visible>
			<animation effect="slide" end="-480,0" time="240">WindowClose</animation>
			<animation effect="slide" start="-480,0" end="0,0" delay="300" time="240" condition="!window.previous(startup)">WindowOpen</animation>
			<animation effect="slide" start="-480,0" end="0,0" delay="800" time="480" condition="window.previous(startup)">WindowOpen</animation>
			<animation effect="slide" end="-410,0" time="320" tween="cubic" easing="inout" condition="$EXP[HasVerticalMenuWithExtended]">Conditional</animation>
			<control type="image">
				<width>455</width>
				<height>1080</height>
				<texture border="40">mediamenu_back.png</texture>
				<animation effect="fade" start="100" end="80" time="300" tween="sine" easing="inout" condition="true">Conditional</animation>
				<visible>!Skin.HasSetting(Enable.ColoredMenuBar)</visible>
			</control>
			<control type="image">
				<width>455</width>
				<height>1080</height>
				<texture colordiffuse="$VAR[ThemeHomeMenuBarColor]" border="40">mediamenu_back_white.png</texture>
				<animation effect="fade" start="100" end="80" time="300" tween="sine" easing="inout" condition="true">Conditional</animation>
				<visible>Skin.HasSetting(Enable.ColoredMenuBar)</visible>
			</control>
			<control type="button">
				<top>528</top>
				<width>25</width>
				<height>25</height>
				<texturefocus flipx="true" colordiffuse="white">arrowright.png</texturefocus>
				<texturenofocus flipx="true">arrowright.png</texturenofocus>
				<onclick>90001</onclick>
				<visible>String.IsEqual(Container(9000).ListItem.Property(hasSubmenu),True)</visible>
				<include>VisibleFadeAnimation</include>
			</control>
			<include condition="Skin.HasSetting(HomeMenuNavVar) + String.IsEqual(Skin.String(MainMenu.Layout),15)">VerticalMainMenuListFixed</include>
			<include condition="!Skin.HasSetting(HomeMenuNavVar) + String.IsEqual(Skin.String(MainMenu.Layout),15)">VerticalMainMenuListWrapped</include>
		</control>
		<!-- Fanart Title Widget -->
		<control type="group">
			<visible>String.Contains(Container(9000).ListItem.Property(background),.Fanart) + !String.Contains(Container(9000).ListItem.Property(background),Weather) + ![Player.HasVideo + !Skin.HasSetting(Disable.ShowBackgroundVideo)]</visible>
			<include condition="!Skin.HasSetting(Disable.FanartTitle)">FanartTitle</include>
		</control>
		<!-- Vertical SubMenu + System Bars -->
		<include condition="String.IsEqual(Skin.String(MainMenu.Layout),15)">VerticalSubMenu</include>
		<include condition="String.IsEqual(Skin.String(MainMenu.Layout),15)">VerticalMenuSystemBars</include>
	</controls>
</window>