<?xml version="1.0" encoding="UTF-8"?>
<window>
	<defaultcontrol always="true">602</defaultcontrol>
	<coordinates>
		<system>1</system>
		<left>0</left>
		<top>0</top>
	</coordinates>
	<controls>
		<control type="group">
			<animation effect="slide" end="0,-120" time="300" tween="quadratic" condition="Window.IsVisible(selectdialog)">Conditional</animation>
			<animation effect="slide" start="0,-120" end="0,0" time="300" tween="quadratic">WindowOpen</animation>
			<animation effect="slide" end="0,-120" start="0,0" time="300" tween="quadratic">WindowClose</animation>
			<control type="image">
				<top>-1</top>
				<width>100%</width>
				<height>145</height>
				<texture colordiffuse="E6FFFFFF" border="1,1,1,40">topbar.png</texture>
			</control>
			<control type="grouplist" id="202">
				<top>5</top>
				<height>144</height>
				<width>100%</width>
				<align>center</align>
				<scrolltime tween="sine">200</scrolltime>
				<orientation>horizontal</orientation>
				<onup>706</onup>
				<ondown>802</ondown>
				<onleft>202</onleft>
				<onright>202</onright>
				<control type="button" id="802">
					<texturefocus>osd/buttons/OSDChannelUPFO.png</texturefocus>
					<texturenofocus>osd/buttons/OSDChannelUPNF.png</texturenofocus>
					<label />
					<width>100</width>
					<height>100</height>
					<font />
					<onclick>SetRating</onclick>
				</control>
				<control type="button" id="700">
					<texturefocus>osd/buttons/OSDPlaylistFO.png</texturefocus>
					<texturenofocus>osd/buttons/OSDPlaylistNF.png</texturenofocus>
					<label />
					<width>100</width>
					<height>100</height>
					<font />
					<onclick>Close</onclick>
					<onclick>ActivateWindow(MusicPlaylist)</onclick>
				</control>
				<control type="button" id="500">
					<texturefocus>osd/buttons/OSDVizFO.png</texturefocus>
					<texturenofocus>osd/buttons/OSDVizNF.png</texturenofocus>
					<label />
					<width>100</width>
					<height>100</height>
					<font />
				</control>
				<control type="button" id="702">
					<texturefocus>osd/buttons/OSDSettingsFO.png</texturefocus>
					<texturenofocus>osd/buttons/OSDSettingsNF.png</texturenofocus>
					<label />
					<width>100</width>
					<height>100</height>
					<font />
					<onclick>Addon.Default.OpenSettings(xbmc.player.musicviz)</onclick>
					<visible>Visualisation.Enabled</visible>
				</control>
				<control type="button" id="705">
					<texturefocus>osd/buttons/OSDVideoFO.png</texturefocus>
					<texturenofocus>osd/buttons/OSDVideoNF.png</texturenofocus>
					<width>100</width>
					<height>100</height>
					<font />
					<onclick>ActivateWindow(visualisationpresetlist)</onclick>
					<visible>Visualisation.HasPresets</visible>
				</control>
				<control type="button" id="600">
					<texturefocus>osd/buttons/OSDPrevTrackFO.png</texturefocus>
					<texturenofocus>osd/buttons/OSDPrevTrackNF.png</texturenofocus>
					<label />
					<width>100</width>
					<height>100</height>
					<font />
					<onclick>PlayerControl(Previous)</onclick>
				</control>
				<control type="button" id="601">
					<texturefocus>osd/buttons/OSDRewindFO.png</texturefocus>
					<texturenofocus>osd/buttons/OSDRewindNF.png</texturenofocus>
					<label />
					<width>100</width>
					<height>100</height>
					<font />
					<onclick>PlayerControl(Rewind)</onclick>
				</control>
				<control type="togglebutton" id="602">
					<texturefocus>osd/buttons/OSDPauseFO.png</texturefocus>
					<texturenofocus>osd/buttons/OSDPauseNF.png</texturenofocus>
					<alttexturefocus>osd/buttons/OSDPlayFO.png</alttexturefocus>
					<alttexturenofocus>osd/buttons/OSDPlayNF.png</alttexturenofocus>
					<label />
					<altlabel>208</altlabel>
					<width>100</width>
					<height>100</height>
					<font />
					<usealttexture>Player.Paused | Player.Forwarding | Player.Rewinding</usealttexture>
					<onclick>PlayerControl(Play)</onclick>
				</control>
				<control type="button" id="603">
					<texturefocus>osd/buttons/OSDStopFO.png</texturefocus>
					<texturenofocus>osd/buttons/OSDStopNF.png</texturenofocus>
					<label />
					<width>100</width>
					<height>100</height>
					<font />
					<onclick>PlayerControl(Stop)</onclick>
				</control>
				<control type="button" id="604">
					<texturefocus>osd/buttons/OSDForwardFO.png</texturefocus>
					<texturenofocus>osd/buttons/OSDForwardNF.png</texturenofocus>
					<label />
					<width>100</width>
					<height>100</height>
					<font />
					<onclick>PlayerControl(Forward)</onclick>
				</control>
				<control type="button" id="605">
					<texturefocus>osd/buttons/OSDNextTrackFO.png</texturefocus>
					<texturenofocus>osd/buttons/OSDNextTrackNF.png</texturenofocus>
					<label />
					<width>100</width>
					<height>100</height>
					<font />
					<onclick>PlayerControl(Next)</onclick>
				</control>
				<control type="button" id="703">
					<texturefocus>osd/buttons/OSDLyricsFO.png</texturefocus>
					<texturenofocus>osd/buttons/OSDLyricsNF.png</texturenofocus>
					<label />
					<width>100</width>
					<height>100</height>
					<font />
					<onclick>Close</onclick>
					<onclick>RunScript(script.cu.lrclyrics)</onclick>
				</control>
				<control type="togglebutton" id="704">
					<texturefocus>osd/buttons/OSDRandomOffFO.png</texturefocus>
					<texturenofocus>osd/buttons/OSDRandomOffNF.png</texturenofocus>
					<alttexturefocus>osd/buttons/OSDRandomOnFO.png</alttexturefocus>
					<alttexturenofocus>osd/buttons/OSDRandomOnNF.png</alttexturenofocus>
					<label />
					<width>100</width>
					<height>100</height>
					<font />
					<usealttexture>Playlist.IsRandom</usealttexture>
					<onclick>PlayerControl(Random)</onclick>
					<visible>!MusicPartyMode.Enabled</visible>
				</control>
				<control type="button" id="707">
					<width>0.1</width>
					<height>0.1</height>
					<texturefocus />
					<texturenofocus />
					<label>$LOCALIZE[486]$INFO[Playlist.Repeat, : ]</label>
					<font />
					<onclick>PlayerControl(Repeat)</onclick>
					<visible>!MusicPartyMode.Enabled</visible>
				</control>
				<control type="image" id="708">
					<texture>$VAR[MusicOSDRepeatButtonVar]</texture>
					<width>100</width>
					<height>100</height>
					<visible>!MusicPartyMode.Enabled</visible>
				</control>
				<control type="button" id="706">
					<texturefocus>osd/buttons/OSDSkinFO.png</texturefocus>
					<texturenofocus>osd/buttons/OSDSkinNF.png</texturenofocus>
					<label />
					<width>100</width>
					<height>100</height>
					<font />
					<onclick>Dialog.Close(musicosd)</onclick>
					<onclick>ActivateWindow(1120)</onclick>
					<onclick>SetProperty(MusicOSD.Settings,True,home)</onclick>
				</control>
			</control>
			<control type="group">
				<animation effect="fade" end="0" time="200" delay="100" condition="!Player.ShowInfo">WindowClose</animation>
				<visible>!Skin.HasSetting(Disable.MusicVizTime)</visible>
				<top>120</top>
				<control type="image">
					<left>610</left>
					<width>700</width>
					<height>87</height>
					<texture colordiffuse="$VAR[ThemeHomeSystemBarsColor]">submenu_bar.png</texture>
					<visible>!Skin.HasSetting(Enable.ColoredSystemBars)</visible>
				</control>
				<control type="image">
					<left>610</left>
					<width>700</width>
					<height>87</height>
					<texture colordiffuse="$VAR[ThemeHomeSystemBarsColor]">submenu_bar_white.png</texture>
					<visible>Skin.HasSetting(Enable.ColoredSystemBars)</visible>
				</control>
				<control type="image">
					<left>520</left>
					<width>90</width>
					<height>87</height>
					<texture colordiffuse="$VAR[ThemeHomeSystemBarsColor]">submenu_end.png</texture>
					<visible>!Skin.HasSetting(Enable.ColoredSystemBars)</visible>
				</control>
				<control type="image">
					<left>522</left>
					<width>90</width>
					<height>87</height>
					<texture colordiffuse="$VAR[ThemeHomeSystemBarsColor]">submenu_end_white.png</texture>
					<visible>Skin.HasSetting(Enable.ColoredSystemBars)</visible>
				</control>
				<control type="image">
					<left>1310</left>
					<width>90</width>
					<height>87</height>
					<texture colordiffuse="$VAR[ThemeHomeSystemBarsColor]" flipx="true">submenu_end.png</texture>
					<visible>!Skin.HasSetting(Enable.ColoredSystemBars)</visible>
				</control>
				<control type="image">
					<left>1308</left>
					<width>90</width>
					<height>87</height>
					<texture colordiffuse="$VAR[ThemeHomeSystemBarsColor]" flipx="true">submenu_end_white.png</texture>
					<visible>Skin.HasSetting(Enable.ColoredSystemBars)</visible>
				</control>
				<control type="grouplist">
					<left>602</left>
					<width>700</width>
					<height>41</height>
					<align>center</align>
					<orientation>horizontal</orientation>
					<usecontrolcoords>true</usecontrolcoords>
					<control type="image">
						<top>2</top>
						<width>60</width>
						<height>40</height>
						<aspectratio>keep</aspectratio>
						<texture fallback="$VAR[WeatherIconsPathVar]na.png">$VAR[WeatherIconsPathVar]$INFO[Weather.FanartCode,,.png]</texture>
						<visible>Weather.IsFetched + !String.IsEmpty(Weather.Plugin)</visible>
					</control>
					<control type="label">
						<width>auto</width>
						<height>41</height>
						<label>$INFO[Weather.Temperature,,[COLOR white] | [/COLOR]]</label>
						<font>font13_title</font>
						<textcolor>$VAR[ThemeHomeLabelColor]</textcolor>
						<visible>Weather.IsFetched + !String.IsEmpty(Weather.Plugin)</visible>
						<shadowcolor>shadow</shadowcolor>
					</control>
					<control type="label">
						<width>auto</width>
						<height>41</height>
						<label>$INFO[System.Date,[COLOR white], | [/COLOR]]$INFO[System.Time]</label>
						<font>font13_title</font>
						<textcolor>$VAR[ThemeHomeLabelColor]</textcolor>
						<shadowcolor>shadow</shadowcolor>
					</control>
				</control>
			</control>
		</control>
	</controls>
</window>
