<?xml version="1.0" encoding="UTF-8"?>
<window>
	<defaultcontrol always="true">50</defaultcontrol>
	<onload>SetProperty(Window.HasSettings,True,home)</onload>
	<onload>ClearProperty(MediaMenu,Home)</onload>
	<onunload>ClearProperty(Window.HasSettings,Home)</onunload>
	<views>50,51,52,54,55,57,500,501,503,506,609,507,508,592</views>
	<menucontrol>9051</menucontrol>
	<controls>
		<control type="button" id="4400">
			<include>HiddenObject</include>
			<onfocus>Skin.ToggleSetting(Enable.FullscreenMusicFanart)</onfocus>
			<onfocus>ActivateWindow(1113)</onfocus>
			<onleft>50</onleft>
			<onright>50</onright>
			<onup>50</onup>
			<ondown>50</ondown>
			<onclick>50</onclick>
		</control>
		<control type="label" id="4420">
			<label>$VAR[MusicInfoPanelVar]</label>
			<include>HiddenObject</include>
			<visible>Control.IsVisible(52) | Control.IsVisible(54)</visible>
			<include condition="!String.IsEmpty(Skin.String(InfoPanel.Delay))">InfoPanelDelayAnimation</include>
		</control>
		<include>CommonBackground</include>
		<control type="group">
			<visible>Control.IsVisible(52) | Control.IsVisible(54)</visible>
			<top>-30</top>
			<include>ShowCaseMusicInfoPanel</include>
		</control>
		<control type="group">
			<include>WindowOpenCloseAnimation</include>
			<include condition="!Skin.HasSetting(Enable.SlimList)">MusicList</include>
			<include condition="Skin.HasSetting(Enable.SlimList)">SlimMusicList</include>
			<!-- view id = 50 -->
			<include>MusicInfoWall</include>
			<!-- view id = 51 -->
			<include>View_52_Landscape</include>
			<!-- view id = 52 -->
			<include>View_54_ShowCase</include>
			<!-- view id = 54 -->
			<include>MusicTriPanel</include>
			<!-- view id = 55 -->
			<include>AlbumShift</include>
			<!-- view id = 57 -->
			<include>MusicWall</include>
			<!-- view id = 500 -->
			<include>MusicLowList</include>
			<!-- view id = 501 -->
			<include>View_503_Wall</include>
			<!-- view id = 503 -->
			<include>Music_RightList</include>
			<!-- view id = 506 -->
			<include>View_507_BigList</include>
			<!-- view id = 507 -->
			<include>View_508_SongList</include>
			<!-- view id = 508 -->
			<include>View_609_Fullscreen_Wall</include>
			<!-- view id = 609 -->
		</control>
		<control type="group">
			<visible>Control.IsVisible(54) | Control.IsVisible(52) | Control.IsVisible(500) | Control.IsVisible(503) | Control.IsVisible(57)</visible>
			<visible>!Window.IsActive(addoninformation)</visible>
			<animation effect="slide" tween="cubic" time="720" start="0,806" end="0,0">VisibleChange</animation>
			<animation effect="slide" tween="cubic" time="720" start="0,806" end="0,0">WindowOpen</animation>
			<animation effect="slide" tween="cubic" time="720" end="0,806" start="0,0">WindowClose</animation>
			<top>-30</top>
			<control type="group">
				<visible>Control.IsVisible(54) | Control.IsVisible(52) | [Control.IsVisible(503) + Skin.HasSetting(Enable.Wall.AlbumLabels)]</visible>
				<control type="group">
					<left>410</left>
					<top>1010</top>
					<control type="label">
						<width>1100</width>
						<height>48</height>
						<align>center</align>
						<font>font16_title_bold</font>
						<textcolor>white</textcolor>
						<scroll>true</scroll>
						<label>$INFO[ListItem.Label]</label>
						<textoffsetx>30</textoffsetx>
					</control>
					<control type="label">
						<top>45</top>
						<width>1100</width>
						<height>30</height>
						<align>center</align>
						<font>font13_title</font>
						<textcolor>white</textcolor>
						<label>$VAR[FloorLabel2Var]</label>
						<textoffsetx>30</textoffsetx>
					</control>
				</control>
				<control type="group">
					<top>1010</top>
					<width>100%</width>
					<visible>[Container.Content(albums) | Container.Content(songs)]</visible>
					<control type="group">
						<left>120</left>
						<control type="label">
							<left>-10</left>
							<width>155</width>
							<height>90</height>
							<align>center</align>
							<label>$INFO[ListItem.Year]</label>
							<font>font35_title_bold</font>
							<textcolor>white</textcolor>
							<wrapmultiline>true</wrapmultiline>
						</control>
					</control>
					<control type="image">
						<left>1600</left>
						<colordiffuse>white</colordiffuse>
						<width>200</width>
						<fadetime>50</fadetime>
						<include>MediaFlagValues</include>
						<texture fallback="rating0.png">$INFO[ListItem.UserRating,flags/rating/,.png]</texture>
					</control>
				</control>
			</control>
			<control type="group">
				<visible>Control.IsVisible(500) | Control.IsVisible(57)</visible>
				<animation effect="slide" start="0" end="40" time="720" tween="cubic" easing="inout" condition="Control.IsVisible(57)">Conditional</animation>
				<animation effect="slide" tween="cubic" time="720" start="0,806" end="0,0">VisibleChange</animation>
				<control type="group">
					<left>90</left>
					<top>1010</top>
					<control type="label">
						<width>1150</width>
						<height>48</height>
						<font>font16_title_bold</font>
						<textcolor>white</textcolor>
						<scroll>true</scroll>
						<label>$INFO[ListItem.Label]</label>
						<textoffsetx>30</textoffsetx>
					</control>
					<control type="label">
						<top>45</top>
						<width>1100</width>
						<height>30</height>
						<font>font13_title</font>
						<textcolor>white</textcolor>
						<label>$VAR[FloorLabel2Var]</label>
						<textoffsetx>30</textoffsetx>
					</control>
				</control>
				<control type="grouplist">
					<top>1000</top>
					<width>1840</width>
					<height>90</height>
					<align>right</align>
					<orientation>horizontal</orientation>
					<visible>Container.Content(albums) | Container.Content(songs)</visible>
					<control type="image">
						<width>198</width>
						<include>MediaFlagValues</include>
						<texture>$VAR[MediaFlagsPathVar]/audiocodec/$INFO[ListItem.FileExtension,,.png]</texture>
					</control>
					<control type="image">
						<width>198</width>
						<include>MediaFlagValues</include>
						<texture fallback="rating0.png">$INFO[ListItem.UserRating,flags/rating/,.png]</texture>
					</control>
					<control type="label">
						<width>198</width>
						<height>90</height>
						<align>center</align>
						<label fallback="• • • •">$INFO[ListItem.Year]</label>
						<font>font35_title_bold</font>
						<textcolor>white</textcolor>
						<wrapmultiline>true</wrapmultiline>
					</control>
				</control>
			</control>
		</control>
		<control type="image">
			<top>970</top>
			<width>100%</width>
			<height>140</height>
			<texture border="1">gradient_floor.png</texture>
			<visible>Control.IsVisible(52) | Control.IsVisible(54) | Control.IsVisible(57) | Control.IsVisible(500)</visible>
		</control>
		<include condition="!Skin.HasSetting(Disable.ScrollLabel)">ScrollOffsetLabel</include>
		<include>Topbar</include>
		<control type="group">
			<left>-440</left>
			<include>SideBladeLeft</include>
			<control type="grouplist" id="9050">
				<include>MediaMenuTop</include>
				<control type="button" id="6051">
					<description>Show Info Toggle</description>
					<textwidth>255</textwidth>
					<include>ButtonCommonValues</include>
					<label>$LOCALIZE[31018]</label>
					<label2>[COLOR $VAR[ThemeLabelColor]]$VAR[InfoPanelLabelVar][/COLOR]</label2>
					<onclick condition="Control.IsVisible(52)">$VAR[52MusicInfoPanelVar]</onclick>
					<onclick condition="Control.IsVisible(54)">$VAR[54MusicInfoPanelVar]</onclick>
					<visible>Control.IsVisible(52) | Control.IsVisible(54)</visible>
					<visible>Container.Content(albums) | Container.Content(artists)</visible>
				</control>
				<control type="button" id="201">
					<description>View options</description>
					<textwidth>352</textwidth>
					<font>font13_title</font>
					<include>ButtonCommonValues</include>
					<label>31026</label>
					<enable>no</enable>
					<disabledcolor>$VAR[ThemeLabelColor]</disabledcolor>
				</control>
				<control type="button" id="8">
					<description>Search</description>
					<include>ButtonCommonValues</include>
					<label>137</label>
				</control>
				<control type="edit" id="19">
					<visible>Container.CanFilter + !Container.CanFilterAdvanced</visible>
					<description>Filter</description>
					<textwidth>345</textwidth>
					<include>ButtonCommonValues</include>
					<label>587</label>
				</control>
				<control type="button" id="98">
					<visible>Container.CanFilterAdvanced</visible>
					<description>Filter</description>
					<include>ButtonCommonValues</include>
					<label>587</label>
					<onclick>ClearProperty(MediaMenu,Home)</onclick>
					<onclick>SetFocus(50)</onclick>
					<onclick>Filter</onclick>
				</control>
				<control type="button" id="203">
					<description>Actions</description>
					<textwidth>352</textwidth>
					<font>font13_title</font>
					<include>ButtonCommonValues</include>
					<label>31039</label>
					<enable>no</enable>
					<disabledcolor>$VAR[ThemeLabelColor]</disabledcolor>
				</control>
				<control type="togglebutton" id="20">
					<description>Update library</description>
					<include>ButtonCommonValues</include>
					<label>653</label>
					<altlabel>13353</altlabel>
					<usealttexture>library.isscanningmusic</usealttexture>
				</control>
				<control type="button" id="612">
					<description>Go to playlist</description>
					<include>ButtonCommonValues</include>
					<label>13350</label>
					<onclick>ActivateWindow(musicplaylist)</onclick>
					<visible>!String.IsEqual(Playlist.Length(music),0)</visible>
				</control>
				<control type="button" id="613">
					<description>Get more</description>
					<include>ButtonCommonValues</include>
					<label>$LOCALIZE[21452]</label>
					<onclick>ActivateWindow(addonbrowser,addons://more/audio/,return)</onclick>
					<visible>Container.Content(addons)</visible>
				</control>
				<control type="button" id="614">
					<description>Add-on settings</description>
					<include>ButtonCommonValues</include>
					<label>$LOCALIZE[10140]</label>
					<onclick>Addon.OpenSettings($INFO[Container.PluginName])</onclick>
					<visible>!String.IsEmpty(Container.PluginName)</visible>
				</control>
				<control type="button" id="16">
					<description>PartyMode</description>
					<label>589</label>
					<include>ButtonCommonValues</include>
					<label2>[COLOR $VAR[ThemeLabelColor]]$VAR[MyMusicNavMusicPartyModeLabelVar][/COLOR]</label2>
				</control>
				<control type="button" id="6121">
					<description>Shuffle music</description>
					<textwidth>255</textwidth>
					<include>ButtonCommonValues</include>
					<label>$LOCALIZE[191]</label>
					<label2>[COLOR $VAR[ThemeLabelColor]]$VAR[MyMusicNavRandomButtonLabelVar][/COLOR]</label2>
					<onclick>PlayerControl(Random)</onclick>
					<visible>!String.IsEqual(Playlist.Length(music),0) + !MusicPartyMode.Enabled + Player.HasAudio + Player.Playing</visible>
				</control>
				<control type="button" id="6122">
					<description>Enable fullscreen</description>
					<include>ButtonCommonValues</include>
					<label>$LOCALIZE[244]</label>
					<onclick>ClearProperty(MediaMenu,Home)</onclick>
					<onclick>fullscreen</onclick>
					<visible>Player.HasMedia</visible>
				</control>
			</control>
		</control>
		<!-- Fullscreen Fanart -->
		<control type="image">
			<include>FullscreenDimensions</include>
			<texture>black.png</texture>
			<animation effect="fade" time="250">Visible</animation>
			<visible>Skin.HasSetting(Enable.FullscreenMusicFanart) + Window.IsActive(1113)</visible>
		</control>
		<control type="multiimage">
			<imagepath background="true">$VAR[GlobalBackgroundVar]</imagepath>
			<include condition="String.IsEqual(Skin.String(FanartTimePerImage),5)">FanartTimePerImage5</include>
			<include condition="String.IsEqual(Skin.String(FanartTimePerImage),6)">FanartTimePerImage6</include>
			<include condition="String.IsEmpty(Skin.String(FanartTimePerImage))">FanartTimePerImage7</include>
			<include condition="String.IsEqual(Skin.String(FanartTimePerImage),8)">FanartTimePerImage8</include>
			<include condition="String.IsEqual(Skin.String(FanartTimePerImage),9)">FanartTimePerImage9</include>
			<include condition="String.IsEqual(Skin.String(FanartTimePerImage),10)">FanartTimePerImage10</include>
			<include condition="String.IsEqual(Skin.String(FanartTimePerImage),15)">FanartTimePerImage15</include>
			<include condition="String.IsEqual(Skin.String(FanartTimePerImage),20)">FanartTimePerImage20</include>
			<include condition="String.IsEqual(Skin.String(FanartTimePerImage),30)">FanartTimePerImage30</include>
			<include condition="String.IsEqual(Skin.String(FanartTimePerImage),60)">FanartTimePerImage60</include>
			<include condition="String.IsEqual(Skin.String(FanartTimePerImage),90)">FanartTimePerImage90</include>
			<animation effect="fade" time="500">Visible</animation>
			<visible>Skin.HasSetting(Enable.FullscreenMusicFanart) + Window.IsActive(1113)</visible>
		</control>
	</controls>
</window>