<?xml version="1.0" encoding="UTF-8"?>
<window>
	<defaultcontrol always="true">22</defaultcontrol>
	<coordinates>
		<system>1</system>
		<left>199</left>
		<top>180</top>
	</coordinates>
	<include>DialogOpenCloseAnimation</include>
	<controls>
		<control type="group">
			<visible>!Window.IsVisible(smartplaylistrule)</visible>
			<include>VisibleFadeAnimation</include>
			<control type="image">
				<description>background image</description>
				<width>1522</width>
				<height>720</height>
				<texture border="40">dialogs/default/bg.png</texture>
			</control>
			<control type="label" id="2">
				<description>header label</description>
				<left>30</left>
				<top>32</top>
				<width>1462</width>
				<height>40</height>
				<font>font15_title</font>
				<label>21432</label>
				<align>center</align>
				<textcolor>dialogheader</textcolor>
			</control>
			<control type="image">
				<left>30</left>
				<top>86</top>
				<width>1140</width>
				<height>602</height>
				<texture border="5">dialogs/default/inner.png</texture>
			</control>
			<!-- left group-->
			<control type="group" id="9002">
				<control type="button" id="22">
					<description>Set Playlist type</description>
					<left>31</left>
					<top>88</top>
					<width>1138</width>
					<label>467</label>
					<onright>9001</onright>
					<onleft>9001</onleft>
					<onup>23</onup>
					<ondown>12</ondown>
				</control>
				<control type="edit" id="12">
					<description>Name Button</description>
					<left>31</left>
					<top>148</top>
					<width>1138</width>
					<height>60</height>
					<label />
					<onup>22</onup>
					<onleft>9001</onleft>
					<onright>9001</onright>
					<ondown>10</ondown>
					<hinttext>21433</hinttext>
				</control>
				<control type="button">
					<description>rules label</description>
					<left>31</left>
					<top>208</top>
					<width>1138</width>
					<label>21434</label>
					<disabledcolor>$VAR[ThemeLabelColor]</disabledcolor>
					<enable>no</enable>
					<texturefocus />
				</control>
				<control type="image">
					<left>858</left>
					<top>268</top>
					<width>2</width>
					<height>179</height>
					<texture border="1">separator3.png</texture>
				</control>
				<control type="panel" id="10">
					<description>Rules List Control</description>
					<left>31</left>
					<top>268</top>
					<width>828</width>
					<height>180</height>
					<onup>12</onup>
					<onleft>9000</onleft>
					<onright>9000</onright>
					<ondown>16</ondown>
					<itemlayout width="828" height="60">
						<control type="image">
							<width>828</width>
							<height>60</height>
							<texture border="1">separator2.png</texture>
						</control>
						<control type="label">
							<width>828</width>
							<height>60</height>
							<textoffsetx>15</textoffsetx>
							<info>ListItem.Label</info>
							<textcolor>grey2</textcolor>
							<selectedcolor>$VAR[ThemeLabelColor]</selectedcolor>
							<font>font14</font>
						</control>
					</itemlayout>
					<focusedlayout width="828" height="68">
						<control type="image">
							<width>828</width>
							<height>60</height>
							<texture border="1">separator2.png</texture>
						</control>
						<control type="image">
							<width>828</width>
							<height>60</height>
							<texture colordiffuse="$VAR[HighlightBarColor]" border="4">listselect_fo.png</texture>
							<include>VisibleFadeAnimation</include>
						</control>
						<control type="label">
							<width>828</width>
							<height>60</height>
							<textoffsetx>15</textoffsetx>
							<info>ListItem.Label</info>
							<selectedcolor>$VAR[ThemeLabelColor]</selectedcolor>
							<font>font14</font>
						</control>
					</focusedlayout>
				</control>
				<control type="grouplist" id="9000">
					<left>859</left>
					<top>268</top>
					<width>310</width>
					<height>180</height>
					<onup>9000</onup>
					<onleft>10</onleft>
					<onright>9001</onright>
					<ondown>9000</ondown>
					<control type="button" id="13">
						<description>Add Rule Button</description>
						<width>310</width>
						<label>15019</label>
						<font>font15</font>
					</control>
					<control type="button" id="14">
						<description>Remove Rule Button</description>
						<width>310</width>
						<label>1210</label>
						<font>font15</font>
					</control>
					<control type="button" id="15">
						<description>Edit Rule Button</description>
						<width>310</width>
						<label>21435</label>
						<font>font15</font>
					</control>
				</control>
				<control type="button" id="16">
					<left>31</left>
					<top>448</top>
					<width>1138</width>
					<height>60</height>
					<label>21424</label>
					<onright>9001</onright>
					<onleft>9001</onleft>
					<onup>10</onup>
					<ondown>17</ondown>
				</control>
				<control type="button" id="17">
					<left>31</left>
					<top>508</top>
					<width>1138</width>
					<height>60</height>
					<label>21427</label>
					<onright>9001</onright>
					<onleft>9001</onleft>
					<onup>16</onup>
					<ondown>18</ondown>
				</control>
				<control type="image">
					<left>858</left>
					<top>568</top>
					<width>2</width>
					<height>119</height>
					<texture border="1">separator3.png</texture>
				</control>
				<control type="button" id="18">
					<left>31</left>
					<top>568</top>
					<width>828</width>
					<height>60</height>
					<label>21429</label>
					<onright>19</onright>
					<onleft>19</onleft>
					<onup>17</onup>
					<ondown>23</ondown>
				</control>
				<control type="button" id="19">
					<left>859</left>
					<top>568</top>
					<width>310</width>
					<height>60</height>
					<align>center</align>
					<onright>9001</onright>
					<onleft>18</onleft>
					<onup>17</onup>
					<ondown>24</ondown>
				</control>
				<control type="button" id="23">
					<left>31</left>
					<top>628</top>
					<width>828</width>
					<height>60</height>
					<label>21458</label>
					<onright>24</onright>
					<onleft>24</onleft>
					<onup>18</onup>
					<ondown>22</ondown>
				</control>
				<control type="radiobutton" id="24">
					<left>859</left>
					<top>628</top>
					<width>310</width>
					<height>60</height>
					<align>center</align>
					<label>21459</label>
					<onright>9001</onright>
					<onleft>23</onleft>
					<onup>19</onup>
					<ondown>22</ondown>
				</control>
			</control>
			<!-- right group -->
			<control type="group">
				<left>1182</left>
				<top>88</top>
				<control type="image">
					<left>-1</left>
					<top>-2</top>
					<width>312</width>
					<height>602</height>
					<texture border="5">dialogs/default/inner.png</texture>
				</control>
				<control type="grouplist" id="9001">
					<onup>9001</onup>
					<onleft>9002</onleft>
					<onright>9002</onright>
					<ondown>9001</ondown>
					<control type="button" id="20">
						<description>Ok Button</description>
						<width>310</width>
						<label>186</label>
					</control>
					<control type="button" id="21">
						<description>Cancel Button</description>
						<width>310</width>
						<label>222</label>
					</control>
				</control>
			</control>
		</control>
	</controls>
</window>